Path,Bytes,SHA256,Origin
.gitattributes,8,705fd4d6451a31d36b3df7de96f83f30ac976c9b4a6d1e51671d8e2f33e2d0da,preserve published snapshot and CSV checksum bytes
.gitignore,11,57f13b9feaed217a98a14314c69242d7a0b9c8fe14249fbadcf5010d53c3753f,publication packaging boundary
README.md,13471,ad96c36bafdbd0b5cea1bbe9c6d2fc4ce76bdd877788f991ca67260e83da7002,new user-requested review/optimization document
优化讨论与建议.md,7739,7e8b8b7c3416d75bf563dfafd41c7993b3359ad19dc3ecfecd1e36013a751dc1,new user-requested review/optimization document
历史方案/E3_E2_论文返修实验_Codex执行提示词.md,23572,a7f7c475e2d3fbe50e5a30ae1cb180a4a19b3f124c734404433a532a6537691f,classified documentation
历史方案/README-review.md,1089,2d0826a91375999d3365cb2028ccdcb56e1035a887a84030a521214b1abbc327,classified documentation
历史方案/剩余实验操作大纲.md,7365,3e48b9d53f3f3436867836f8c1470093ca4c5dc9a7f350a8f8509271b6fa129f,classified documentation
历史方案/审稿意见汇总与论文修改方案.md,49149,4124a7e5c222aa9e70ad9928daabedc83221ff53a685f2c8673a633b4fa7bc5d,classified documentation
实验结果下载说明.md,3141,d34bbafa8f744fb03f65361771e6017e6b25dabca3d32d653599df23958aae52,updated project navigation
实验结果总索引.md,1710,aaaf1242f8e0ef780294b3ed66572cba04633ab1f42dfcbbf70aeffa53562d0f,updated project navigation
审查差异/22b92d7.patch,236767,3dc5dd850ec6f59196ab9d24fdd24ca4134c5c855377f127a3ed1a268ce4ddb9,Git per-commit patch
审查差异/742ab7a.patch,14315,040b29165e892259a43dfa263fb9b12b33f97ac3121c3933ae140bfedef07019,Git per-commit patch
审查差异/8bbe62c.patch,53913,dd18a0972f0dd4356e14c7a8e79583062b91c610c1e77c301a343640aee4f056,Git per-commit patch
审稿意见原文/Review295.txt,646,cc0757e87c92718be8e3f353c32c2192a36f9d75757abb7e75c44f78f3c1a767,user-provided reviewer file
审稿意见原文/Review296.txt,1288,eddae78bb6e47cae33c0d15fc29d5cd1526590af10fbd7bbf424421e7b5e01ff,user-provided reviewer file
审稿意见原文/Review297.txt,578,f9ade994a81ab021f8326ee96222afb4aa2a8d98b2c5b823d4ebd498c990c6dd,user-provided reviewer file
审稿问题/Review295/01_贡献与相关工作/README.md,2474,b4b9b5934008ca1250f88d7fd7308fdafe3961ef499593841ce534e892c3423a,comment-response evidence mapping
审稿问题/Review295/02_英文与技术术语/README.md,1672,c5d7b77838adfb79f04cfa43b1d74c110662ed298a70dd301acd82bec841cc0f,comment-response evidence mapping
审稿问题/Review296/01_参数依据与敏感性/README.md,2677,cf8b35188d2a8013fab10d83879e13ef4d7008f2b0bcc9f661eac20f7796add8,comment-response evidence mapping
审稿问题/Review296/02_编队规模与NLOS强度/README.md,2781,374e24b999a2049c7356d68c442ae3108e38a44ef9d79cca199594a86b7f014b,comment-response evidence mapping
审稿问题/Review296/03_健康误隔离与恢复/README.md,3432,4bc4a581dd0c8b065c72076283ff3c00dcc45b1bad9eac046855e04f83a4c598,comment-response evidence mapping
审稿问题/Review296/04_计算性能与收敛/README.md,2577,0a97c754720406046cb021239e40d97732989236a5f07fbffb5f1fe5675d7bc8,comment-response evidence mapping
审稿问题/Review296/05_图示解释与流程复现/README.md,2597,ac9d356641c534b6c70f6a9d34c0845d4d82df0347ee1e107b54b33828d77c35,comment-response evidence mapping
审稿问题/Review297/01_缩写首次展开/README.md,1559,8dfeeb79de96c16b5471f9cf3a587c11784143e8088713893ed4330232243259,comment-response evidence mapping
审稿问题/Review297/02_最新相关文献/README.md,1717,ef60c0d41f718ae4e65168133aa8f48fb29f64f498fe5d8d43d133712610be73,comment-response evidence mapping
审稿问题/Review297/03_逐点列出贡献/README.md,1872,c85b029e9fbe5e3cd1e5c0240790239c5872208157bba455b8ac70d63fc2f7d8,comment-response evidence mapping
审稿问题/Review297/04_图中文字与版面/README.md,2132,24ab3ca9cf5646a92d3674787dd28456bc872a18835761a401eac676c360e012,comment-response evidence mapping
审稿问题/Review297/05_参考文献2页码/README.md,1602,4a58de937bc56fbc79b33ef7ace055be3f0770d8c8dc980a494d667128a69ae0,comment-response evidence mapping
审稿问题与实验证据对照.md,4462,a930b39083f720d83ca01294e2840e03c388fbaa084a7686365adaaffe8673b8,complete twelve-comment index
整理核查.json,1169,af861c48a0b3d983046434805a9f314becf6158042fa99ee25d156a95ee6e2e1,handoff QA
源码UTF8阅读副本/code/atti_cal_cq_modi.m,4632,ec0708030e7aecc7f2027279c4fed5628a0dba3ec27344ebebfe3fa50e8f14b5,GB18030-compatible decode of published source; UTF-8 reading copy
源码UTF8阅读副本/code/distance_cal.m,714,ffb05f6038116e8df9f1a6f75970f61f06d0182fa23d5cebd851d37e2a554a09,GB18030-compatible decode of published source; UTF-8 reading copy
源码UTF8阅读副本/code/imu_err_random.m,2395,cecfb406dab7c34b26f0d0146e02871d1d233f6b8cf8b9e49482941298c1c79e,GB18030-compatible decode of published source; UTF-8 reading copy
源码UTF8阅读副本/code/IMUout.m,3419,34e92db5b6ef70e55b381a03e5b198740d01a3ce6ad48b563ad2692706f5671e,GB18030-compatible decode of published source; UTF-8 reading copy
源码UTF8阅读副本/code/kalm_factor_init.m,2852,9f9ead73e45b3e5264237d27d9a35e9a303cde27f8e5bbe1f5e1436300b37116,GB18030-compatible decode of published source; UTF-8 reading copy
源码UTF8阅读副本/code/kalm_factor_measure_update.m,2139,0efd1aac63fed63cb2ef9ea6aa17efa93022a7a02c79f3aa93277d275ac6b4ec,GB18030-compatible decode of published source; UTF-8 reading copy
源码UTF8阅读副本/code/kalm_factor_time_update.m,4495,4af6559de41006426888a348887cffd5ef4912c128705b22dc74108c2770cbb8,GB18030-compatible decode of published source; UTF-8 reading copy
源码UTF8阅读副本/code/kalm_modi.m,2891,e491f58012fed7c776b1c62d0e258a2a66b24dd3f3dd5c79621ce76884de6566,GB18030-compatible decode of published source; UTF-8 reading copy
源码UTF8阅读副本/code/posi_cal.m,1173,602b3e0b3aba7682d2453e8006d4de890adb402e5b824080510e0f52612f8152,GB18030-compatible decode of published source; UTF-8 reading copy
源码UTF8阅读副本/code/posi_out.m,1082,535fe43410f18e4785675d45ee252ac3bafc904f01105821e365e4f3e8f4b67d,GB18030-compatible decode of published source; UTF-8 reading copy
源码UTF8阅读副本/code/posical_enu.m,697,17d731f286db72db9fc897bb2c7130bddfaae8a47a7456308ee14c0f1a379959,GB18030-compatible decode of published source; UTF-8 reading copy
源码UTF8阅读副本/code/posical_xyz.m,544,b619fd39ce215e0ecb5fab2b9167a18dbcf3064dcd124f51baa446a58c2e400d,GB18030-compatible decode of published source; UTF-8 reading copy
源码UTF8阅读副本/code/residual_cal.m,597,6c9189ec8ccd83ee9c68a052e19b125939ab2d77322a56482f7c602627e493a7,GB18030-compatible decode of published source; UTF-8 reading copy
源码UTF8阅读副本/code/trace.m,4060,bf68623ebd748b8e6a7c59d29ec245102c3fcd516c5f3f1eaf4628bb2e6c72e6,GB18030-compatible decode of published source; UTF-8 reading copy
源码UTF8阅读副本/code/velo_cal.m,1949,6ef7cb56ea85d22afc0ac0de105236e0affb6555731968b75910c4b9e6c34db4,GB18030-compatible decode of published source; UTF-8 reading copy
源码UTF8阅读副本/code/veloN0.m,1078,82bc594e856a02b6233a66a26a222902e7a9adaaf1bdb39fbf88058b6caa5eb3,GB18030-compatible decode of published source; UTF-8 reading copy
源码编码说明.md,2361,42af7d8d3185cb2ee1048163bc20dd486b44b599fd2bcccf39e05d80529e7d44,legacy source encoding explanation
结果/2026-10-03_E1_E4_E5_revision/E1_VALIDATED.json,358,f20cce1e6056345b70719ac36ad97fe4779877065c5632c474e55e3c5cbccd37,existing accepted review ZIP
结果/2026-10-03_E1_E4_E5_revision/E1_参数敏感性结果.md,5915,62c179bd7c9bec8e6b6377dd41dcca7b97bafc47cd44e76c53535557cb287050,existing accepted review ZIP
结果/2026-10-03_E1_E4_E5_revision/E4_VALIDATED.json,353,8f2c117f80fadf12bd488d6e74f673282754c515318eeb1ee2e6519ab958e602,existing accepted review ZIP
结果/2026-10-03_E1_E4_E5_revision/E4_计算性能与收敛结果.md,6906,6d226db1eff735895498d36d44fcd2104bd3f9630ce6eadf42feed98327a6c67,existing accepted review ZIP
结果/2026-10-03_E1_E4_E5_revision/E5_VALIDATED.json,357,79513c8cd41310115b5599f211d699ecb87fc212adeab8518dde3fd9e801e674,existing accepted review ZIP
结果/2026-10-03_E1_E4_E5_revision/E5_机制消融结果.md,1915,a2cb691de08ea322921449dc1232f716dbe67af824deeb0da61df7e697bacfa7,existing accepted review ZIP
结果/2026-10-03_E1_E4_E5_revision/figures/E1_parameter_sensitivity.png,586007,14a0cdb09df0a0733e36a5fce310d3dd8161a2572714045f346d60ba478f6c6e,existing accepted review ZIP
结果/2026-10-03_E1_E4_E5_revision/figures/E1_parameter_sensitivity.svg,63911,b59b425a5f38dd9875e82e189ab1248be516a0c5ad211789b77bccd4748aa6ec,existing accepted review ZIP
结果/2026-10-03_E1_E4_E5_revision/figures/E4_runtime_convergence.png,513323,e4189f8d30c67ca75645409d918d205b8150d59d7861c220b75d4b16d4009e4e,existing accepted review ZIP
结果/2026-10-03_E1_E4_E5_revision/figures/E4_runtime_convergence.svg,65170,072b4cebe59ed2721a40f30939367f76ada1e63a4e3522292b5dda8736963438,existing accepted review ZIP
结果/2026-10-03_E1_E4_E5_revision/figures/E5_mechanism_ablation.png,344941,ace00dc17c0939d6a5d35427e4640afa3704ec6bff0375fe5ba19e4eba120eb4,existing accepted review ZIP
结果/2026-10-03_E1_E4_E5_revision/figures/E5_mechanism_ablation.svg,69341,b1f6688c8037d335c36b9394296eec3b3e9a38b5ac79e82bda4db07a9c764115,existing accepted review ZIP
结果/2026-10-03_E1_E4_E5_revision/frozen_manifest.json,3452,477219dc696ddfcf3a052c329565ef6789d0aaa912d25d770a849799a37a847e,frozen experiment manifest
结果/2026-10-03_E1_E4_E5_revision/provenance/analysis_source_manifest.json,1665,e9726f8abc302d35e6c9fbbe02d6b94a70056b56eae8eeaf8e69a69094290a7e,stage configuration/provenance
结果/2026-10-03_E1_E4_E5_revision/provenance/executed_source_manifest.json,8428,499699ce325dbd86a184494c58094f0c3bab1fefdcd6b42f2ace00970107d515,stage configuration/provenance
结果/2026-10-03_E1_E4_E5_revision/README.md,5176,806d649d3990e1feb6d622021f5e60836b57456e89125225499e65ae4ad898a3,existing accepted review ZIP
结果/2026-10-03_E1_E4_E5_revision/tables/E1/event_seed_summary.csv,113620,a4019a110f3cb274ac30b2c2132cebc99603d4d9ab7d6afde88da34dbac10035,existing stage statistical evidence
结果/2026-10-03_E1_E4_E5_revision/tables/E1/event_summary.csv,9336,45f5d51a376970ebba1dfc823a52e9efcc9c3e0c45732718a87e621bbff92d1e,existing stage statistical evidence
结果/2026-10-03_E1_E4_E5_revision/tables/E1/health_per_seed.csv,552767,b4f5e1f125d345b36c0492688327e1cde6c08d2a1f7e4b096835f0f8e4bdf226,existing stage statistical evidence
结果/2026-10-03_E1_E4_E5_revision/tables/E1/health_summary.csv,21818,5858c5886614b0d5c1f3f8cce57d8cc7df5f117c502700ae8b76b547f4c9550f,existing stage statistical evidence
结果/2026-10-03_E1_E4_E5_revision/tables/E1/metrics_per_seed.csv,628062,4d47e81e0fc646b31a71fbdd3a4d26bc8ad82c68054b2448147d757399904c73,existing stage statistical evidence
结果/2026-10-03_E1_E4_E5_revision/tables/E1/missing_runs.csv,3,f1945cd6c19e56b3c1c78943ef5ec18116907a4ca1efc40a57d48ab1db7adfc5,existing stage statistical evidence
结果/2026-10-03_E1_E4_E5_revision/tables/E1/paired_center_summary.csv,18070,4f30a3a7733028ddf928598f6b9b2ec8943de5555a1f68448138664af86d1162,existing stage statistical evidence
结果/2026-10-03_E1_E4_E5_revision/tables/E1/position_summary.csv,18923,df8f1ba1498a983ae9f83edea07fcdbe5cd04a247ca9f42ac28bdb220552c64f,existing stage statistical evidence
结果/2026-10-03_E1_E4_E5_revision/tables/E1/validation.json,358,f20cce1e6056345b70719ac36ad97fe4779877065c5632c474e55e3c5cbccd37,existing accepted review ZIP
结果/2026-10-03_E1_E4_E5_revision/tables/E4/missing_runs.csv,3,f1945cd6c19e56b3c1c78943ef5ec18116907a4ca1efc40a57d48ab1db7adfc5,existing stage statistical evidence
结果/2026-10-03_E1_E4_E5_revision/tables/E4/position_summary.csv,12850,8b7e7b07f1e4a1a1bf0825aaa296e87d57615f2bd28bbf8a7a0569b72b70bcb3,existing stage statistical evidence
结果/2026-10-03_E1_E4_E5_revision/tables/E4/runtime_summary.csv,51552,ecec4cc1d113e18d2dc8b3131d2bfa6a181b63dd9fc49219fd13bedec9286da0,existing stage statistical evidence
结果/2026-10-03_E1_E4_E5_revision/tables/E4/timing_seeds_per_seed.csv,194727,d3f2d2bc36a5c187926949eee7e8f71d9119096214b96c594ec44e5430b33e17,existing stage statistical evidence
结果/2026-10-03_E1_E4_E5_revision/tables/E4/validation.json,353,8f2c117f80fadf12bd488d6e74f673282754c515318eeb1ee2e6519ab958e602,existing accepted review ZIP
结果/2026-10-03_E1_E4_E5_revision/tables/E5/metrics_per_seed.csv,104636,1f6c3bf2acc0f848df370cc6dd68424ced0f410be40577a0f5743e9326fb1035,existing stage statistical evidence
结果/2026-10-03_E1_E4_E5_revision/tables/E5/missing_runs.csv,3,f1945cd6c19e56b3c1c78943ef5ec18116907a4ca1efc40a57d48ab1db7adfc5,existing stage statistical evidence
结果/2026-10-03_E1_E4_E5_revision/tables/E5/paired_center_differences_per_seed.csv,71653,de2e27fee2677f707aaddf639ce94b962f229624d50b0e2b5c3428b1f99a04ff,existing stage statistical evidence
结果/2026-10-03_E1_E4_E5_revision/tables/E5/paired_center_summary.csv,2724,e6b4ddade6df237e64d71c32d6654fde0e645bac2277ce15337bed513ff0372d,existing stage statistical evidence
结果/2026-10-03_E1_E4_E5_revision/tables/E5/position_summary.csv,3293,f22a694bc8e4160dafc5687c4abf8d03b1754c810b1cfa008a72f64a8769ef77,existing stage statistical evidence
结果/2026-10-03_E1_E4_E5_revision/tables/E5/validation.json,357,79513c8cd41310115b5599f211d699ecb87fc212adeab8518dde3fd9e801e674,existing accepted review ZIP
结果/2026-10-03_E1_E4_E5_revision/validation/delivery_audit.json,12324,54d001e9855a23a934f8a095a82681495094101b8db236eb47072402e9004e54,existing accepted review ZIP
结果/2026-10-03_E1_E4_E5_revision/validation/figure_exports.json,995,80ca989d711fb96763d2256c116f01a480780b84642a3fcf71ccedb41875a465,existing accepted review ZIP
结果/2026-10-03_E1_E4_E5_revision/validation/figure_source_preflight.json,2744,e4f24fc80ced9c7c13ae0c0d2d86c4bf11400454dbf818ec65450a5ecc97a074,existing accepted review ZIP
结果/2026-10-03_E1_E4_E5_revision/validation/figure_visual_qa.json,697,b28da84b813556cc4c13c1389554bcf9ccd480961693bbd4678d721cd3c7fea4,existing accepted review ZIP
结果/2026-10-03_E1_E4_E5_revision/validation/figure_visual_qa.md,1382,6c83c951f6f6c3acec23c0051048293de173aabe68eb86ef4d638a2f3189de80,existing accepted review ZIP
结果/2026-10-03_E1_E4_E5_revision/validation/final_delivery.json,629,647b84499ee27f9946830ffacffe7b979c114e256dc597a3d02df23924e732bd,existing accepted review ZIP
结果/2026-10-03_E1_E4_E5_revision/validation/png_svg_format_validation.json,527,03b2b90ad27bff97d4fdbe5fbc0f513c37a64556becf4818cb78af6b0483b60b,existing accepted review ZIP
结果/2026-10-03_E1_E4_E5_revision/全部Follower与Formation指标.md,22708,046f6d50a26ae41987301b697a6cdc53cfceb74ffdbaf4f410cece57d9a1aa4e,existing accepted review ZIP
结果/2026-10-03_E1_E4_E5_revision/图表与复算索引.md,2855,b87dc44adf45178fd70e920b8c1a238beecae22ec09d5c0b3d5ce9912ae87713,existing accepted review ZIP
结果/2026-10-03_E1_E4_E5_revision/论文返修实验整体验收报告.md,4214,542b3890f1cc82636dc68be9047e7442946f31aa085959ae7daf3c0832e9cf75,existing accepted review ZIP
结果/2026-10-03_E3_E2_revision/E3_E2_实验结果报告.md,27260,e11abe748db3a4be9ff6fda81639ddf8ecc70e9ca3e12f63192dc83618c497e3,existing accepted review ZIP
结果/2026-10-03_E3_E2_revision/E3_VALIDATED.json,629,83aad76bed13f0d9d4dee1dc011676657e21c6291af82f2688e9e80eff1430a6,existing accepted review ZIP
结果/2026-10-03_E3_E2_revision/E3阶段验收.md,2897,1e4f3128f95ef0361c0cf0e8fb750327d9c7ce9838a7b97385fc34ce0a893d4a,existing accepted review ZIP
结果/2026-10-03_E3_E2_revision/figures/E2a_formation_size.png,502990,63090fc6f3392fc36373d2063dd55316c10bd4cdd51102c80b52466e732dfc1e,existing accepted review ZIP
结果/2026-10-03_E3_E2_revision/figures/E2a_formation_size.svg,60817,692d32d52699c09f48deda5f2e00c0b941240d467e419556197691dedd07b002,existing accepted review ZIP
结果/2026-10-03_E3_E2_revision/figures/E2b_NLOS_intensity.png,476499,8252d7822bd0ebd2264b84efae0f4310945729f8f21c5ea9708136e172d33050,existing accepted review ZIP
结果/2026-10-03_E3_E2_revision/figures/E2b_NLOS_intensity.svg,59957,bb104b0a7c083ac70d99a50fb6b5b98ef813f92f0070c960c6ca745fd1ea0f54,existing accepted review ZIP
结果/2026-10-03_E3_E2_revision/figures/E3_healthy_maneuver.png,579651,db55740ed4fb2f041d8c2a5414fabf39950cd5a8aa21843770d8806a95fbfcee,existing accepted review ZIP
结果/2026-10-03_E3_E2_revision/figures/E3_healthy_maneuver.svg,602848,c040e66df64d83ffdbe5e03c49cfc840d59071097067bf4177b37f40fde10665,existing accepted review ZIP
结果/2026-10-03_E3_E2_revision/figures/E3_recovery_failure.png,680333,d52c8478e3ccece0f5c1401625f04023a001f624b570a57840e58e473841585c,existing accepted review ZIP
结果/2026-10-03_E3_E2_revision/figures/E3_recovery_failure.svg,73567,f21efad80d5603f37ae6c063f9602ec6489e5d32132074e29c6fe7c8f00725b9,existing accepted review ZIP
结果/2026-10-03_E3_E2_revision/figures/E3_seed_statistics.png,360191,e103243b598915fa2cde7590c6fa617a3146f8e0f88413b6680b6f16b264df61,existing accepted review ZIP
结果/2026-10-03_E3_E2_revision/figures/E3_seed_statistics.svg,70158,6064c581ecacd6c9060f91d09dda922e952efd68fe04669cec7e6c50d35ae46e,existing accepted review ZIP
结果/2026-10-03_E3_E2_revision/figures/E3_state_chain.png,635852,94d3abe18695f69f3dff4788a4d7df0698a39477f71666527220115369ec3ba6,existing accepted review ZIP
结果/2026-10-03_E3_E2_revision/figures/E3_state_chain.svg,73111,f4e5f25341682e9086bc5cd2917508458bd3150eaa6d4999f9fa4bf8e2bd47db,existing accepted review ZIP
结果/2026-10-03_E3_E2_revision/frozen_manifest.json,4908,15499f19f6b917b952b2758431028a45be6a4cdcadb77902df2b3fe12ecde6d5,frozen experiment manifest
结果/2026-10-03_E3_E2_revision/provenance/effective_config_baseline_3f.json,1315,c77ac50e8cef7ffda48b5de6c6374324772fed275acc2ae3b1efaae3fbff7c92,stage configuration/provenance
结果/2026-10-03_E3_E2_revision/provenance/effective_config_healthy_maneuver.json,1315,c77ac50e8cef7ffda48b5de6c6374324772fed275acc2ae3b1efaae3fbff7c92,stage configuration/provenance
结果/2026-10-03_E3_E2_revision/provenance/effective_config_nlos_strong.json,1317,5048ed98f5738965d5d22eec74e8d87dd0f2ff336290b7d4c688977a748570b5,stage configuration/provenance
结果/2026-10-03_E3_E2_revision/provenance/effective_config_nlos_weak.json,1317,3e9b2ff54052f57cea76eb6328067fc3fe87dda3fb332be843b86e08698f558d,stage configuration/provenance
结果/2026-10-03_E3_E2_revision/provenance/effective_config_size_2f.json,1307,955c774cbb3c82af69ead796a831f9fa83797c9e3b0c5de3f84af29b3df5f870,stage configuration/provenance
结果/2026-10-03_E3_E2_revision/provenance/effective_config_size_5f.json,1332,d090ba88b943d774a6553f6c98cf7b05636045abe16e3eff57fa1069fe663571,stage configuration/provenance
结果/2026-10-03_E3_E2_revision/provenance/executed_source_manifest.json,7983,d9bfe2981f24daefd06d10bed207ef6aaab9810f9c2fbbbd8ca1c5682f1fb545,stage configuration/provenance
结果/2026-10-03_E3_E2_revision/README.md,5357,eb84e4010be2a89ae70b3ec05d92b4bf94cf7e27f640c502f841004c2f361cef,existing accepted review ZIP
结果/2026-10-03_E3_E2_revision/tables/admitted_constraints_per_seed.csv,40240,8933081198bf9360313197d15aaf687595fc54e97b3e82a0e96f4c119516545c,existing stage statistical evidence
结果/2026-10-03_E3_E2_revision/tables/E2/geometry_per_seed.csv,864022,040617b177b03689bc4ccbc6ddad2d3d720aa07c6dd0b30e404ce4f2826a81cb,existing stage statistical evidence
结果/2026-10-03_E3_E2_revision/tables/E2/metrics_per_seed.csv,577122,dd286e491d60b1e42738cbdb6c72ed2fca067d21c2a0d741545f6a1cf5401d16,existing stage statistical evidence
结果/2026-10-03_E3_E2_revision/tables/E2/missing_runs.csv,3,f1945cd6c19e56b3c1c78943ef5ec18116907a4ca1efc40a57d48ab1db7adfc5,existing stage statistical evidence
结果/2026-10-03_E3_E2_revision/tables/E2/paired_differences_per_seed.csv,485557,b023a05b6972152b35d0ba0e689e3c8a8592483ee63e5437df787452f5a550f1,existing stage statistical evidence
结果/2026-10-03_E3_E2_revision/tables/E2/paired_summary.csv,16672,311df36968c1c94450a263d4ed3bbffa239affad8c92619d8a7a3f7205d14955,existing stage statistical evidence
结果/2026-10-03_E3_E2_revision/tables/E2/position_summary.csv,19980,d37bd2550f4a067113f67718f252ee328d10423b77bf03ec063d6f57fcce6ce1,existing stage statistical evidence
结果/2026-10-03_E3_E2_revision/tables/E2/validation.json,629,10334dd2db935a08679df8adeccb4d9a882184895ac60592074ee5eb64a5d7af,existing accepted review ZIP
结果/2026-10-03_E3_E2_revision/tables/E3/event_seed_summary.csv,21401,5fdd57d97ceaa53800fc20b466b6b1cac5eeaef199776a188a8f88c589a180b8,existing stage statistical evidence
结果/2026-10-03_E3_E2_revision/tables/E3/event_summary.csv,3202,a0eaedb963604922ef43ce6a11d6b60e79e9f3d66ca42d34debca3aab148a917,existing stage statistical evidence
结果/2026-10-03_E3_E2_revision/tables/E3/events_per_seed.csv,217830,357a65c89ea3b04dffcfce91fee905402c288ab0f868f192c29a341699953d99,existing stage statistical evidence
结果/2026-10-03_E3_E2_revision/tables/E3/geometry_per_seed.csv,340978,c0da8559dfe72614c8e85c2574ab348ef370bc701efc207ada8ce9c995c1bce7,existing stage statistical evidence
结果/2026-10-03_E3_E2_revision/tables/E3/health_per_seed.csv,101535,930876e38dd8454b9449d28eb93a4e30a3859d4a2f72d94c0c4d5ad10a2f1f47,existing stage statistical evidence
结果/2026-10-03_E3_E2_revision/tables/E3/health_summary.csv,6276,eb7c88b3bc4eab3c42ea9790f6ab7bfe47f3b3b37001b930fc3eed6f8ce64c32,existing stage statistical evidence
结果/2026-10-03_E3_E2_revision/tables/E3/healthy_isolation_episodes.csv,1288,0658a20b9619813d9bb0969ec67b6c26f45356c0408102d0ebd920665da989bd,existing stage statistical evidence
结果/2026-10-03_E3_E2_revision/tables/E3/metrics_per_seed.csv,173715,dbfed550b1d4dd219c65a6e8649df8e6060f9efafbda9852d5c7e1a9e8fc6a0a,existing stage statistical evidence
结果/2026-10-03_E3_E2_revision/tables/E3/missed_isolation_diagnostics.csv,141,0737b0e500d1655d65d41dd29736b1df8b47758636d05cafa604764bf261b21d,existing stage statistical evidence
结果/2026-10-03_E3_E2_revision/tables/E3/missing_runs.csv,3,f1945cd6c19e56b3c1c78943ef5ec18116907a4ca1efc40a57d48ab1db7adfc5,existing stage statistical evidence
结果/2026-10-03_E3_E2_revision/tables/E3/paired_differences_per_seed.csv,129105,f63775e196db203e381e92cf57b01e96c8999cf3ab486e3fd00a2a56c17d2e31,existing stage statistical evidence
结果/2026-10-03_E3_E2_revision/tables/E3/paired_summary.csv,4587,5f2acb84380c7c553eb74731f0d4490001f19f3b082be86450a1ab5410428b6a,existing stage statistical evidence
结果/2026-10-03_E3_E2_revision/tables/E3/position_summary.csv,6029,27bd427403025c88dc38214211c02a36a016a326aa9d46ee8b95170848f368e1,existing stage statistical evidence
结果/2026-10-03_E3_E2_revision/tables/E3/recovery_failure_diagnostics.csv,2299,dd0e43f127c7425f6472d3924ce3732a76ffff8a9f81e73235126b709c65225f,existing stage statistical evidence
结果/2026-10-03_E3_E2_revision/tables/E3/schedules_per_seed.csv,35549,c06e4dbc237e236d976f969f3d4374b00f63d4ed3492a416e7428fd05bbe39e3,existing stage statistical evidence
结果/2026-10-03_E3_E2_revision/tables/E3/validation.json,629,83aad76bed13f0d9d4dee1dc011676657e21c6291af82f2688e9e80eff1430a6,existing accepted review ZIP
结果/2026-10-03_E3_E2_revision/tables/fault_exposure.csv,2051,ca9ad8db45c930d5a84499b0e27d643498f9e9a2dc55f800b0eb73ac2bbaa87c,existing stage statistical evidence
结果/2026-10-03_E3_E2_revision/tables/figure_sources/E3_healthy_maneuver.csv,817416,66ed0bbb44b3ac8dfff51721903cbe60c75e33c2090367fec2d17444f840cf2a,existing stage statistical evidence
结果/2026-10-03_E3_E2_revision/tables/figure_sources/E3_healthy_range_excursion.csv,181009,f1ed1c1edddf7d41a3081554e6cd568f50e987d6c5a4f34cf6c98315aa8d23ab,existing stage statistical evidence
结果/2026-10-03_E3_E2_revision/tables/figure_sources/E3_recovery_failure.csv,30716,18cede8af2f0ba04449c9e28c70af5d902085252f12804c7479f142d77d3337b,existing stage statistical evidence
结果/2026-10-03_E3_E2_revision/tables/figure_sources/E3_state_chain.csv,20976,acfdfcfd3ee006e3b1a42c2b52e01f26c8a64348f476819e86b882b61ad3ba8f,existing stage statistical evidence
结果/2026-10-03_E3_E2_revision/tables/geometry_all_scenarios.csv,1038988,07ec044764619a577ffffeaf8eecf9c145eeb6ece4a7ff065849a1ea24323908,existing stage statistical evidence
结果/2026-10-03_E3_E2_revision/tables/range_dynamics.csv,6816,6b28816304d0314860590b6e6775f330d9333d5f24d577302e3ebd86f8376a2d,existing stage statistical evidence
结果/2026-10-03_E3_E2_revision/validation/delivery_audit.json,2791,00e9d1ac29b5c6a791c522f8cff57250b10feab88f611580e501dfe03deecb57,existing accepted review ZIP
结果/2026-10-03_E3_E2_revision/validation/delivery_audit_at_E3_E2_completion.json,2567,010704deea8af5e2c76b3fc9a15f43492f066484215e20d46fc803dc49ba4f13,existing accepted review ZIP
结果/2026-10-03_E3_E2_revision/validation/figure_exports.json,1913,c46d7a16ad3e57b5b6e71d7c568e3f85642f3fa07b36b51428208bb3012706ac,existing accepted review ZIP
结果/2026-10-03_E3_E2_revision/validation/figure_source_preflight.json,2665,ae7e15918c6e195dfc5f3a65e2b3fd6bbbf28ede1a729c142f30dde8fad32e5c,existing accepted review ZIP
结果/2026-10-03_E3_E2_revision/validation/png_svg_format_validation.json,527,03b2b90ad27bff97d4fdbe5fbc0f513c37a64556becf4818cb78af6b0483b60b,existing accepted review ZIP
结果/2026-10-03_E3_E2_revision/全部Follower定位指标.md,6846,0ccb11d99fef60d52e979e122a7061618882549e01c74171d67f8b5963f6283d,existing accepted review ZIP
结果/2026-10-03_E3_E2_revision/图表与复算索引.md,6061,60ecacaecc00c05c925536198ac52a89f16fd454843d38177a2b19930e2b26b1,existing accepted review ZIP
结果/2026-10-03_GitHub实验结果审阅包/图表格式与发布范围核查.md,1654,0a001c827326dbf805ca3da9b6fc098230f99e99fb21c72f339834dec31bf6a2,existing accepted review ZIP
论文/修订记录/E1_E4_E5_实验结果与修订建议.md,14898,1b212db08ac2689f72504178572c514aab6b5d1a15f0eba2e70e29f06f180bf6,existing accepted review ZIP
论文/修订记录/E3_E2_实验结果与修订建议.md,3877,0279999fdeaf522383a620dbece684431bfbff3f2ec64201796d5eec07356eb2,existing accepted review ZIP
问题证据清单.json,12987,227575c39fc033a47cec03f63c2cc909642f847701fd4a74d34b4d638ae46882,structured evidence mapping
