Scenario,Seed,Follower,MinAdmittedLeaderEdges,MeanAdmittedLeaderEdges,TwoLeaderEpochs,EvaluationEpochs
baseline_3f,1,1,2,2.887179487179487,66,585
baseline_3f,1,2,2,2.841025641025641,93,585
baseline_3f,1,3,2,2.871794871794872,75,585
baseline_3f,2,1,2,2.887179487179487,66,585
baseline_3f,2,2,2,2.852991452991453,86,585
baseline_3f,2,3,2,2.8735042735042735,74,585
baseline_3f,3,1,2,2.8923076923076922,63,585
baseline_3f,3,2,2,2.8495726495726497,88,585
baseline_3f,3,3,2,2.876923076923077,72,585
baseline_3f,4,1,2,2.887179487179487,66,585
baseline_3f,4,2,2,2.8495726495726497,88,585
baseline_3f,4,3,2,2.8735042735042735,74,585
baseline_3f,5,1,2,2.8905982905982905,64,585
baseline_3f,5,2,2,2.181196581196581,479,585
baseline_3f,5,3,2,2.8786324786324786,71,585
baseline_3f,6,1,2,2.8923076923076922,63,585
baseline_3f,6,2,2,2.8495726495726497,88,585
baseline_3f,6,3,2,2.875213675213675,73,585
baseline_3f,7,1,2,2.8957264957264957,61,585
baseline_3f,7,2,2,2.8324786324786326,98,585
baseline_3f,7,3,2,2.875213675213675,73,585
baseline_3f,8,1,2,2.888888888888889,65,585
baseline_3f,8,2,2,2.852991452991453,86,585
baseline_3f,8,3,2,2.876923076923077,72,585
baseline_3f,9,1,2,2.888888888888889,65,585
baseline_3f,9,2,2,2.8512820512820514,87,585
baseline_3f,9,3,2,2.882051282051282,69,585
baseline_3f,10,1,2,2.888888888888889,65,585
baseline_3f,10,2,2,2.8495726495726497,88,585
baseline_3f,10,3,2,2.786324786324786,125,585
baseline_3f,11,1,2,2.887179487179487,66,585
baseline_3f,11,2,2,2.842735042735043,92,585
baseline_3f,11,3,2,2.876923076923077,72,585
baseline_3f,12,1,2,2.8837606837606837,68,585
baseline_3f,12,2,2,2.8495726495726497,88,585
baseline_3f,12,3,2,2.875213675213675,73,585
baseline_3f,13,1,2,2.894017094017094,62,585
baseline_3f,13,2,2,2.8461538461538463,90,585
baseline_3f,13,3,2,2.8803418803418803,70,585
baseline_3f,14,1,2,2.894017094017094,62,585
baseline_3f,14,2,2,2.8512820512820514,87,585
baseline_3f,14,3,2,2.876923076923077,72,585
baseline_3f,15,1,2,2.8923076923076922,63,585
baseline_3f,15,2,2,2.847863247863248,89,585
baseline_3f,15,3,2,2.876923076923077,72,585
baseline_3f,16,1,2,2.8923076923076922,63,585
baseline_3f,16,2,2,2.8461538461538463,90,585
baseline_3f,16,3,2,2.876923076923077,72,585
baseline_3f,17,1,2,2.894017094017094,62,585
baseline_3f,17,2,2,2.847863247863248,89,585
baseline_3f,17,3,2,2.7846153846153845,126,585
baseline_3f,18,1,2,2.181196581196581,479,585
baseline_3f,18,2,2,2.842735042735043,92,585
baseline_3f,18,3,2,2.882051282051282,69,585
baseline_3f,19,1,2,2.8923076923076922,63,585
baseline_3f,19,2,2,2.8461538461538463,90,585
baseline_3f,19,3,2,2.875213675213675,73,585
baseline_3f,20,1,2,2.8974358974358974,60,585
baseline_3f,20,2,2,2.8495726495726497,88,585
baseline_3f,20,3,2,2.876923076923077,72,585
baseline_3f,21,1,2,2.888888888888889,65,585
baseline_3f,21,2,2,2.4444444444444446,325,585
baseline_3f,21,3,2,2.87008547008547,76,585
baseline_3f,22,1,2,2.888888888888889,65,585
baseline_3f,22,2,2,2.4495726495726498,322,585
baseline_3f,22,3,2,2.8786324786324786,71,585
baseline_3f,23,1,2,2.8854700854700854,67,585
baseline_3f,23,2,2,2.8512820512820514,87,585
baseline_3f,23,3,2,2.8786324786324786,71,585
baseline_3f,24,1,2,2.8905982905982905,64,585
baseline_3f,24,2,2,2.8495726495726497,88,585
baseline_3f,24,3,2,2.875213675213675,73,585
baseline_3f,25,1,2,2.8905982905982905,64,585
baseline_3f,25,2,2,2.8461538461538463,90,585
baseline_3f,25,3,2,2.8803418803418803,70,585
baseline_3f,26,1,2,2.894017094017094,62,585
baseline_3f,26,2,2,2.847863247863248,89,585
baseline_3f,26,3,2,2.876923076923077,72,585
baseline_3f,27,1,2,2.2803418803418802,421,585
baseline_3f,27,2,2,2.776068376068376,131,585
baseline_3f,27,3,2,2.8786324786324786,71,585
baseline_3f,28,1,2,2.8905982905982905,64,585
baseline_3f,28,2,2,2.8444444444444446,91,585
baseline_3f,28,3,2,2.876923076923077,72,585
baseline_3f,29,1,2,2.8905982905982905,64,585
baseline_3f,29,2,2,2.847863247863248,89,585
baseline_3f,29,3,2,2.8803418803418803,70,585
baseline_3f,30,1,2,2.8444444444444446,91,585
baseline_3f,30,2,2,2.8290598290598292,100,585
baseline_3f,30,3,2,2.8786324786324786,71,585
baseline_3f,31,1,2,2.8957264957264957,61,585
baseline_3f,31,2,2,2.8444444444444446,91,585
baseline_3f,31,3,2,2.8786324786324786,71,585
baseline_3f,32,1,2,2.888888888888889,65,585
baseline_3f,32,2,2,2.6205128205128205,222,585
baseline_3f,32,3,2,2.8735042735042735,74,585
baseline_3f,33,1,2,2.8564102564102565,84,585
baseline_3f,33,2,2,2.769230769230769,135,585
baseline_3f,33,3,2,2.4324786324786323,332,585
baseline_3f,34,1,2,2.370940170940171,368,585
baseline_3f,34,2,2,2.8547008547008548,85,585
baseline_3f,34,3,2,2.876923076923077,72,585
baseline_3f,35,1,2,2.887179487179487,66,585
baseline_3f,35,2,2,2.8564102564102565,84,585
baseline_3f,35,3,2,2.876923076923077,72,585
baseline_3f,36,1,2,2.888888888888889,65,585
baseline_3f,36,2,2,2.8495726495726497,88,585
baseline_3f,36,3,2,2.875213675213675,73,585
baseline_3f,37,1,2,2.888888888888889,65,585
baseline_3f,37,2,2,2.8512820512820514,87,585
baseline_3f,37,3,2,2.4358974358974357,330,585
baseline_3f,38,1,2,2.8905982905982905,64,585
baseline_3f,38,2,2,2.858119658119658,83,585
baseline_3f,38,3,2,2.7487179487179487,147,585
baseline_3f,39,1,2,2.8905982905982905,64,585
baseline_3f,39,2,2,2.8495726495726497,88,585
baseline_3f,39,3,2,2.876923076923077,72,585
baseline_3f,40,1,2,2.8905982905982905,64,585
baseline_3f,40,2,2,2.206837606837607,464,585
baseline_3f,40,3,2,2.875213675213675,73,585
baseline_3f,41,1,2,2.8905982905982905,64,585
baseline_3f,41,2,2,2.690598290598291,181,585
baseline_3f,41,3,2,2.876923076923077,72,585
baseline_3f,42,1,2,2.8923076923076922,63,585
baseline_3f,42,2,2,2.847863247863248,89,585
baseline_3f,42,3,2,2.7846153846153845,126,585
baseline_3f,43,1,2,2.8923076923076922,63,585
baseline_3f,43,2,2,2.847863247863248,89,585
baseline_3f,43,3,2,2.876923076923077,72,585
baseline_3f,44,1,2,2.8905982905982905,64,585
baseline_3f,44,2,2,2.8461538461538463,90,585
baseline_3f,44,3,2,2.786324786324786,125,585
baseline_3f,45,1,2,2.8905982905982905,64,585
baseline_3f,45,2,2,2.852991452991453,86,585
baseline_3f,45,3,2,2.875213675213675,73,585
baseline_3f,46,1,2,2.888888888888889,65,585
baseline_3f,46,2,2,2.842735042735043,92,585
baseline_3f,46,3,2,2.871794871794872,75,585
baseline_3f,47,1,2,2.8905982905982905,64,585
baseline_3f,47,2,2,2.8512820512820514,87,585
baseline_3f,47,3,2,2.871794871794872,75,585
baseline_3f,48,1,2,2.8905982905982905,64,585
baseline_3f,48,2,2,2.8461538461538463,90,585
baseline_3f,48,3,2,2.8786324786324786,71,585
baseline_3f,49,1,2,2.8923076923076922,63,585
baseline_3f,49,2,2,2.8461538461538463,90,585
baseline_3f,49,3,2,2.875213675213675,73,585
baseline_3f,50,1,2,2.8923076923076922,63,585
baseline_3f,50,2,2,2.852991452991453,86,585
baseline_3f,50,3,2,2.871794871794872,75,585
size_2f,1,1,2,2.8837606837606837,68,585
size_2f,1,2,2,2.8444444444444446,91,585
size_2f,2,1,2,2.887179487179487,66,585
size_2f,2,2,2,2.8547008547008548,85,585
size_2f,3,1,2,2.8923076923076922,63,585
size_2f,3,2,2,2.770940170940171,134,585
size_2f,4,1,2,2.887179487179487,66,585
size_2f,4,2,2,2.847863247863248,89,585
size_2f,5,1,2,2.8923076923076922,63,585
size_2f,5,2,2,2.8461538461538463,90,585
size_2f,6,1,2,2.723076923076923,162,585
size_2f,6,2,2,2.8495726495726497,88,585
size_2f,7,1,2,2.894017094017094,62,585
size_2f,7,2,2,2.8512820512820514,87,585
size_2f,8,1,2,2.8905982905982905,64,585
size_2f,8,2,2,2.847863247863248,89,585
size_2f,9,1,2,2.888888888888889,65,585
size_2f,9,2,2,2.8512820512820514,87,585
size_2f,10,1,2,2.8905982905982905,64,585
size_2f,10,2,2,2.8512820512820514,87,585
size_2f,11,1,2,2.8837606837606837,68,585
size_2f,11,2,2,2.842735042735043,92,585
size_2f,12,1,2,2.888888888888889,65,585
size_2f,12,2,2,2.8495726495726497,88,585
size_2f,13,1,2,2.894017094017094,62,585
size_2f,13,2,2,2.830769230769231,99,585
size_2f,14,1,2,2.7264957264957266,160,585
size_2f,14,2,2,2.852991452991453,86,585
size_2f,15,1,2,2.8923076923076922,63,585
size_2f,15,2,2,2.8461538461538463,90,585
size_2f,16,1,2,2.8923076923076922,63,585
size_2f,16,2,2,2.8393162393162394,94,585
size_2f,17,1,2,2.8957264957264957,61,585
size_2f,17,2,2,2.847863247863248,89,585
size_2f,18,1,2,2.894017094017094,62,585
size_2f,18,2,2,2.8512820512820514,87,585
size_2f,19,1,2,2.8923076923076922,63,585
size_2f,19,2,2,2.8461538461538463,90,585
size_2f,20,1,2,2.9008547008547008,58,585
size_2f,20,2,2,2.847863247863248,89,585
size_2f,21,1,2,2.888888888888889,65,585
size_2f,21,2,2,2.847863247863248,89,585
size_2f,22,1,2,2.8905982905982905,64,585
size_2f,22,2,2,2.8564102564102565,84,585
size_2f,23,1,2,2.8905982905982905,64,585
size_2f,23,2,2,2.4495726495726498,322,585
size_2f,24,1,2,2.852991452991453,86,585
size_2f,24,2,2,2.841025641025641,93,585
size_2f,25,1,2,2.8905982905982905,64,585
size_2f,25,2,2,2.7675213675213675,136,585
size_2f,26,1,2,2.894017094017094,62,585
size_2f,26,2,2,2.8495726495726497,88,585
size_2f,27,1,2,2.894017094017094,62,585
size_2f,27,2,2,2.852991452991453,86,585
size_2f,28,1,2,2.547008547008547,265,585
size_2f,28,2,2,2.8461538461538463,90,585
size_2f,29,1,2,2.8923076923076922,63,585
size_2f,29,2,2,2.847863247863248,89,585
size_2f,30,1,2,2.8905982905982905,64,585
size_2f,30,2,2,2.7675213675213675,136,585
size_2f,31,1,2,2.8957264957264957,61,585
size_2f,31,2,2,2.8495726495726497,88,585
size_2f,32,1,2,2.888888888888889,65,585
size_2f,32,2,2,2.8461538461538463,90,585
size_2f,33,1,2,2.8905982905982905,64,585
size_2f,33,2,2,2.847863247863248,89,585
size_2f,34,1,2,2.887179487179487,66,585
size_2f,34,2,2,2.852991452991453,86,585
size_2f,35,1,2,2.1726495726495725,484,585
size_2f,35,2,2,2.8547008547008548,85,585
size_2f,36,1,2,2.888888888888889,65,585
size_2f,36,2,2,2.8461538461538463,90,585
size_2f,37,1,2,2.888888888888889,65,585
size_2f,37,2,2,2.8564102564102565,84,585
size_2f,38,1,2,2.370940170940171,368,585
size_2f,38,2,2,2.858119658119658,83,585
size_2f,39,1,2,2.888888888888889,65,585
size_2f,39,2,2,2.841025641025641,93,585
size_2f,40,1,2,2.8905982905982905,64,585
size_2f,40,2,2,2.365811965811966,371,585
size_2f,41,1,2,2.8905982905982905,64,585
size_2f,41,2,2,2.8547008547008548,85,585
size_2f,42,1,2,2.8923076923076922,63,585
size_2f,42,2,2,2.847863247863248,89,585
size_2f,43,1,2,2.8923076923076922,63,585
size_2f,43,2,2,2.4461538461538463,324,585
size_2f,44,1,2,2.8923076923076922,63,585
size_2f,44,2,2,2.8461538461538463,90,585
size_2f,45,1,2,2.8905982905982905,64,585
size_2f,45,2,2,2.852991452991453,86,585
size_2f,46,1,2,2.888888888888889,65,585
size_2f,46,2,2,2.847863247863248,89,585
size_2f,47,1,2,2.875213675213675,73,585
size_2f,47,2,2,2.8512820512820514,87,585
size_2f,48,1,2,2.8905982905982905,64,585
size_2f,48,2,2,2.8273504273504275,101,585
size_2f,49,1,2,2.8923076923076922,63,585
size_2f,49,2,2,2.852991452991453,86,585
size_2f,50,1,2,2.8923076923076922,63,585
size_2f,50,2,2,2.8547008547008548,85,585
size_5f,1,1,2,2.887179487179487,66,585
size_5f,1,2,2,2.8444444444444446,91,585
size_5f,1,3,2,2.8735042735042735,74,585
size_5f,1,4,2,2.8923076923076922,63,585
size_5f,1,5,2,2.847863247863248,89,585
size_5f,2,1,2,2.887179487179487,66,585
size_5f,2,2,2,2.8512820512820514,87,585
size_5f,2,3,2,2.8735042735042735,74,585
size_5f,2,4,2,2.887179487179487,66,585
size_5f,2,5,2,2.8495726495726497,88,585
size_5f,3,1,2,2.8923076923076922,63,585
size_5f,3,2,2,2.8444444444444446,91,585
size_5f,3,3,2,2.876923076923077,72,585
size_5f,3,4,2,2.8905982905982905,64,585
size_5f,3,5,2,2.841025641025641,93,585
size_5f,4,1,2,2.887179487179487,66,585
size_5f,4,2,2,2.7948717948717947,120,585
size_5f,4,3,2,2.8735042735042735,74,585
size_5f,4,4,2,2.8923076923076922,63,585
size_5f,4,5,2,2.8461538461538463,90,585
size_5f,5,1,2,2.8923076923076922,63,585
size_5f,5,2,2,2.8461538461538463,90,585
size_5f,5,3,2,2.8786324786324786,71,585
size_5f,5,4,2,2.888888888888889,65,585
size_5f,5,5,2,2.8512820512820514,87,585
size_5f,6,1,2,2.8923076923076922,63,585
size_5f,6,2,2,2.8495726495726497,88,585
size_5f,6,3,2,2.8803418803418803,70,585
size_5f,6,4,2,2.8905982905982905,64,585
size_5f,6,5,2,2.852991452991453,86,585
size_5f,7,1,2,2.8957264957264957,61,585
size_5f,7,2,2,2.623931623931624,220,585
size_5f,7,3,2,2.875213675213675,73,585
size_5f,7,4,2,2.8461538461538463,90,585
size_5f,7,5,2,2.8444444444444446,91,585
size_5f,8,1,2,2.8905982905982905,64,585
size_5f,8,2,2,2.8495726495726497,88,585
size_5f,8,3,2,2.864957264957265,79,585
size_5f,8,4,2,2.894017094017094,62,585
size_5f,8,5,2,2.8495726495726497,88,585
size_5f,9,1,2,2.888888888888889,65,585
size_5f,9,2,2,2.8512820512820514,87,585
size_5f,9,3,2,2.85982905982906,82,585
size_5f,9,4,2,2.8905982905982905,64,585
size_5f,9,5,2,2.8495726495726497,88,585
size_5f,10,1,2,2.888888888888889,65,585
size_5f,10,2,2,2.8512820512820514,87,585
size_5f,10,3,2,2.875213675213675,73,585
size_5f,10,4,2,2.8905982905982905,64,585
size_5f,10,5,2,2.847863247863248,89,585
size_5f,11,1,2,2.887179487179487,66,585
size_5f,11,2,2,2.1794871794871793,480,585
size_5f,11,3,2,2.287179487179487,417,585
size_5f,11,4,2,2.8324786324786326,98,585
size_5f,11,5,2,2.8512820512820514,87,585
size_5f,12,1,2,2.8837606837606837,68,585
size_5f,12,2,2,2.8495726495726497,88,585
size_5f,12,3,2,2.875213675213675,73,585
size_5f,12,4,2,2.8905982905982905,64,585
size_5f,12,5,2,2.847863247863248,89,585
size_5f,13,1,2,2.7555555555555555,143,585
size_5f,13,2,2,2.847863247863248,89,585
size_5f,13,3,2,2.8786324786324786,71,585
size_5f,13,4,2,2.888888888888889,65,585
size_5f,13,5,2,2.8495726495726497,88,585
size_5f,14,1,2,2.8905982905982905,64,585
size_5f,14,2,2,2.8512820512820514,87,585
size_5f,14,3,2,2.876923076923077,72,585
size_5f,14,4,2,2.8974358974358974,60,585
size_5f,14,5,2,2.847863247863248,89,585
size_5f,15,1,2,2.8923076923076922,63,585
size_5f,15,2,2,2.842735042735043,92,585
size_5f,15,3,2,2.876923076923077,72,585
size_5f,15,4,2,2.894017094017094,62,585
size_5f,15,5,2,2.8495726495726497,88,585
size_5f,16,1,2,2.112820512820513,519,585
size_5f,16,2,2,2.6991452991452993,176,585
size_5f,16,3,2,2.876923076923077,72,585
size_5f,16,4,2,2.8923076923076922,63,585
size_5f,16,5,2,2.852991452991453,86,585
size_5f,17,1,2,2.141880341880342,502,585
size_5f,17,2,2,2.8461538461538463,90,585
size_5f,17,3,2,2.4324786324786323,332,585
size_5f,17,4,2,2.887179487179487,66,585
size_5f,17,5,2,2.8547008547008548,85,585
size_5f,18,1,2,2.8957264957264957,61,585
size_5f,18,2,2,2.852991452991453,86,585
size_5f,18,3,2,2.8803418803418803,70,585
size_5f,18,4,2,2.8905982905982905,64,585
size_5f,18,5,2,2.847863247863248,89,585
size_5f,19,1,2,2.8923076923076922,63,585
size_5f,19,2,2,2.8461538461538463,90,585
size_5f,19,3,2,2.876923076923077,72,585
size_5f,19,4,2,2.888888888888889,65,585
size_5f,19,5,2,2.4239316239316238,337,585
size_5f,20,1,2,2.8974358974358974,60,585
size_5f,20,2,2,2.8495726495726497,88,585
size_5f,20,3,2,2.570940170940171,251,585
size_5f,20,4,2,2.8923076923076922,63,585
size_5f,20,5,2,2.8461538461538463,90,585
size_5f,21,1,2,2.888888888888889,65,585
size_5f,21,2,2,2.8461538461538463,90,585
size_5f,21,3,2,2.8735042735042735,74,585
size_5f,21,4,2,2.887179487179487,66,585
size_5f,21,5,2,2.8547008547008548,85,585
size_5f,22,1,2,2.888888888888889,65,585
size_5f,22,2,2,2.8564102564102565,84,585
size_5f,22,3,2,2.8786324786324786,71,585
size_5f,22,4,2,2.8854700854700854,67,585
size_5f,22,5,2,2.847863247863248,89,585
size_5f,23,1,2,2.888888888888889,65,585
size_5f,23,2,2,2.852991452991453,86,585
size_5f,23,3,2,2.876923076923077,72,585
size_5f,23,4,2,2.8923076923076922,63,585
size_5f,23,5,2,2.847863247863248,89,585
size_5f,24,1,2,2.8905982905982905,64,585
size_5f,24,2,2,2.8512820512820514,87,585
size_5f,24,3,2,2.875213675213675,73,585
size_5f,24,4,2,2.8923076923076922,63,585
size_5f,24,5,2,2.8495726495726497,88,585
size_5f,25,1,2,2.8905982905982905,64,585
size_5f,25,2,2,2.8461538461538463,90,585
size_5f,25,3,2,2.8803418803418803,70,585
size_5f,25,4,2,2.8854700854700854,67,585
size_5f,25,5,2,2.4495726495726498,322,585
size_5f,26,1,2,2.8905982905982905,64,585
size_5f,26,2,2,2.8495726495726497,88,585
size_5f,26,3,2,2.8786324786324786,71,585
size_5f,26,4,2,2.8905982905982905,64,585
size_5f,26,5,2,2.769230769230769,135,585
size_5f,27,1,2,2.7264957264957266,160,585
size_5f,27,2,2,2.8547008547008548,85,585
size_5f,27,3,2,2.876923076923077,72,585
size_5f,27,4,2,2.894017094017094,62,585
size_5f,27,5,2,2.8495726495726497,88,585
size_5f,28,1,2,2.8923076923076922,63,585
size_5f,28,2,2,2.8444444444444446,91,585
size_5f,28,3,2,2.882051282051282,69,585
size_5f,28,4,2,2.8854700854700854,67,585
size_5f,28,5,2,2.8444444444444446,91,585
size_5f,29,1,2,2.888888888888889,65,585
size_5f,29,2,2,2.847863247863248,89,585
size_5f,29,3,2,2.8803418803418803,70,585
size_5f,29,4,2,2.562393162393162,256,585
size_5f,29,5,2,2.8444444444444446,91,585
size_5f,30,1,2,2.7658119658119658,137,585
size_5f,30,2,2,2.842735042735043,92,585
size_5f,30,3,2,2.875213675213675,73,585
size_5f,30,4,2,2.8905982905982905,64,585
size_5f,30,5,2,2.4393162393162395,328,585
size_5f,31,1,2,2.8957264957264957,61,585
size_5f,31,2,2,2.847863247863248,89,585
size_5f,31,3,2,2.864957264957265,79,585
size_5f,31,4,2,2.894017094017094,62,585
size_5f,31,5,2,2.4512820512820515,321,585
size_5f,32,1,2,2.888888888888889,65,585
size_5f,32,2,2,2.8461538461538463,90,585
size_5f,32,3,2,2.8735042735042735,74,585
size_5f,32,4,2,2.888888888888889,65,585
size_5f,32,5,2,2.8495726495726497,88,585
size_5f,33,1,2,2.8905982905982905,64,585
size_5f,33,2,2,2.847863247863248,89,585
size_5f,33,3,2,2.8786324786324786,71,585
size_5f,33,4,2,2.8905982905982905,64,585
size_5f,33,5,2,2.847863247863248,89,585
size_5f,34,1,2,2.887179487179487,66,585
size_5f,34,2,2,2.8085470085470083,112,585
size_5f,34,3,2,2.875213675213675,73,585
size_5f,34,4,2,2.888888888888889,65,585
size_5f,34,5,2,2.8393162393162394,94,585
size_5f,35,1,2,2.887179487179487,66,585
size_5f,35,2,2,2.847863247863248,89,585
size_5f,35,3,2,2.786324786324786,125,585
size_5f,35,4,2,2.8905982905982905,64,585
size_5f,35,5,2,2.8495726495726497,88,585
size_5f,36,1,2,2.8905982905982905,64,585
size_5f,36,2,2,2.8461538461538463,90,585
size_5f,36,3,2,2.875213675213675,73,585
size_5f,36,4,2,2.8923076923076922,63,585
size_5f,36,5,2,2.8512820512820514,87,585
size_5f,37,1,2,2.888888888888889,65,585
size_5f,37,2,2,2.181196581196581,479,585
size_5f,37,3,2,2.8803418803418803,70,585
size_5f,37,4,2,2.8923076923076922,63,585
size_5f,37,5,2,2.6974358974358976,177,585
size_5f,38,1,2,2.8923076923076922,63,585
size_5f,38,2,2,2.8615384615384616,81,585
size_5f,38,3,2,2.8786324786324786,71,585
size_5f,38,4,2,2.8923076923076922,63,585
size_5f,38,5,2,2.8444444444444446,91,585
size_5f,39,1,2,2.8923076923076922,63,585
size_5f,39,2,2,2.8495726495726497,88,585
size_5f,39,3,2,2.876923076923077,72,585
size_5f,39,4,2,2.8905982905982905,64,585
size_5f,39,5,2,2.847863247863248,89,585
size_5f,40,1,2,2.8905982905982905,64,585
size_5f,40,2,2,2.8495726495726497,88,585
size_5f,40,3,2,2.875213675213675,73,585
size_5f,40,4,2,2.8923076923076922,63,585
size_5f,40,5,2,2.847863247863248,89,585
size_5f,41,1,2,2.8905982905982905,64,585
size_5f,41,2,2,2.8512820512820514,87,585
size_5f,41,3,2,2.875213675213675,73,585
size_5f,41,4,2,2.8905982905982905,64,585
size_5f,41,5,2,2.6222222222222222,221,585
size_5f,42,1,2,2.8923076923076922,63,585
size_5f,42,2,2,2.847863247863248,89,585
size_5f,42,3,2,2.8735042735042735,74,585
size_5f,42,4,2,2.888888888888889,65,585
size_5f,42,5,2,2.8512820512820514,87,585
size_5f,43,1,2,2.8803418803418803,70,585
size_5f,43,2,2,2.8495726495726497,88,585
size_5f,43,3,2,2.876923076923077,72,585
size_5f,43,4,2,2.8905982905982905,64,585
size_5f,43,5,2,2.847863247863248,89,585
size_5f,44,1,2,2.8923076923076922,63,585
size_5f,44,2,2,2.8461538461538463,90,585
size_5f,44,3,2,2.875213675213675,73,585
size_5f,44,4,2,2.8854700854700854,67,585
size_5f,44,5,2,2.8512820512820514,87,585
size_5f,45,1,2,2.8905982905982905,64,585
size_5f,45,2,2,2.7743589743589743,132,585
size_5f,45,3,2,2.864957264957265,79,585
size_5f,45,4,2,2.8905982905982905,64,585
size_5f,45,5,2,2.8495726495726497,88,585
size_5f,46,1,2,2.888888888888889,65,585
size_5f,46,2,2,2.788034188034188,124,585
size_5f,46,3,2,2.876923076923077,72,585
size_5f,46,4,2,2.882051282051282,69,585
size_5f,46,5,2,2.852991452991453,86,585
size_5f,47,1,2,2.8905982905982905,64,585
size_5f,47,2,2,2.7743589743589743,132,585
size_5f,47,3,2,2.875213675213675,73,585
size_5f,47,4,2,2.8905982905982905,64,585
size_5f,47,5,2,2.852991452991453,86,585
size_5f,48,1,2,2.8905982905982905,64,585
size_5f,48,2,2,2.841025641025641,93,585
size_5f,48,3,2,2.876923076923077,72,585
size_5f,48,4,2,2.887179487179487,66,585
size_5f,48,5,2,2.241025641025641,444,585
size_5f,49,1,2,2.8923076923076922,63,585
size_5f,49,2,2,2.8512820512820514,87,585
size_5f,49,3,2,2.875213675213675,73,585
size_5f,49,4,2,2.888888888888889,65,585
size_5f,49,5,2,2.8512820512820514,87,585
size_5f,50,1,2,2.888888888888889,65,585
size_5f,50,2,2,2.488888888888889,299,585
size_5f,50,3,2,2.8786324786324786,71,585
size_5f,50,4,2,2.8923076923076922,63,585
size_5f,50,5,2,2.8495726495726497,88,585
nlos_weak,1,1,2,2.9196581196581195,47,585
nlos_weak,1,2,2,2.852991452991453,86,585
nlos_weak,1,3,2,2.882051282051282,69,585
nlos_weak,2,1,2,2.899145299145299,59,585
nlos_weak,2,2,2,2.8957264957264957,61,585
nlos_weak,2,3,2,2.8837606837606837,68,585
nlos_weak,3,1,2,2.6085470085470086,229,585
nlos_weak,3,2,2,2.8683760683760684,77,585
nlos_weak,3,3,2,2.888888888888889,65,585
nlos_weak,4,1,2,2.8974358974358974,60,585
nlos_weak,4,2,2,2.894017094017094,62,585
nlos_weak,4,3,2,2.8803418803418803,70,585
nlos_weak,5,1,2,2.904273504273504,56,585
nlos_weak,5,2,2,2.1829059829059827,478,585
nlos_weak,5,3,2,2.9299145299145297,41,585
nlos_weak,6,1,2,2.928205128205128,42,585
nlos_weak,6,2,2,2.8683760683760684,77,585
nlos_weak,6,3,2,2.941880341880342,34,585
nlos_weak,7,1,2,2.935042735042735,38,585
nlos_weak,7,2,2,2.4136752136752135,343,585
nlos_weak,7,3,2,2.8905982905982905,64,585
nlos_weak,8,1,2,2.905982905982906,55,585
nlos_weak,8,2,2,2.9299145299145297,41,585
nlos_weak,8,3,2,2.8974358974358974,60,585
nlos_weak,9,1,2,2.916239316239316,49,585
nlos_weak,9,2,2,2.8905982905982905,64,585
nlos_weak,9,3,2,2.9521367521367523,28,585
nlos_weak,10,1,2,2.9008547008547008,58,585
nlos_weak,10,2,2,2.483760683760684,302,585
nlos_weak,10,3,2,2.3914529914529914,356,585
nlos_weak,11,1,2,2.8957264957264957,61,585
nlos_weak,11,2,2,2.8512820512820514,87,585
nlos_weak,11,3,2,2.9128205128205127,51,585
nlos_weak,12,1,2,2.894017094017094,62,585
nlos_weak,12,2,2,2.87008547008547,76,585
nlos_weak,12,3,2,2.9145299145299144,50,585
nlos_weak,13,1,2,2.4,351,585
nlos_weak,13,2,2,2.858119658119658,83,585
nlos_weak,13,3,2,2.917948717948718,48,585
nlos_weak,14,1,2,2.9504273504273506,29,585
nlos_weak,14,2,2,2.4905982905982906,298,585
nlos_weak,14,3,2,2.916239316239316,49,585
nlos_weak,15,1,2,2.928205128205128,42,585
nlos_weak,15,2,2,2.894017094017094,62,585
nlos_weak,15,3,2,2.894017094017094,62,585
nlos_weak,16,1,2,2.9145299145299144,50,585
nlos_weak,16,2,2,2.8683760683760684,77,585
nlos_weak,16,3,2,2.887179487179487,66,585
nlos_weak,17,1,2,2.9299145299145297,41,585
nlos_weak,17,2,2,2.8837606837606837,68,585
nlos_weak,17,3,2,2.8153846153846156,108,585
nlos_weak,18,1,2,2.1829059829059827,478,585
nlos_weak,18,2,2,2.805128205128205,114,585
nlos_weak,18,3,2,2.9521367521367523,28,585
nlos_weak,19,1,2,2.758974358974359,141,585
nlos_weak,19,2,2,2.85982905982906,82,585
nlos_weak,19,3,2,2.8905982905982905,64,585
nlos_weak,20,1,2,2.5692307692307694,252,585
nlos_weak,20,2,2,2.87008547008547,76,585
nlos_weak,20,3,2,2.9094017094017093,53,585
nlos_weak,21,1,2,2.9008547008547008,58,585
nlos_weak,21,2,2,2.483760683760684,302,585
nlos_weak,21,3,2,2.8786324786324786,71,585
nlos_weak,22,1,2,2.9025641025641025,57,585
nlos_weak,22,2,2,2.4871794871794872,300,585
nlos_weak,22,3,2,2.917948717948718,48,585
nlos_weak,23,1,2,2.9196581196581195,47,585
nlos_weak,23,2,2,2.899145299145299,59,585
nlos_weak,23,3,2,2.911111111111111,52,585
nlos_weak,24,1,2,2.904273504273504,56,585
nlos_weak,24,2,2,2.4581196581196583,317,585
nlos_weak,24,3,2,2.8837606837606837,68,585
nlos_weak,25,1,2,2.921367521367521,46,585
nlos_weak,25,2,2,2.858119658119658,83,585
nlos_weak,25,3,2,2.2717948717948717,426,585
nlos_weak,26,1,2,2.948717948717949,30,585
nlos_weak,26,2,2,2.8905982905982905,64,585
nlos_weak,26,3,2,2.8923076923076922,63,585
nlos_weak,27,1,2,2.1145299145299146,518,585
nlos_weak,27,2,2,2.5145299145299145,284,585
nlos_weak,27,3,2,2.8923076923076922,63,585
nlos_weak,28,1,2,2.9094017094017093,53,585
nlos_weak,28,2,2,2.858119658119658,83,585
nlos_weak,28,3,2,2.864957264957265,79,585
nlos_weak,29,1,2,2.904273504273504,56,585
nlos_weak,29,2,2,2.8632478632478633,80,585
nlos_weak,29,3,2,2.9196581196581195,47,585
nlos_weak,30,1,2,2.852991452991453,86,585
nlos_weak,30,2,2,2.818803418803419,106,585
nlos_weak,30,3,2,2.8905982905982905,64,585
nlos_weak,31,1,2,2.825641025641026,102,585
nlos_weak,31,2,2,2.85982905982906,82,585
nlos_weak,31,3,2,2.9145299145299144,50,585
nlos_weak,32,1,2,2.9008547008547008,58,585
nlos_weak,32,2,2,2.635897435897436,213,585
nlos_weak,32,3,2,2.887179487179487,66,585
nlos_weak,33,1,2,2.87008547008547,76,585
nlos_weak,33,2,2,2.786324786324786,125,585
nlos_weak,33,3,2,2.437606837606838,329,585
nlos_weak,34,1,2,2.376068376068376,365,585
nlos_weak,34,2,2,2.381196581196581,362,585
nlos_weak,34,3,2,2.471794871794872,309,585
nlos_weak,35,1,2,2.8974358974358974,60,585
nlos_weak,35,2,2,2.8444444444444446,91,585
nlos_weak,35,3,2,2.911111111111111,52,585
nlos_weak,36,1,2,2.905982905982906,55,585
nlos_weak,36,2,2,2.887179487179487,66,585
nlos_weak,36,3,2,2.888888888888889,65,585
nlos_weak,37,1,2,2.904273504273504,56,585
nlos_weak,37,2,2,2.958974358974359,24,585
nlos_weak,37,3,2,2.442735042735043,326,585
nlos_weak,38,1,2,2.9094017094017093,53,585
nlos_weak,38,2,2,2.9196581196581195,47,585
nlos_weak,38,3,2,2.3401709401709403,386,585
nlos_weak,39,1,2,2.933333333333333,39,585
nlos_weak,39,2,2,2.8666666666666667,78,585
nlos_weak,39,3,2,2.887179487179487,66,585
nlos_weak,40,1,2,2.9316239316239314,40,585
nlos_weak,40,2,2,2.213675213675214,460,585
nlos_weak,40,3,2,2.8905982905982905,64,585
nlos_weak,41,1,2,2.5863247863247865,242,585
nlos_weak,41,2,2,2.6854700854700853,184,585
nlos_weak,41,3,2,2.835897435897436,96,585
nlos_weak,42,1,2,2.9076923076923076,54,585
nlos_weak,42,2,2,2.8615384615384616,81,585
nlos_weak,42,3,2,2.2717948717948717,426,585
nlos_weak,43,1,2,2.9316239316239314,40,585
nlos_weak,43,2,2,2.8854700854700854,67,585
nlos_weak,43,3,2,2.9196581196581195,47,585
nlos_weak,44,1,2,2.9076923076923076,54,585
nlos_weak,44,2,2,2.85982905982906,82,585
nlos_weak,44,3,2,2.8324786324786326,98,585
nlos_weak,45,1,2,2.905982905982906,55,585
nlos_weak,45,2,2,2.904273504273504,56,585
nlos_weak,45,3,2,2.916239316239316,49,585
nlos_weak,46,1,2,2.904273504273504,56,585
nlos_weak,46,2,2,2.348717948717949,381,585
nlos_weak,46,3,2,2.8854700854700854,67,585
nlos_weak,47,1,2,2.917948717948718,48,585
nlos_weak,47,2,2,2.894017094017094,62,585
nlos_weak,47,3,2,2.887179487179487,66,585
nlos_weak,48,1,2,2.911111111111111,52,585
nlos_weak,48,2,2,2.864957264957265,79,585
nlos_weak,48,3,2,2.9128205128205127,51,585
nlos_weak,49,1,2,2.928205128205128,42,585
nlos_weak,49,2,2,2.664957264957265,196,585
nlos_weak,49,3,2,2.887179487179487,66,585
nlos_weak,50,1,2,2.921367521367521,46,585
nlos_weak,50,2,2,2.921367521367521,46,585
nlos_weak,50,3,2,2.8854700854700854,67,585
nlos_strong,1,1,2,2.887179487179487,66,585
nlos_strong,1,2,2,2.8393162393162394,94,585
nlos_strong,1,3,2,2.871794871794872,75,585
nlos_strong,2,1,2,2.887179487179487,66,585
nlos_strong,2,2,2,2.8495726495726497,88,585
nlos_strong,2,3,2,2.8735042735042735,74,585
nlos_strong,3,1,2,2.8905982905982905,64,585
nlos_strong,3,2,2,2.842735042735043,92,585
nlos_strong,3,3,2,2.871794871794872,75,585
nlos_strong,4,1,2,2.887179487179487,66,585
nlos_strong,4,2,2,2.8461538461538463,90,585
nlos_strong,4,3,2,2.871794871794872,75,585
nlos_strong,5,1,2,2.8854700854700854,67,585
nlos_strong,5,2,2,2.1794871794871793,480,585
nlos_strong,5,3,2,2.875213675213675,73,585
nlos_strong,6,1,2,2.888888888888889,65,585
nlos_strong,6,2,2,2.8461538461538463,90,585
nlos_strong,6,3,2,2.871794871794872,75,585
nlos_strong,7,1,2,2.888888888888889,65,585
nlos_strong,7,2,2,2.830769230769231,99,585
nlos_strong,7,3,2,2.8735042735042735,74,585
nlos_strong,8,1,2,2.888888888888889,65,585
nlos_strong,8,2,2,2.847863247863248,89,585
nlos_strong,8,3,2,2.875213675213675,73,585
nlos_strong,9,1,2,2.887179487179487,66,585
nlos_strong,9,2,2,2.8461538461538463,90,585
nlos_strong,9,3,2,2.876923076923077,72,585
nlos_strong,10,1,2,2.8854700854700854,67,585
nlos_strong,10,2,2,2.8461538461538463,90,585
nlos_strong,10,3,2,2.782905982905983,127,585
nlos_strong,11,1,2,2.8854700854700854,67,585
nlos_strong,11,2,2,2.842735042735043,92,585
nlos_strong,11,3,2,2.875213675213675,73,585
nlos_strong,12,1,2,2.882051282051282,69,585
nlos_strong,12,2,2,2.842735042735043,92,585
nlos_strong,12,3,2,2.875213675213675,73,585
nlos_strong,13,1,2,2.888888888888889,65,585
nlos_strong,13,2,2,2.842735042735043,92,585
nlos_strong,13,3,2,2.875213675213675,73,585
nlos_strong,14,1,2,2.8905982905982905,64,585
nlos_strong,14,2,2,2.8444444444444446,91,585
nlos_strong,14,3,2,2.8735042735042735,74,585
nlos_strong,15,1,2,2.887179487179487,66,585
nlos_strong,15,2,2,2.8444444444444446,91,585
nlos_strong,15,3,2,2.871794871794872,75,585
nlos_strong,16,1,2,2.888888888888889,65,585
nlos_strong,16,2,2,2.8444444444444446,91,585
nlos_strong,16,3,2,2.871794871794872,75,585
nlos_strong,17,1,2,2.888888888888889,65,585
nlos_strong,17,2,2,2.8461538461538463,90,585
nlos_strong,17,3,2,2.782905982905983,127,585
nlos_strong,18,1,2,2.1794871794871793,480,585
nlos_strong,18,2,2,2.8376068376068377,95,585
nlos_strong,18,3,2,2.875213675213675,73,585
nlos_strong,19,1,2,2.887179487179487,66,585
nlos_strong,19,2,2,2.842735042735043,92,585
nlos_strong,19,3,2,2.875213675213675,73,585
nlos_strong,20,1,2,2.8923076923076922,63,585
nlos_strong,20,2,2,2.842735042735043,92,585
nlos_strong,20,3,2,2.875213675213675,73,585
nlos_strong,21,1,2,2.887179487179487,66,585
nlos_strong,21,2,2,2.4444444444444446,325,585
nlos_strong,21,3,2,2.8683760683760684,77,585
nlos_strong,22,1,2,2.887179487179487,66,585
nlos_strong,22,2,2,2.4461538461538463,324,585
nlos_strong,22,3,2,2.875213675213675,73,585
nlos_strong,23,1,2,2.882051282051282,69,585
nlos_strong,23,2,2,2.8495726495726497,88,585
nlos_strong,23,3,2,2.8735042735042735,74,585
nlos_strong,24,1,2,2.887179487179487,66,585
nlos_strong,24,2,2,2.8444444444444446,91,585
nlos_strong,24,3,2,2.871794871794872,75,585
nlos_strong,25,1,2,2.887179487179487,66,585
nlos_strong,25,2,2,2.8444444444444446,91,585
nlos_strong,25,3,2,2.875213675213675,73,585
nlos_strong,26,1,2,2.888888888888889,65,585
nlos_strong,26,2,2,2.8461538461538463,90,585
nlos_strong,26,3,2,2.875213675213675,73,585
nlos_strong,27,1,2,2.2786324786324785,422,585
nlos_strong,27,2,2,2.769230769230769,135,585
nlos_strong,27,3,2,2.875213675213675,73,585
nlos_strong,28,1,2,2.888888888888889,65,585
nlos_strong,28,2,2,2.8444444444444446,91,585
nlos_strong,28,3,2,2.871794871794872,75,585
nlos_strong,29,1,2,2.888888888888889,65,585
nlos_strong,29,2,2,2.842735042735043,92,585
nlos_strong,29,3,2,2.875213675213675,73,585
nlos_strong,30,1,2,2.8393162393162394,94,585
nlos_strong,30,2,2,2.825641025641026,102,585
nlos_strong,30,3,2,2.8735042735042735,74,585
nlos_strong,31,1,2,2.8923076923076922,63,585
nlos_strong,31,2,2,2.841025641025641,93,585
nlos_strong,31,3,2,2.871794871794872,75,585
nlos_strong,32,1,2,2.8854700854700854,67,585
nlos_strong,32,2,2,2.618803418803419,223,585
nlos_strong,32,3,2,2.8735042735042735,74,585
nlos_strong,33,1,2,2.8547008547008548,85,585
nlos_strong,33,2,2,2.7658119658119658,137,585
nlos_strong,33,3,2,2.4324786324786323,332,585
nlos_strong,34,1,2,2.3692307692307693,369,585
nlos_strong,34,2,2,2.847863247863248,89,585
nlos_strong,34,3,2,2.875213675213675,73,585
nlos_strong,35,1,2,2.8854700854700854,67,585
nlos_strong,35,2,2,2.8461538461538463,90,585
nlos_strong,35,3,2,2.875213675213675,73,585
nlos_strong,36,1,2,2.887179487179487,66,585
nlos_strong,36,2,2,2.8444444444444446,91,585
nlos_strong,36,3,2,2.871794871794872,75,585
nlos_strong,37,1,2,2.887179487179487,66,585
nlos_strong,37,2,2,2.8461538461538463,90,585
nlos_strong,37,3,2,2.434188034188034,331,585
nlos_strong,38,1,2,2.887179487179487,66,585
nlos_strong,38,2,2,2.8461538461538463,90,585
nlos_strong,38,3,2,2.7435897435897436,150,585
nlos_strong,39,1,2,2.888888888888889,65,585
nlos_strong,39,2,2,2.8444444444444446,91,585
nlos_strong,39,3,2,2.871794871794872,75,585
nlos_strong,40,1,2,2.888888888888889,65,585
nlos_strong,40,2,2,2.211965811965812,461,585
nlos_strong,40,3,2,2.875213675213675,73,585
nlos_strong,41,1,2,2.887179487179487,66,585
nlos_strong,41,2,2,2.687179487179487,183,585
nlos_strong,41,3,2,2.875213675213675,73,585
nlos_strong,42,1,2,2.887179487179487,66,585
nlos_strong,42,2,2,2.8461538461538463,90,585
nlos_strong,42,3,2,2.7846153846153845,126,585
nlos_strong,43,1,2,2.888888888888889,65,585
nlos_strong,43,2,2,2.8444444444444446,91,585
nlos_strong,43,3,2,2.8735042735042735,74,585
nlos_strong,44,1,2,2.887179487179487,66,585
nlos_strong,44,2,2,2.842735042735043,92,585
nlos_strong,44,3,2,2.782905982905983,127,585
nlos_strong,45,1,2,2.887179487179487,66,585
nlos_strong,45,2,2,2.847863247863248,89,585
nlos_strong,45,3,2,2.875213675213675,73,585
nlos_strong,46,1,2,2.887179487179487,66,585
nlos_strong,46,2,2,2.8393162393162394,94,585
nlos_strong,46,3,2,2.8666666666666667,78,585
nlos_strong,47,1,2,2.887179487179487,66,585
nlos_strong,47,2,2,2.8461538461538463,90,585
nlos_strong,47,3,2,2.87008547008547,76,585
nlos_strong,48,1,2,2.888888888888889,65,585
nlos_strong,48,2,2,2.8461538461538463,90,585
nlos_strong,48,3,2,2.8735042735042735,74,585
nlos_strong,49,1,2,2.887179487179487,66,585
nlos_strong,49,2,2,2.842735042735043,92,585
nlos_strong,49,3,2,2.8735042735042735,74,585
nlos_strong,50,1,2,2.887179487179487,66,585
nlos_strong,50,2,2,2.847863247863248,89,585
nlos_strong,50,3,2,2.8683760683760684,77,585
healthy_maneuver,1,1,3,3.0,0,585
healthy_maneuver,1,2,3,3.0,0,585
healthy_maneuver,1,3,3,3.0,0,585
healthy_maneuver,2,1,3,3.0,0,585
healthy_maneuver,2,2,2,2.5264957264957264,277,585
healthy_maneuver,2,3,3,3.0,0,585
healthy_maneuver,3,1,3,3.0,0,585
healthy_maneuver,3,2,3,3.0,0,585
healthy_maneuver,3,3,3,3.0,0,585
healthy_maneuver,4,1,3,3.0,0,585
healthy_maneuver,4,2,2,2.823931623931624,103,585
healthy_maneuver,4,3,3,3.0,0,585
healthy_maneuver,5,1,3,3.0,0,585
healthy_maneuver,5,2,3,3.0,0,585
healthy_maneuver,5,3,3,3.0,0,585
healthy_maneuver,6,1,3,3.0,0,585
healthy_maneuver,6,2,2,2.8,117,585
healthy_maneuver,6,3,3,3.0,0,585
healthy_maneuver,7,1,3,3.0,0,585
healthy_maneuver,7,2,3,3.0,0,585
healthy_maneuver,7,3,3,3.0,0,585
healthy_maneuver,8,1,3,3.0,0,585
healthy_maneuver,8,2,3,3.0,0,585
healthy_maneuver,8,3,3,3.0,0,585
healthy_maneuver,9,1,3,3.0,0,585
healthy_maneuver,9,2,2,2.8341880341880343,97,585
healthy_maneuver,9,3,3,3.0,0,585
healthy_maneuver,10,1,3,3.0,0,585
healthy_maneuver,10,2,3,3.0,0,585
healthy_maneuver,10,3,3,3.0,0,585
healthy_maneuver,11,1,3,3.0,0,585
healthy_maneuver,11,2,3,3.0,0,585
healthy_maneuver,11,3,3,3.0,0,585
healthy_maneuver,12,1,3,3.0,0,585
healthy_maneuver,12,2,3,3.0,0,585
healthy_maneuver,12,3,3,3.0,0,585
healthy_maneuver,13,1,3,3.0,0,585
healthy_maneuver,13,2,3,3.0,0,585
healthy_maneuver,13,3,3,3.0,0,585
healthy_maneuver,14,1,3,3.0,0,585
healthy_maneuver,14,2,3,3.0,0,585
healthy_maneuver,14,3,3,3.0,0,585
healthy_maneuver,15,1,3,3.0,0,585
healthy_maneuver,15,2,3,3.0,0,585
healthy_maneuver,15,3,3,3.0,0,585
healthy_maneuver,16,1,3,3.0,0,585
healthy_maneuver,16,2,3,3.0,0,585
healthy_maneuver,16,3,3,3.0,0,585
healthy_maneuver,17,1,3,3.0,0,585
healthy_maneuver,17,2,2,2.8341880341880343,97,585
healthy_maneuver,17,3,3,3.0,0,585
healthy_maneuver,18,1,3,3.0,0,585
healthy_maneuver,18,2,2,2.8735042735042735,74,585
healthy_maneuver,18,3,3,3.0,0,585
healthy_maneuver,19,1,3,3.0,0,585
healthy_maneuver,19,2,3,3.0,0,585
healthy_maneuver,19,3,3,3.0,0,585
healthy_maneuver,20,1,3,3.0,0,585
healthy_maneuver,20,2,3,3.0,0,585
healthy_maneuver,20,3,3,3.0,0,585
healthy_maneuver,21,1,3,3.0,0,585
healthy_maneuver,21,2,3,3.0,0,585
healthy_maneuver,21,3,3,3.0,0,585
healthy_maneuver,22,1,3,3.0,0,585
healthy_maneuver,22,2,3,3.0,0,585
healthy_maneuver,22,3,3,3.0,0,585
healthy_maneuver,23,1,3,3.0,0,585
healthy_maneuver,23,2,3,3.0,0,585
healthy_maneuver,23,3,3,3.0,0,585
healthy_maneuver,24,1,3,3.0,0,585
healthy_maneuver,24,2,3,3.0,0,585
healthy_maneuver,24,3,3,3.0,0,585
healthy_maneuver,25,1,3,3.0,0,585
healthy_maneuver,25,2,2,2.533333333333333,273,585
healthy_maneuver,25,3,3,3.0,0,585
healthy_maneuver,26,1,3,3.0,0,585
healthy_maneuver,26,2,3,3.0,0,585
healthy_maneuver,26,3,3,3.0,0,585
healthy_maneuver,27,1,3,3.0,0,585
healthy_maneuver,27,2,2,2.8205128205128207,105,585
healthy_maneuver,27,3,3,3.0,0,585
healthy_maneuver,28,1,3,3.0,0,585
healthy_maneuver,28,2,2,2.8461538461538463,90,585
healthy_maneuver,28,3,3,3.0,0,585
healthy_maneuver,29,1,3,3.0,0,585
healthy_maneuver,29,2,2,2.8341880341880343,97,585
healthy_maneuver,29,3,3,3.0,0,585
healthy_maneuver,30,1,3,3.0,0,585
healthy_maneuver,30,2,3,3.0,0,585
healthy_maneuver,30,3,3,3.0,0,585
healthy_maneuver,31,1,3,3.0,0,585
healthy_maneuver,31,2,3,3.0,0,585
healthy_maneuver,31,3,3,3.0,0,585
healthy_maneuver,32,1,3,3.0,0,585
healthy_maneuver,32,2,3,3.0,0,585
healthy_maneuver,32,3,3,3.0,0,585
healthy_maneuver,33,1,3,3.0,0,585
healthy_maneuver,33,2,3,3.0,0,585
healthy_maneuver,33,3,3,3.0,0,585
healthy_maneuver,34,1,3,3.0,0,585
healthy_maneuver,34,2,2,2.825641025641026,102,585
healthy_maneuver,34,3,3,3.0,0,585
healthy_maneuver,35,1,3,3.0,0,585
healthy_maneuver,35,2,3,3.0,0,585
healthy_maneuver,35,3,3,3.0,0,585
healthy_maneuver,36,1,3,3.0,0,585
healthy_maneuver,36,2,2,2.8547008547008548,85,585
healthy_maneuver,36,3,3,3.0,0,585
healthy_maneuver,37,1,3,3.0,0,585
healthy_maneuver,37,2,3,3.0,0,585
healthy_maneuver,37,3,3,3.0,0,585
healthy_maneuver,38,1,3,3.0,0,585
healthy_maneuver,38,2,3,3.0,0,585
healthy_maneuver,38,3,3,3.0,0,585
healthy_maneuver,39,1,3,3.0,0,585
healthy_maneuver,39,2,2,2.5264957264957264,277,585
healthy_maneuver,39,3,3,3.0,0,585
healthy_maneuver,40,1,3,3.0,0,585
healthy_maneuver,40,2,2,2.690598290598291,181,585
healthy_maneuver,40,3,3,3.0,0,585
healthy_maneuver,41,1,3,3.0,0,585
healthy_maneuver,41,2,2,2.8495726495726497,88,585
healthy_maneuver,41,3,3,3.0,0,585
healthy_maneuver,42,1,3,3.0,0,585
healthy_maneuver,42,2,2,2.9367521367521365,37,585
healthy_maneuver,42,3,3,3.0,0,585
healthy_maneuver,43,1,3,3.0,0,585
healthy_maneuver,43,2,3,3.0,0,585
healthy_maneuver,43,3,3,3.0,0,585
healthy_maneuver,44,1,3,3.0,0,585
healthy_maneuver,44,2,3,3.0,0,585
healthy_maneuver,44,3,3,3.0,0,585
healthy_maneuver,45,1,3,3.0,0,585
healthy_maneuver,45,2,3,3.0,0,585
healthy_maneuver,45,3,3,3.0,0,585
healthy_maneuver,46,1,3,3.0,0,585
healthy_maneuver,46,2,3,3.0,0,585
healthy_maneuver,46,3,3,3.0,0,585
healthy_maneuver,47,1,3,3.0,0,585
healthy_maneuver,47,2,3,3.0,0,585
healthy_maneuver,47,3,3,3.0,0,585
healthy_maneuver,48,1,3,3.0,0,585
healthy_maneuver,48,2,3,3.0,0,585
healthy_maneuver,48,3,3,3.0,0,585
healthy_maneuver,49,1,3,3.0,0,585
healthy_maneuver,49,2,3,3.0,0,585
healthy_maneuver,49,3,3,3.0,0,585
healthy_maneuver,50,1,3,3.0,0,585
healthy_maneuver,50,2,3,3.0,0,585
healthy_maneuver,50,3,3,3.0,0,585
