Scenario,Follower,Window,FaultEdgeEpochs,ObservedLeaderEdgeEpochs,FaultFraction,Affected
baseline_3f,1,full,63,1800,0.035,True
baseline_3f,1,post_startup,63,1755,0.035897435897435895,True
baseline_3f,2,full,87,1800,0.04833333333333333,True
baseline_3f,2,post_startup,87,1755,0.04957264957264957,True
baseline_3f,3,full,71,1800,0.03944444444444444,True
baseline_3f,3,post_startup,71,1755,0.040455840455840456,True
size_2f,1,full,63,1800,0.035,True
size_2f,1,post_startup,63,1755,0.035897435897435895,True
size_2f,2,full,87,1800,0.04833333333333333,True
size_2f,2,post_startup,87,1755,0.04957264957264957,True
size_5f,1,full,63,1800,0.035,True
size_5f,1,post_startup,63,1755,0.035897435897435895,True
size_5f,2,full,87,1800,0.04833333333333333,True
size_5f,2,post_startup,87,1755,0.04957264957264957,True
size_5f,3,full,71,1800,0.03944444444444444,True
size_5f,3,post_startup,71,1755,0.040455840455840456,True
size_5f,4,full,63,1800,0.035,True
size_5f,4,post_startup,63,1755,0.035897435897435895,True
size_5f,5,full,87,1800,0.04833333333333333,True
size_5f,5,post_startup,87,1755,0.04957264957264957,True
nlos_weak,1,full,63,1800,0.035,True
nlos_weak,1,post_startup,63,1755,0.035897435897435895,True
nlos_weak,2,full,87,1800,0.04833333333333333,True
nlos_weak,2,post_startup,87,1755,0.04957264957264957,True
nlos_weak,3,full,71,1800,0.03944444444444444,True
nlos_weak,3,post_startup,71,1755,0.040455840455840456,True
nlos_strong,1,full,63,1800,0.035,True
nlos_strong,1,post_startup,63,1755,0.035897435897435895,True
nlos_strong,2,full,87,1800,0.04833333333333333,True
nlos_strong,2,post_startup,87,1755,0.04957264957264957,True
nlos_strong,3,full,71,1800,0.03944444444444444,True
nlos_strong,3,post_startup,71,1755,0.040455840455840456,True
healthy_maneuver,1,full,0,1800,0.0,False
healthy_maneuver,1,post_startup,0,1755,0.0,False
healthy_maneuver,2,full,0,1800,0.0,False
healthy_maneuver,2,post_startup,0,1755,0.0,False
healthy_maneuver,3,full,0,1800,0.0,False
healthy_maneuver,3,post_startup,0,1755,0.0,False
