Scenario,Follower,Leader,MinRange,MaxRange,RangeExcursion,MaxAbsRangeRate,MaxAbsRangeAcceleration
baseline_3f,1,1,465.60181418093526,465.6034660111808,0.0016518302455210687,1.585558575811774e-05,1.618744548181894e-06
baseline_3f,1,2,384.68949497872967,384.6916984011307,0.0022034224010099024,2.1167818033518415e-05,2.1610754146195177e-06
baseline_3f,1,3,410.56685007503705,410.5775360189158,0.010685943878741,0.00010253877337618178,1.0469238077348564e-05
baseline_3f,2,1,270.6750831692796,270.6751150820359,3.1912756298879685e-05,3.033001689800585e-07,3.0797963290751795e-08
baseline_3f,2,2,367.9321684346181,367.941916951186,0.009748516567867682,9.365249357529137e-05,9.559163942185478e-06
baseline_3f,2,3,439.848938263923,439.8704643815795,0.02152611765649226,0.00020666297928073618,2.1100953659924926e-05
baseline_3f,3,1,462.4554354527292,462.4680884247485,0.01265297201928206,0.00012155292372995063,1.2410923304173593e-05
baseline_3f,3,2,289.05026337535696,289.05152566206874,0.0012622867117784153,1.2131129750514447e-05,1.2392484336487541e-06
baseline_3f,3,3,157.84492700970068,157.84692739766086,0.0020003879601802055,1.904890015680394e-05,1.945024521887717e-06
size_2f,1,1,465.60181418093526,465.6034660111808,0.0016518302455210687,1.585558575811774e-05,1.618744548181894e-06
size_2f,1,2,384.68949497872967,384.6916984011307,0.0022034224010099024,2.1167818033518415e-05,2.1610754146195177e-06
size_2f,1,3,410.56685007503705,410.5775360189158,0.010685943878741,0.00010253877337618178,1.0469238077348564e-05
size_2f,2,1,270.6750831692796,270.6751150820359,3.1912756298879685e-05,3.033001689800585e-07,3.0797963290751795e-08
size_2f,2,2,367.9321684346181,367.941916951186,0.009748516567867682,9.365249357529137e-05,9.559163942185478e-06
size_2f,2,3,439.848938263923,439.8704643815795,0.02152611765649226,0.00020666297928073618,2.1100953659924926e-05
size_5f,1,1,465.60181418093526,465.6034660111808,0.0016518302455210687,1.585558575811774e-05,1.618744548181894e-06
size_5f,1,2,384.68949497872967,384.6916984011307,0.0022034224010099024,2.1167818033518415e-05,2.1610754146195177e-06
size_5f,1,3,410.56685007503705,410.5775360189158,0.010685943878741,0.00010253877337618178,1.0469238077348564e-05
size_5f,2,1,270.6750831692796,270.6751150820359,3.1912756298879685e-05,3.033001689800585e-07,3.0797963290751795e-08
size_5f,2,2,367.9321684346181,367.941916951186,0.009748516567867682,9.365249357529137e-05,9.559163942185478e-06
size_5f,2,3,439.848938263923,439.8704643815795,0.02152611765649226,0.00020666297928073618,2.1100953659924926e-05
size_5f,3,1,462.4554354527292,462.4680884247485,0.01265297201928206,0.00012155292372995063,1.2410923304173593e-05
size_5f,3,2,289.05026337535696,289.05152566206874,0.0012622867117784153,1.2131129750514447e-05,1.2392484336487541e-06
size_5f,3,3,157.84492700970068,157.84692739766086,0.0020003879601802055,1.904890015680394e-05,1.945024521887717e-06
size_5f,4,1,380.5063348880094,380.51591318581205,0.00957829780264774,9.196138623224215e-05,9.390789486474205e-06
size_5f,4,2,166.88320061943358,166.8832678943873,6.727495372160774e-05,6.297001817756609e-07,6.472603786278341e-08
size_5f,4,3,239.58528289601946,239.5899759509969,0.004693054977423117,4.498538704922339e-05,4.591286476340883e-06
size_5f,5,1,168.67425486571517,168.68113344476913,0.0068785790539607206,6.604937235010766e-05,6.744593285645806e-06
size_5f,5,2,199.25873845868676,199.26134504717967,0.002606588492909623,2.5034302467474845e-05,2.553889331124992e-06
size_5f,5,3,385.70591928200065,385.71534183343294,0.009422551432294313,9.028848941738943e-05,9.219799380844051e-06
nlos_weak,1,1,465.60181418093526,465.6034660111808,0.0016518302455210687,1.585558575811774e-05,1.618744548181894e-06
nlos_weak,1,2,384.68949497872967,384.6916984011307,0.0022034224010099024,2.1167818033518415e-05,2.1610754146195177e-06
nlos_weak,1,3,410.56685007503705,410.5775360189158,0.010685943878741,0.00010253877337618178,1.0469238077348564e-05
nlos_weak,2,1,270.6750831692796,270.6751150820359,3.1912756298879685e-05,3.033001689800585e-07,3.0797963290751795e-08
nlos_weak,2,2,367.9321684346181,367.941916951186,0.009748516567867682,9.365249357529137e-05,9.559163942185478e-06
nlos_weak,2,3,439.848938263923,439.8704643815795,0.02152611765649226,0.00020666297928073618,2.1100953659924926e-05
nlos_weak,3,1,462.4554354527292,462.4680884247485,0.01265297201928206,0.00012155292372995063,1.2410923304173593e-05
nlos_weak,3,2,289.05026337535696,289.05152566206874,0.0012622867117784153,1.2131129750514447e-05,1.2392484336487541e-06
nlos_weak,3,3,157.84492700970068,157.84692739766086,0.0020003879601802055,1.904890015680394e-05,1.945024521887717e-06
nlos_strong,1,1,465.60181418093526,465.6034660111808,0.0016518302455210687,1.585558575811774e-05,1.618744548181894e-06
nlos_strong,1,2,384.68949497872967,384.6916984011307,0.0022034224010099024,2.1167818033518415e-05,2.1610754146195177e-06
nlos_strong,1,3,410.56685007503705,410.5775360189158,0.010685943878741,0.00010253877337618178,1.0469238077348564e-05
nlos_strong,2,1,270.6750831692796,270.6751150820359,3.1912756298879685e-05,3.033001689800585e-07,3.0797963290751795e-08
nlos_strong,2,2,367.9321684346181,367.941916951186,0.009748516567867682,9.365249357529137e-05,9.559163942185478e-06
nlos_strong,2,3,439.848938263923,439.8704643815795,0.02152611765649226,0.00020666297928073618,2.1100953659924926e-05
nlos_strong,3,1,462.4554354527292,462.4680884247485,0.01265297201928206,0.00012155292372995063,1.2410923304173593e-05
nlos_strong,3,2,289.05026337535696,289.05152566206874,0.0012622867117784153,1.2131129750514447e-05,1.2392484336487541e-06
nlos_strong,3,3,157.84492700970068,157.84692739766086,0.0020003879601802055,1.904890015680394e-05,1.945024521887717e-06
healthy_maneuver,1,1,463.75872715997644,472.59845128881034,8.839724128833893,0.15436108445879881,0.011323835352030187
healthy_maneuver,1,2,376.29990570778415,385.72201869714524,9.422112989361096,0.11440708965827184,0.011091661306608103
healthy_maneuver,1,3,386.17717756491135,410.9529382205297,24.775760655618342,0.3226622131439001,0.023331518242088123
healthy_maneuver,2,1,270.6750831692796,274.37777395066354,3.7026907813839216,0.04211384895680226,0.004471727954580729
healthy_maneuver,2,2,364.7045389811424,386.7974783821656,22.092939401023216,0.32468575260176635,0.025021544306738974
healthy_maneuver,2,3,438.10650727194707,470.5811166801034,32.47460940815631,0.34655176351301975,0.028964500897771472
healthy_maneuver,3,1,461.52385578493175,473.3596877201032,11.835831935171427,0.1302140144367172,0.011621875605968057
healthy_maneuver,3,2,289.0502634433988,295.5817311484022,6.531467705003365,0.09992195411092553,0.009096151688268606
healthy_maneuver,3,3,148.72182869909398,157.84494177039224,9.123113071298263,0.13797383648436323,0.011202496594911793
