Scenario,Seed,Method,Events,Detection_detected,Detection_missed,Detection_preexisting,Detection_unobservable,DetectionDelay,Alarm_detected,Alarm_missed,Alarm_preexisting,Alarm_unobservable,AlarmDelay,Isolation_detected,Isolation_missed,Isolation_preexisting,Isolation_unobservable,IsolationDelay,Recovery_recovered,Recovery_failed,Recovery_censored,Recovery_not_applicable,RecoveryFailureRate,RecoveryDelay,ReisolatedAfterRecovery
baseline_3f,1,cusum_ekf,13,13,0,0,0,0.15384615384615385,13,0,0,0,1.1538461538461537,13,0,0,0,1.1538461538461537,13,0,0,0,0.0,3.1538461538461537,0
baseline_3f,1,cusum_fgo,13,13,0,0,0,0.15384615384615385,13,0,0,0,1.1538461538461537,13,0,0,0,1.1538461538461537,13,0,0,0,0.0,3.1538461538461537,0
baseline_3f,2,cusum_ekf,13,13,0,0,0,0.6153846153846154,13,0,0,0,1.6153846153846154,13,0,0,0,1.6153846153846154,13,0,0,0,0.0,3.0,0
baseline_3f,2,cusum_fgo,13,13,0,0,0,0.6153846153846154,13,0,0,0,1.6153846153846154,13,0,0,0,1.6153846153846154,13,0,0,0,0.0,3.0,0
baseline_3f,3,cusum_ekf,13,13,0,0,0,0.8461538461538461,13,0,0,0,1.8461538461538463,13,0,0,0,1.8461538461538463,13,0,0,0,0.0,3.0,0
baseline_3f,3,cusum_fgo,13,13,0,0,0,0.8461538461538461,13,0,0,0,1.8461538461538463,13,0,0,0,1.8461538461538463,13,0,0,0,0.0,3.0,0
baseline_3f,4,cusum_ekf,13,13,0,0,0,0.46153846153846156,13,0,0,0,1.4615384615384615,13,0,0,0,1.4615384615384615,13,0,0,0,0.0,3.0,0
baseline_3f,4,cusum_fgo,13,13,0,0,0,0.46153846153846156,13,0,0,0,1.4615384615384615,13,0,0,0,1.4615384615384615,13,0,0,0,0.0,3.0,0
baseline_3f,5,cusum_ekf,13,12,0,1,0,0.75,12,0,1,0,1.75,12,0,1,0,2.0,11,2,0,0,0.15384615384615385,3.4545454545454546,0
baseline_3f,5,cusum_fgo,13,12,0,1,0,0.75,12,0,1,0,1.75,12,0,1,0,2.0,11,2,0,0,0.15384615384615385,3.4545454545454546,0
baseline_3f,6,cusum_ekf,13,13,0,0,0,0.9230769230769231,13,0,0,0,1.9230769230769231,13,0,0,0,1.9230769230769231,13,0,0,0,0.0,3.1538461538461537,0
baseline_3f,6,cusum_fgo,13,13,0,0,0,0.9230769230769231,13,0,0,0,1.9230769230769231,13,0,0,0,1.9230769230769231,13,0,0,0,0.0,3.1538461538461537,0
baseline_3f,7,cusum_ekf,13,13,0,0,0,0.9230769230769231,13,0,0,0,1.9230769230769231,13,0,0,0,1.9230769230769231,13,0,0,0,0.0,3.769230769230769,0
baseline_3f,7,cusum_fgo,13,13,0,0,0,0.9230769230769231,13,0,0,0,1.9230769230769231,13,0,0,0,1.9230769230769231,13,0,0,0,0.0,3.769230769230769,0
baseline_3f,8,cusum_ekf,13,13,0,0,0,0.8461538461538461,13,0,0,0,1.8461538461538463,13,0,0,0,1.8461538461538463,13,0,0,0,0.0,3.0,0
baseline_3f,8,cusum_fgo,13,13,0,0,0,0.8461538461538461,13,0,0,0,1.8461538461538463,13,0,0,0,1.8461538461538463,13,0,0,0,0.0,3.0,0
baseline_3f,9,cusum_ekf,13,13,0,0,0,1.0,13,0,0,0,2.0,13,0,0,0,2.0,13,0,0,0,0.0,3.0,0
baseline_3f,9,cusum_fgo,13,13,0,0,0,1.0,13,0,0,0,2.0,13,0,0,0,2.0,13,0,0,0,0.0,3.0,0
baseline_3f,10,cusum_ekf,13,13,0,0,0,0.6923076923076923,13,0,0,0,1.6923076923076923,13,0,0,0,1.6923076923076923,12,1,0,0,0.07692307692307693,3.0,0
baseline_3f,10,cusum_fgo,13,13,0,0,0,0.6923076923076923,13,0,0,0,1.6923076923076923,13,0,0,0,1.6923076923076923,12,1,0,0,0.07692307692307693,3.0,0
baseline_3f,11,cusum_ekf,13,13,0,0,0,0.3076923076923077,13,0,0,0,1.3076923076923077,13,0,0,0,1.3076923076923077,13,0,0,0,0.0,3.0,0
baseline_3f,11,cusum_fgo,13,13,0,0,0,0.3076923076923077,13,0,0,0,1.3076923076923077,13,0,0,0,1.3076923076923077,13,0,0,0,0.0,3.0,0
baseline_3f,12,cusum_ekf,13,13,0,0,0,0.6153846153846154,13,0,0,0,1.6153846153846154,13,0,0,0,1.6153846153846154,13,0,0,0,0.0,3.230769230769231,0
baseline_3f,12,cusum_fgo,13,13,0,0,0,0.6153846153846154,13,0,0,0,1.6153846153846154,13,0,0,0,1.6153846153846154,13,0,0,0,0.0,3.230769230769231,0
baseline_3f,13,cusum_ekf,13,13,0,0,0,0.9230769230769231,13,0,0,0,1.9230769230769231,13,0,0,0,1.9230769230769231,13,0,0,0,0.0,3.0,0
baseline_3f,13,cusum_fgo,13,13,0,0,0,0.9230769230769231,13,0,0,0,1.9230769230769231,13,0,0,0,1.9230769230769231,13,0,0,0,0.0,3.0,0
baseline_3f,14,cusum_ekf,13,13,0,0,0,1.0,13,0,0,0,2.0,13,0,0,0,2.0,13,0,0,0,0.0,3.0,0
baseline_3f,14,cusum_fgo,13,13,0,0,0,1.0,13,0,0,0,2.0,13,0,0,0,2.0,13,0,0,0,0.0,3.0,0
baseline_3f,15,cusum_ekf,13,13,0,0,0,0.7692307692307693,13,0,0,0,1.7692307692307692,13,0,0,0,1.7692307692307692,13,0,0,0,0.0,3.0,0
baseline_3f,15,cusum_fgo,13,13,0,0,0,0.7692307692307693,13,0,0,0,1.7692307692307692,13,0,0,0,1.7692307692307692,13,0,0,0,0.0,3.0,0
baseline_3f,16,cusum_ekf,13,13,0,0,0,0.9230769230769231,13,0,0,0,1.9230769230769231,13,0,0,0,1.9230769230769231,13,0,0,0,0.0,3.230769230769231,0
baseline_3f,16,cusum_fgo,13,13,0,0,0,0.9230769230769231,13,0,0,0,1.9230769230769231,13,0,0,0,1.9230769230769231,13,0,0,0,0.0,3.230769230769231,0
baseline_3f,17,cusum_ekf,13,13,0,0,0,0.7692307692307693,13,0,0,0,1.7692307692307692,13,0,0,0,1.7692307692307692,12,1,0,0,0.07692307692307693,3.0,0
baseline_3f,17,cusum_fgo,13,13,0,0,0,0.7692307692307693,13,0,0,0,1.7692307692307692,13,0,0,0,1.7692307692307692,12,1,0,0,0.07692307692307693,3.0,0
baseline_3f,18,cusum_ekf,13,13,0,0,0,1.1538461538461537,13,0,0,0,2.1538461538461537,13,0,0,0,2.1538461538461537,12,1,0,0,0.07692307692307693,3.4166666666666665,1
baseline_3f,18,cusum_fgo,13,13,0,0,0,1.1538461538461537,13,0,0,0,2.1538461538461537,13,0,0,0,2.1538461538461537,12,1,0,0,0.07692307692307693,3.4166666666666665,1
baseline_3f,19,cusum_ekf,13,13,0,0,0,0.6153846153846154,13,0,0,0,1.6153846153846154,13,0,0,0,1.6153846153846154,13,0,0,0,0.0,3.0,0
baseline_3f,19,cusum_fgo,13,13,0,0,0,0.6153846153846154,13,0,0,0,1.6153846153846154,13,0,0,0,1.6153846153846154,13,0,0,0,0.0,3.0,0
baseline_3f,20,cusum_ekf,13,13,0,0,0,1.0769230769230769,13,0,0,0,2.076923076923077,13,0,0,0,2.076923076923077,13,0,0,0,0.0,3.0,0
baseline_3f,20,cusum_fgo,13,13,0,0,0,1.0769230769230769,13,0,0,0,2.076923076923077,13,0,0,0,2.076923076923077,13,0,0,0,0.0,3.0,0
baseline_3f,21,cusum_ekf,13,13,0,0,0,0.46153846153846156,13,0,0,0,1.4615384615384615,13,0,0,0,1.4615384615384615,12,1,0,0,0.07692307692307693,3.1666666666666665,0
baseline_3f,21,cusum_fgo,13,13,0,0,0,0.46153846153846156,13,0,0,0,1.4615384615384615,13,0,0,0,1.4615384615384615,12,1,0,0,0.07692307692307693,3.1666666666666665,0
baseline_3f,22,cusum_ekf,13,13,0,0,0,1.0769230769230769,13,0,0,0,2.076923076923077,13,0,0,0,2.5384615384615383,12,1,0,0,0.07692307692307693,3.0,0
baseline_3f,22,cusum_fgo,13,13,0,0,0,1.0769230769230769,13,0,0,0,2.076923076923077,13,0,0,0,2.5384615384615383,12,1,0,0,0.07692307692307693,3.0,0
baseline_3f,23,cusum_ekf,13,13,0,0,0,0.9230769230769231,13,0,0,0,1.9230769230769231,13,0,0,0,1.9230769230769231,13,0,0,0,0.0,3.230769230769231,0
baseline_3f,23,cusum_fgo,13,13,0,0,0,0.9230769230769231,13,0,0,0,1.9230769230769231,13,0,0,0,1.9230769230769231,13,0,0,0,0.0,3.230769230769231,0
baseline_3f,24,cusum_ekf,13,13,0,0,0,0.6923076923076923,13,0,0,0,1.6923076923076923,13,0,0,0,1.6923076923076923,13,0,0,0,0.0,3.0,0
baseline_3f,24,cusum_fgo,13,13,0,0,0,0.6923076923076923,13,0,0,0,1.6923076923076923,13,0,0,0,1.6923076923076923,13,0,0,0,0.0,3.0,0
baseline_3f,25,cusum_ekf,13,13,0,0,0,0.7692307692307693,13,0,0,0,1.7692307692307692,13,0,0,0,1.7692307692307692,13,0,0,0,0.0,3.0,0
baseline_3f,25,cusum_fgo,13,13,0,0,0,0.7692307692307693,13,0,0,0,1.7692307692307692,13,0,0,0,1.7692307692307692,13,0,0,0,0.0,3.0,0
baseline_3f,26,cusum_ekf,13,13,0,0,0,0.8461538461538461,13,0,0,0,1.8461538461538463,13,0,0,0,1.8461538461538463,13,0,0,0,0.0,3.0,0
baseline_3f,26,cusum_fgo,13,13,0,0,0,0.8461538461538461,13,0,0,0,1.8461538461538463,13,0,0,0,1.8461538461538463,13,0,0,0,0.0,3.0,0
baseline_3f,27,cusum_ekf,13,12,0,1,0,1.25,12,0,1,0,2.25,12,0,1,0,2.4166666666666665,11,2,0,0,0.15384615384615385,3.0,0
baseline_3f,27,cusum_fgo,13,12,0,1,0,1.25,12,0,1,0,2.25,12,0,1,0,2.4166666666666665,11,2,0,0,0.15384615384615385,3.0,0
baseline_3f,28,cusum_ekf,13,13,0,0,0,0.7692307692307693,13,0,0,0,1.7692307692307692,13,0,0,0,1.7692307692307692,13,0,0,0,0.0,3.230769230769231,0
baseline_3f,28,cusum_fgo,13,13,0,0,0,0.7692307692307693,13,0,0,0,1.7692307692307692,13,0,0,0,1.7692307692307692,13,0,0,0,0.0,3.230769230769231,0
baseline_3f,29,cusum_ekf,13,13,0,0,0,0.8461538461538461,13,0,0,0,1.8461538461538463,13,0,0,0,1.8461538461538463,13,0,0,0,0.0,3.0,0
baseline_3f,29,cusum_fgo,13,13,0,0,0,0.8461538461538461,13,0,0,0,1.8461538461538463,13,0,0,0,1.8461538461538463,13,0,0,0,0.0,3.0,0
baseline_3f,30,cusum_ekf,13,13,0,0,0,0.7692307692307693,13,0,0,0,1.7692307692307692,13,0,0,0,1.7692307692307692,12,1,0,0,0.07692307692307693,3.9166666666666665,0
baseline_3f,30,cusum_fgo,13,13,0,0,0,0.7692307692307693,13,0,0,0,1.7692307692307692,13,0,0,0,1.7692307692307692,12,1,0,0,0.07692307692307693,3.9166666666666665,0
baseline_3f,31,cusum_ekf,13,13,0,0,0,1.0769230769230769,13,0,0,0,2.076923076923077,13,0,0,0,2.076923076923077,13,0,0,0,0.0,3.230769230769231,0
baseline_3f,31,cusum_fgo,13,13,0,0,0,1.0769230769230769,13,0,0,0,2.076923076923077,13,0,0,0,2.076923076923077,13,0,0,0,0.0,3.230769230769231,0
baseline_3f,32,cusum_ekf,13,13,0,0,0,0.38461538461538464,13,0,0,0,1.3846153846153846,13,0,0,0,1.4615384615384615,12,1,0,0,0.07692307692307693,3.0,0
baseline_3f,32,cusum_fgo,13,13,0,0,0,0.38461538461538464,13,0,0,0,1.3846153846153846,13,0,0,0,1.4615384615384615,12,1,0,0,0.07692307692307693,3.0,0
baseline_3f,33,cusum_ekf,13,13,0,0,0,0.6153846153846154,13,0,0,0,1.6153846153846154,13,0,0,0,1.7692307692307692,11,2,0,0,0.15384615384615385,4.7272727272727275,0
baseline_3f,33,cusum_fgo,13,13,0,0,0,0.6153846153846154,13,0,0,0,1.6153846153846154,13,0,0,0,1.7692307692307692,11,2,0,0,0.15384615384615385,4.7272727272727275,0
baseline_3f,34,cusum_ekf,13,13,0,0,0,0.8461538461538461,13,0,0,0,1.8461538461538463,13,0,0,0,1.8461538461538463,12,1,0,0,0.07692307692307693,3.0,0
baseline_3f,34,cusum_fgo,13,13,0,0,0,0.8461538461538461,13,0,0,0,1.8461538461538463,13,0,0,0,1.8461538461538463,12,1,0,0,0.07692307692307693,3.0,0
baseline_3f,35,cusum_ekf,13,13,0,0,0,0.9230769230769231,13,0,0,0,1.9230769230769231,13,0,0,0,1.9230769230769231,13,0,0,0,0.0,3.0,0
baseline_3f,35,cusum_fgo,13,13,0,0,0,0.9230769230769231,13,0,0,0,1.9230769230769231,13,0,0,0,1.9230769230769231,13,0,0,0,0.0,3.0,0
baseline_3f,36,cusum_ekf,13,13,0,0,0,0.6153846153846154,13,0,0,0,1.6153846153846154,13,0,0,0,1.6153846153846154,13,0,0,0,0.0,3.0,0
baseline_3f,36,cusum_fgo,13,13,0,0,0,0.6153846153846154,13,0,0,0,1.6153846153846154,13,0,0,0,1.6153846153846154,13,0,0,0,0.0,3.0,0
baseline_3f,37,cusum_ekf,13,13,0,0,0,1.1538461538461537,13,0,0,0,2.1538461538461537,13,0,0,0,2.1538461538461537,12,1,0,0,0.07692307692307693,3.25,0
baseline_3f,37,cusum_fgo,13,13,0,0,0,1.1538461538461537,13,0,0,0,2.1538461538461537,13,0,0,0,2.1538461538461537,12,1,0,0,0.07692307692307693,3.25,0
baseline_3f,38,cusum_ekf,13,13,0,0,0,1.3846153846153846,13,0,0,0,2.3846153846153846,13,0,0,0,2.3846153846153846,12,1,0,0,0.07692307692307693,3.0,0
baseline_3f,38,cusum_fgo,13,13,0,0,0,1.3846153846153846,13,0,0,0,2.3846153846153846,13,0,0,0,2.3846153846153846,12,1,0,0,0.07692307692307693,3.0,0
baseline_3f,39,cusum_ekf,13,13,0,0,0,0.7692307692307693,13,0,0,0,1.7692307692307692,13,0,0,0,1.7692307692307692,13,0,0,0,0.0,3.0,0
baseline_3f,39,cusum_fgo,13,13,0,0,0,0.7692307692307693,13,0,0,0,1.7692307692307692,13,0,0,0,1.7692307692307692,13,0,0,0,0.0,3.0,0
baseline_3f,40,cusum_ekf,13,12,0,1,0,0.75,12,0,1,0,1.75,11,1,1,0,1.7272727272727273,11,1,0,1,0.08333333333333333,2.8181818181818183,1
baseline_3f,40,cusum_fgo,13,12,0,1,0,0.75,12,0,1,0,1.75,11,1,1,0,1.7272727272727273,11,1,0,1,0.08333333333333333,2.8181818181818183,1
baseline_3f,41,cusum_ekf,13,13,0,0,0,0.9230769230769231,13,0,0,0,1.9230769230769231,13,0,0,0,1.9230769230769231,12,1,0,0,0.07692307692307693,3.0,0
baseline_3f,41,cusum_fgo,13,13,0,0,0,0.9230769230769231,13,0,0,0,1.9230769230769231,13,0,0,0,1.9230769230769231,12,1,0,0,0.07692307692307693,3.0,0
baseline_3f,42,cusum_ekf,13,13,0,0,0,0.6153846153846154,13,0,0,0,1.6153846153846154,13,0,0,0,1.6153846153846154,12,1,0,0,0.07692307692307693,3.0,0
baseline_3f,42,cusum_fgo,13,13,0,0,0,0.6153846153846154,13,0,0,0,1.6153846153846154,13,0,0,0,1.6153846153846154,12,1,0,0,0.07692307692307693,3.0,0
baseline_3f,43,cusum_ekf,13,13,0,0,0,0.7692307692307693,13,0,0,0,1.7692307692307692,13,0,0,0,1.7692307692307692,13,0,0,0,0.0,3.0,0
baseline_3f,43,cusum_fgo,13,13,0,0,0,0.7692307692307693,13,0,0,0,1.7692307692307692,13,0,0,0,1.7692307692307692,13,0,0,0,0.0,3.0,0
baseline_3f,44,cusum_ekf,13,13,0,0,0,0.6153846153846154,13,0,0,0,1.6153846153846154,13,0,0,0,1.6153846153846154,12,1,0,0,0.07692307692307693,3.0,0
baseline_3f,44,cusum_fgo,13,13,0,0,0,0.6153846153846154,13,0,0,0,1.6153846153846154,13,0,0,0,1.6153846153846154,12,1,0,0,0.07692307692307693,3.0,0
baseline_3f,45,cusum_ekf,13,13,0,0,0,0.8461538461538461,13,0,0,0,1.8461538461538463,13,0,0,0,1.8461538461538463,13,0,0,0,0.0,3.0,0
baseline_3f,45,cusum_fgo,13,13,0,0,0,0.8461538461538461,13,0,0,0,1.8461538461538463,13,0,0,0,1.8461538461538463,13,0,0,0,0.0,3.0,0
baseline_3f,46,cusum_ekf,13,13,0,0,0,0.6153846153846154,13,0,0,0,1.6153846153846154,13,0,0,0,1.6153846153846154,13,0,0,0,0.0,3.4615384615384617,0
baseline_3f,46,cusum_fgo,13,13,0,0,0,0.6153846153846154,13,0,0,0,1.6153846153846154,13,0,0,0,1.6153846153846154,13,0,0,0,0.0,3.4615384615384617,0
baseline_3f,47,cusum_ekf,13,13,0,0,0,0.7692307692307693,13,0,0,0,1.7692307692307692,13,0,0,0,1.7692307692307692,13,0,0,0,0.0,3.1538461538461537,0
baseline_3f,47,cusum_fgo,13,13,0,0,0,0.7692307692307693,13,0,0,0,1.7692307692307692,13,0,0,0,1.7692307692307692,13,0,0,0,0.0,3.1538461538461537,0
baseline_3f,48,cusum_ekf,13,13,0,0,0,0.6923076923076923,13,0,0,0,1.6923076923076923,13,0,0,0,1.6923076923076923,13,0,0,0,0.0,3.0,0
baseline_3f,48,cusum_fgo,13,13,0,0,0,0.6923076923076923,13,0,0,0,1.6923076923076923,13,0,0,0,1.6923076923076923,13,0,0,0,0.0,3.0,0
baseline_3f,49,cusum_ekf,13,13,0,0,0,0.7692307692307693,13,0,0,0,1.7692307692307692,13,0,0,0,1.7692307692307692,13,0,0,0,0.0,3.1538461538461537,0
baseline_3f,49,cusum_fgo,13,13,0,0,0,0.7692307692307693,13,0,0,0,1.7692307692307692,13,0,0,0,1.7692307692307692,13,0,0,0,0.0,3.1538461538461537,0
baseline_3f,50,cusum_ekf,13,13,0,0,0,1.0,13,0,0,0,2.0,13,0,0,0,2.0,13,0,0,0,0.0,3.230769230769231,0
baseline_3f,50,cusum_fgo,13,13,0,0,0,1.0,13,0,0,0,2.0,13,0,0,0,2.0,13,0,0,0,0.0,3.230769230769231,0
healthy_maneuver,1,cusum_ekf,0,0,0,0,0,,0,0,0,0,,0,0,0,0,,0,0,0,0,,,0
healthy_maneuver,1,cusum_fgo,0,0,0,0,0,,0,0,0,0,,0,0,0,0,,0,0,0,0,,,0
healthy_maneuver,2,cusum_ekf,0,0,0,0,0,,0,0,0,0,,0,0,0,0,,0,0,0,0,,,0
healthy_maneuver,2,cusum_fgo,0,0,0,0,0,,0,0,0,0,,0,0,0,0,,0,0,0,0,,,0
healthy_maneuver,3,cusum_ekf,0,0,0,0,0,,0,0,0,0,,0,0,0,0,,0,0,0,0,,,0
healthy_maneuver,3,cusum_fgo,0,0,0,0,0,,0,0,0,0,,0,0,0,0,,0,0,0,0,,,0
healthy_maneuver,4,cusum_ekf,0,0,0,0,0,,0,0,0,0,,0,0,0,0,,0,0,0,0,,,0
healthy_maneuver,4,cusum_fgo,0,0,0,0,0,,0,0,0,0,,0,0,0,0,,0,0,0,0,,,0
healthy_maneuver,5,cusum_ekf,0,0,0,0,0,,0,0,0,0,,0,0,0,0,,0,0,0,0,,,0
healthy_maneuver,5,cusum_fgo,0,0,0,0,0,,0,0,0,0,,0,0,0,0,,0,0,0,0,,,0
healthy_maneuver,6,cusum_ekf,0,0,0,0,0,,0,0,0,0,,0,0,0,0,,0,0,0,0,,,0
healthy_maneuver,6,cusum_fgo,0,0,0,0,0,,0,0,0,0,,0,0,0,0,,0,0,0,0,,,0
healthy_maneuver,7,cusum_ekf,0,0,0,0,0,,0,0,0,0,,0,0,0,0,,0,0,0,0,,,0
healthy_maneuver,7,cusum_fgo,0,0,0,0,0,,0,0,0,0,,0,0,0,0,,0,0,0,0,,,0
healthy_maneuver,8,cusum_ekf,0,0,0,0,0,,0,0,0,0,,0,0,0,0,,0,0,0,0,,,0
healthy_maneuver,8,cusum_fgo,0,0,0,0,0,,0,0,0,0,,0,0,0,0,,0,0,0,0,,,0
healthy_maneuver,9,cusum_ekf,0,0,0,0,0,,0,0,0,0,,0,0,0,0,,0,0,0,0,,,0
healthy_maneuver,9,cusum_fgo,0,0,0,0,0,,0,0,0,0,,0,0,0,0,,0,0,0,0,,,0
healthy_maneuver,10,cusum_ekf,0,0,0,0,0,,0,0,0,0,,0,0,0,0,,0,0,0,0,,,0
healthy_maneuver,10,cusum_fgo,0,0,0,0,0,,0,0,0,0,,0,0,0,0,,0,0,0,0,,,0
healthy_maneuver,11,cusum_ekf,0,0,0,0,0,,0,0,0,0,,0,0,0,0,,0,0,0,0,,,0
healthy_maneuver,11,cusum_fgo,0,0,0,0,0,,0,0,0,0,,0,0,0,0,,0,0,0,0,,,0
healthy_maneuver,12,cusum_ekf,0,0,0,0,0,,0,0,0,0,,0,0,0,0,,0,0,0,0,,,0
healthy_maneuver,12,cusum_fgo,0,0,0,0,0,,0,0,0,0,,0,0,0,0,,0,0,0,0,,,0
healthy_maneuver,13,cusum_ekf,0,0,0,0,0,,0,0,0,0,,0,0,0,0,,0,0,0,0,,,0
healthy_maneuver,13,cusum_fgo,0,0,0,0,0,,0,0,0,0,,0,0,0,0,,0,0,0,0,,,0
healthy_maneuver,14,cusum_ekf,0,0,0,0,0,,0,0,0,0,,0,0,0,0,,0,0,0,0,,,0
healthy_maneuver,14,cusum_fgo,0,0,0,0,0,,0,0,0,0,,0,0,0,0,,0,0,0,0,,,0
healthy_maneuver,15,cusum_ekf,0,0,0,0,0,,0,0,0,0,,0,0,0,0,,0,0,0,0,,,0
healthy_maneuver,15,cusum_fgo,0,0,0,0,0,,0,0,0,0,,0,0,0,0,,0,0,0,0,,,0
healthy_maneuver,16,cusum_ekf,0,0,0,0,0,,0,0,0,0,,0,0,0,0,,0,0,0,0,,,0
healthy_maneuver,16,cusum_fgo,0,0,0,0,0,,0,0,0,0,,0,0,0,0,,0,0,0,0,,,0
healthy_maneuver,17,cusum_ekf,0,0,0,0,0,,0,0,0,0,,0,0,0,0,,0,0,0,0,,,0
healthy_maneuver,17,cusum_fgo,0,0,0,0,0,,0,0,0,0,,0,0,0,0,,0,0,0,0,,,0
healthy_maneuver,18,cusum_ekf,0,0,0,0,0,,0,0,0,0,,0,0,0,0,,0,0,0,0,,,0
healthy_maneuver,18,cusum_fgo,0,0,0,0,0,,0,0,0,0,,0,0,0,0,,0,0,0,0,,,0
healthy_maneuver,19,cusum_ekf,0,0,0,0,0,,0,0,0,0,,0,0,0,0,,0,0,0,0,,,0
healthy_maneuver,19,cusum_fgo,0,0,0,0,0,,0,0,0,0,,0,0,0,0,,0,0,0,0,,,0
healthy_maneuver,20,cusum_ekf,0,0,0,0,0,,0,0,0,0,,0,0,0,0,,0,0,0,0,,,0
healthy_maneuver,20,cusum_fgo,0,0,0,0,0,,0,0,0,0,,0,0,0,0,,0,0,0,0,,,0
healthy_maneuver,21,cusum_ekf,0,0,0,0,0,,0,0,0,0,,0,0,0,0,,0,0,0,0,,,0
healthy_maneuver,21,cusum_fgo,0,0,0,0,0,,0,0,0,0,,0,0,0,0,,0,0,0,0,,,0
healthy_maneuver,22,cusum_ekf,0,0,0,0,0,,0,0,0,0,,0,0,0,0,,0,0,0,0,,,0
healthy_maneuver,22,cusum_fgo,0,0,0,0,0,,0,0,0,0,,0,0,0,0,,0,0,0,0,,,0
healthy_maneuver,23,cusum_ekf,0,0,0,0,0,,0,0,0,0,,0,0,0,0,,0,0,0,0,,,0
healthy_maneuver,23,cusum_fgo,0,0,0,0,0,,0,0,0,0,,0,0,0,0,,0,0,0,0,,,0
healthy_maneuver,24,cusum_ekf,0,0,0,0,0,,0,0,0,0,,0,0,0,0,,0,0,0,0,,,0
healthy_maneuver,24,cusum_fgo,0,0,0,0,0,,0,0,0,0,,0,0,0,0,,0,0,0,0,,,0
healthy_maneuver,25,cusum_ekf,0,0,0,0,0,,0,0,0,0,,0,0,0,0,,0,0,0,0,,,0
healthy_maneuver,25,cusum_fgo,0,0,0,0,0,,0,0,0,0,,0,0,0,0,,0,0,0,0,,,0
healthy_maneuver,26,cusum_ekf,0,0,0,0,0,,0,0,0,0,,0,0,0,0,,0,0,0,0,,,0
healthy_maneuver,26,cusum_fgo,0,0,0,0,0,,0,0,0,0,,0,0,0,0,,0,0,0,0,,,0
healthy_maneuver,27,cusum_ekf,0,0,0,0,0,,0,0,0,0,,0,0,0,0,,0,0,0,0,,,0
healthy_maneuver,27,cusum_fgo,0,0,0,0,0,,0,0,0,0,,0,0,0,0,,0,0,0,0,,,0
healthy_maneuver,28,cusum_ekf,0,0,0,0,0,,0,0,0,0,,0,0,0,0,,0,0,0,0,,,0
healthy_maneuver,28,cusum_fgo,0,0,0,0,0,,0,0,0,0,,0,0,0,0,,0,0,0,0,,,0
healthy_maneuver,29,cusum_ekf,0,0,0,0,0,,0,0,0,0,,0,0,0,0,,0,0,0,0,,,0
healthy_maneuver,29,cusum_fgo,0,0,0,0,0,,0,0,0,0,,0,0,0,0,,0,0,0,0,,,0
healthy_maneuver,30,cusum_ekf,0,0,0,0,0,,0,0,0,0,,0,0,0,0,,0,0,0,0,,,0
healthy_maneuver,30,cusum_fgo,0,0,0,0,0,,0,0,0,0,,0,0,0,0,,0,0,0,0,,,0
healthy_maneuver,31,cusum_ekf,0,0,0,0,0,,0,0,0,0,,0,0,0,0,,0,0,0,0,,,0
healthy_maneuver,31,cusum_fgo,0,0,0,0,0,,0,0,0,0,,0,0,0,0,,0,0,0,0,,,0
healthy_maneuver,32,cusum_ekf,0,0,0,0,0,,0,0,0,0,,0,0,0,0,,0,0,0,0,,,0
healthy_maneuver,32,cusum_fgo,0,0,0,0,0,,0,0,0,0,,0,0,0,0,,0,0,0,0,,,0
healthy_maneuver,33,cusum_ekf,0,0,0,0,0,,0,0,0,0,,0,0,0,0,,0,0,0,0,,,0
healthy_maneuver,33,cusum_fgo,0,0,0,0,0,,0,0,0,0,,0,0,0,0,,0,0,0,0,,,0
healthy_maneuver,34,cusum_ekf,0,0,0,0,0,,0,0,0,0,,0,0,0,0,,0,0,0,0,,,0
healthy_maneuver,34,cusum_fgo,0,0,0,0,0,,0,0,0,0,,0,0,0,0,,0,0,0,0,,,0
healthy_maneuver,35,cusum_ekf,0,0,0,0,0,,0,0,0,0,,0,0,0,0,,0,0,0,0,,,0
healthy_maneuver,35,cusum_fgo,0,0,0,0,0,,0,0,0,0,,0,0,0,0,,0,0,0,0,,,0
healthy_maneuver,36,cusum_ekf,0,0,0,0,0,,0,0,0,0,,0,0,0,0,,0,0,0,0,,,0
healthy_maneuver,36,cusum_fgo,0,0,0,0,0,,0,0,0,0,,0,0,0,0,,0,0,0,0,,,0
healthy_maneuver,37,cusum_ekf,0,0,0,0,0,,0,0,0,0,,0,0,0,0,,0,0,0,0,,,0
healthy_maneuver,37,cusum_fgo,0,0,0,0,0,,0,0,0,0,,0,0,0,0,,0,0,0,0,,,0
healthy_maneuver,38,cusum_ekf,0,0,0,0,0,,0,0,0,0,,0,0,0,0,,0,0,0,0,,,0
healthy_maneuver,38,cusum_fgo,0,0,0,0,0,,0,0,0,0,,0,0,0,0,,0,0,0,0,,,0
healthy_maneuver,39,cusum_ekf,0,0,0,0,0,,0,0,0,0,,0,0,0,0,,0,0,0,0,,,0
healthy_maneuver,39,cusum_fgo,0,0,0,0,0,,0,0,0,0,,0,0,0,0,,0,0,0,0,,,0
healthy_maneuver,40,cusum_ekf,0,0,0,0,0,,0,0,0,0,,0,0,0,0,,0,0,0,0,,,0
healthy_maneuver,40,cusum_fgo,0,0,0,0,0,,0,0,0,0,,0,0,0,0,,0,0,0,0,,,0
healthy_maneuver,41,cusum_ekf,0,0,0,0,0,,0,0,0,0,,0,0,0,0,,0,0,0,0,,,0
healthy_maneuver,41,cusum_fgo,0,0,0,0,0,,0,0,0,0,,0,0,0,0,,0,0,0,0,,,0
healthy_maneuver,42,cusum_ekf,0,0,0,0,0,,0,0,0,0,,0,0,0,0,,0,0,0,0,,,0
healthy_maneuver,42,cusum_fgo,0,0,0,0,0,,0,0,0,0,,0,0,0,0,,0,0,0,0,,,0
healthy_maneuver,43,cusum_ekf,0,0,0,0,0,,0,0,0,0,,0,0,0,0,,0,0,0,0,,,0
healthy_maneuver,43,cusum_fgo,0,0,0,0,0,,0,0,0,0,,0,0,0,0,,0,0,0,0,,,0
healthy_maneuver,44,cusum_ekf,0,0,0,0,0,,0,0,0,0,,0,0,0,0,,0,0,0,0,,,0
healthy_maneuver,44,cusum_fgo,0,0,0,0,0,,0,0,0,0,,0,0,0,0,,0,0,0,0,,,0
healthy_maneuver,45,cusum_ekf,0,0,0,0,0,,0,0,0,0,,0,0,0,0,,0,0,0,0,,,0
healthy_maneuver,45,cusum_fgo,0,0,0,0,0,,0,0,0,0,,0,0,0,0,,0,0,0,0,,,0
healthy_maneuver,46,cusum_ekf,0,0,0,0,0,,0,0,0,0,,0,0,0,0,,0,0,0,0,,,0
healthy_maneuver,46,cusum_fgo,0,0,0,0,0,,0,0,0,0,,0,0,0,0,,0,0,0,0,,,0
healthy_maneuver,47,cusum_ekf,0,0,0,0,0,,0,0,0,0,,0,0,0,0,,0,0,0,0,,,0
healthy_maneuver,47,cusum_fgo,0,0,0,0,0,,0,0,0,0,,0,0,0,0,,0,0,0,0,,,0
healthy_maneuver,48,cusum_ekf,0,0,0,0,0,,0,0,0,0,,0,0,0,0,,0,0,0,0,,,0
healthy_maneuver,48,cusum_fgo,0,0,0,0,0,,0,0,0,0,,0,0,0,0,,0,0,0,0,,,0
healthy_maneuver,49,cusum_ekf,0,0,0,0,0,,0,0,0,0,,0,0,0,0,,0,0,0,0,,,0
healthy_maneuver,49,cusum_fgo,0,0,0,0,0,,0,0,0,0,,0,0,0,0,,0,0,0,0,,,0
healthy_maneuver,50,cusum_ekf,0,0,0,0,0,,0,0,0,0,,0,0,0,0,,0,0,0,0,,,0
healthy_maneuver,50,cusum_fgo,0,0,0,0,0,,0,0,0,0,,0,0,0,0,,0,0,0,0,,,0
