Scenario,Method,EdgeScope,Phase,HealthyEdgeEpochs_N,HealthyEdgeEpochs_Mean,HealthyEdgeEpochs_SD,AlarmNewHealthyEpisodes_N,AlarmNewHealthyEpisodes_Mean,AlarmNewHealthyEpisodes_SD,AlarmOccupiedHealthyEpochs_N,AlarmOccupiedHealthyEpochs_Mean,AlarmOccupiedHealthyEpochs_SD,AlarmResidualFromFaultEpochs_N,AlarmResidualFromFaultEpochs_Mean,AlarmResidualFromFaultEpochs_SD,AlarmHealthyOccupancy_N,AlarmHealthyOccupancy_Mean,AlarmHealthyOccupancy_SD,AlarmEpisodesPerEdgeHour_N,AlarmEpisodesPerEdgeHour_Mean,AlarmEpisodesPerEdgeHour_SD,IsolationNewHealthyEpisodes_N,IsolationNewHealthyEpisodes_Mean,IsolationNewHealthyEpisodes_SD,IsolationOccupiedHealthyEpochs_N,IsolationOccupiedHealthyEpochs_Mean,IsolationOccupiedHealthyEpochs_SD,IsolationResidualFromFaultEpochs_N,IsolationResidualFromFaultEpochs_Mean,IsolationResidualFromFaultEpochs_SD,IsolationHealthyOccupancy_N,IsolationHealthyOccupancy_Mean,IsolationHealthyOccupancy_SD,IsolationEpisodesPerEdgeHour_N,IsolationEpisodesPerEdgeHour_Mean,IsolationEpisodesPerEdgeHour_SD
baseline_3f,cusum_ekf,follower,all,50,1755.0,0.0,50,0.0,0.0,50,0.0,0.0,50,0.0,0.0,50,0.0,0.0,50,0.0,0.0,50,0.0,0.0,50,0.0,0.0,50,0.0,0.0,50,0.0,0.0,50,0.0,0.0
baseline_3f,cusum_ekf,leader,all,50,5044.0,0.0,50,0.08,0.3404678653660853,50,106.64,148.15046956609035,50,95.94,128.22276692999444,50,0.02114195083267248,0.029371623625315296,50,0.0570975416336241,0.24299847647063977,50,0.52,1.129204162592543,50,97.8,129.91755627539885,50,57.38,47.81720721792992,50,0.01938937351308485,0.02575685096657392,50,0.37113402061855666,0.8059347710811171
baseline_3f,cusum_fgo,follower,all,50,1755.0,0.0,50,0.0,0.0,50,0.0,0.0,50,0.0,0.0,50,0.0,0.0,50,0.0,0.0,50,0.0,0.0,50,0.0,0.0,50,0.0,0.0,50,0.0,0.0,50,0.0,0.0
baseline_3f,cusum_fgo,leader,all,50,5044.0,0.0,50,0.08,0.3404678653660853,50,106.64,148.15046956609035,50,95.94,128.22276692999444,50,0.02114195083267248,0.029371623625315296,50,0.0570975416336241,0.24299847647063977,50,0.52,1.129204162592543,50,97.8,129.91755627539885,50,57.38,47.81720721792992,50,0.01938937351308485,0.02575685096657392,50,0.37113402061855666,0.8059347710811171
healthy_maneuver,cusum_ekf,follower,all,50,1755.0,0.0,50,2.08,0.27404751561786966,50,324.56,92.08406984037656,50,0.0,0.0,50,0.1849344729344729,0.052469555464602025,50,4.2666666666666675,0.5621487499853736,50,0.0,0.0,50,0.0,0.0,50,0.0,0.0,50,0.0,0.0,50,0.0,0.0
healthy_maneuver,cusum_ekf,follower,maneuver,50,603.0,0.0,50,2.02,0.14142135623730948,50,202.9,48.52739600746475,50,0.0,0.0,50,0.3364842454394693,0.08047661029430307,50,12.059701492537311,0.8443066044018475,50,0.0,0.0,50,0.0,0.0,50,0.0,0.0,50,0.0,0.0,50,0.0,0.0
healthy_maneuver,cusum_ekf,follower,post,50,420.0,0.0,50,0.06,0.23989793748209523,50,121.66,81.37030747622569,50,0.0,0.0,50,0.2896666666666667,0.19373882732434689,50,0.5142857142857143,2.0562680355608163,50,0.0,0.0,50,0.0,0.0,50,0.0,0.0,50,0.0,0.0,50,0.0,0.0
healthy_maneuver,cusum_ekf,follower,pre,50,732.0,0.0,50,0.0,0.0,50,0.0,0.0,50,0.0,0.0,50,0.0,0.0,50,0.0,0.0,50,0.0,0.0,50,0.0,0.0,50,0.0,0.0,50,0.0,0.0,50,0.0,0.0
healthy_maneuver,cusum_ekf,leader,all,50,5265.0,0.0,50,0.32,0.47121207149916117,50,42.0,75.10754194581831,50,0.0,0.0,50,0.007977207977207978,0.01426544006568249,50,0.2188034188034188,0.32219628820455465,50,0.32,0.47121207149916117,50,42.0,75.10754194581831,50,0.0,0.0,50,0.007977207977207978,0.01426544006568249,50,0.2188034188034188,0.32219628820455465
healthy_maneuver,cusum_ekf,leader,maneuver,50,1809.0,0.0,50,0.32,0.47121207149916117,50,30.8,48.09514380000186,50,0.0,0.0,50,0.017025981205085684,0.026586591376452105,50,0.63681592039801,0.9377354656699726,50,0.32,0.47121207149916117,50,30.8,48.09514380000186,50,0.0,0.0,50,0.017025981205085684,0.026586591376452105,50,0.63681592039801,0.9377354656699726
healthy_maneuver,cusum_ekf,leader,post,50,1260.0,0.0,50,0.0,0.0,50,11.2,38.36665218650175,50,0.0,0.0,50,0.008888888888888889,0.030449723957541076,50,0.0,0.0,50,0.0,0.0,50,11.2,38.36665218650175,50,0.0,0.0,50,0.008888888888888889,0.030449723957541076,50,0.0,0.0
healthy_maneuver,cusum_ekf,leader,pre,50,2196.0,0.0,50,0.0,0.0,50,0.0,0.0,50,0.0,0.0,50,0.0,0.0,50,0.0,0.0,50,0.0,0.0,50,0.0,0.0,50,0.0,0.0,50,0.0,0.0,50,0.0,0.0
healthy_maneuver,cusum_fgo,follower,all,50,1755.0,0.0,50,2.08,0.27404751561786966,50,324.56,92.08406984037656,50,0.0,0.0,50,0.1849344729344729,0.052469555464602025,50,4.2666666666666675,0.5621487499853736,50,0.0,0.0,50,0.0,0.0,50,0.0,0.0,50,0.0,0.0,50,0.0,0.0
healthy_maneuver,cusum_fgo,follower,maneuver,50,603.0,0.0,50,2.02,0.14142135623730948,50,202.9,48.52739600746475,50,0.0,0.0,50,0.3364842454394693,0.08047661029430307,50,12.059701492537311,0.8443066044018475,50,0.0,0.0,50,0.0,0.0,50,0.0,0.0,50,0.0,0.0,50,0.0,0.0
healthy_maneuver,cusum_fgo,follower,post,50,420.0,0.0,50,0.06,0.23989793748209523,50,121.66,81.37030747622569,50,0.0,0.0,50,0.2896666666666667,0.19373882732434689,50,0.5142857142857143,2.0562680355608163,50,0.0,0.0,50,0.0,0.0,50,0.0,0.0,50,0.0,0.0,50,0.0,0.0
healthy_maneuver,cusum_fgo,follower,pre,50,732.0,0.0,50,0.0,0.0,50,0.0,0.0,50,0.0,0.0,50,0.0,0.0,50,0.0,0.0,50,0.0,0.0,50,0.0,0.0,50,0.0,0.0,50,0.0,0.0,50,0.0,0.0
healthy_maneuver,cusum_fgo,leader,all,50,5265.0,0.0,50,0.32,0.47121207149916117,50,42.0,75.10754194581831,50,0.0,0.0,50,0.007977207977207978,0.01426544006568249,50,0.2188034188034188,0.32219628820455465,50,0.32,0.47121207149916117,50,42.0,75.10754194581831,50,0.0,0.0,50,0.007977207977207978,0.01426544006568249,50,0.2188034188034188,0.32219628820455465
healthy_maneuver,cusum_fgo,leader,maneuver,50,1809.0,0.0,50,0.32,0.47121207149916117,50,30.8,48.09514380000186,50,0.0,0.0,50,0.017025981205085684,0.026586591376452105,50,0.63681592039801,0.9377354656699726,50,0.32,0.47121207149916117,50,30.8,48.09514380000186,50,0.0,0.0,50,0.017025981205085684,0.026586591376452105,50,0.63681592039801,0.9377354656699726
healthy_maneuver,cusum_fgo,leader,post,50,1260.0,0.0,50,0.0,0.0,50,11.2,38.36665218650175,50,0.0,0.0,50,0.008888888888888889,0.030449723957541076,50,0.0,0.0,50,0.0,0.0,50,11.2,38.36665218650175,50,0.0,0.0,50,0.008888888888888889,0.030449723957541076,50,0.0,0.0
healthy_maneuver,cusum_fgo,leader,pre,50,2196.0,0.0,50,0.0,0.0,50,0.0,0.0,50,0.0,0.0,50,0.0,0.0,50,0.0,0.0,50,0.0,0.0,50,0.0,0.0,50,0.0,0.0,50,0.0,0.0,50,0.0,0.0
