Seed,Follower,Leader,Start,LastIsolatedEpoch,OccupiedEpochs,StillIsolatedAtRunEnd,MedianAbsInnovation,MedianPredictionError,PredictorFrozenFraction
2,2,3,324.0,600.0,277,True,1.9066722168322656,-1.5230764447761658,1.0
4,2,3,327.0,429.0,103,False,1.565228250597037,-1.2664134701111607,1.0
6,2,3,322.0,438.0,117,False,2.0220786503583246,-1.7080948045595505,1.0
9,2,3,331.0,427.0,97,False,1.4402669988092638,-1.1914843728456503,1.0
17,2,3,327.0,423.0,97,False,1.5685934065580835,-1.312327805632492,1.0
18,2,3,332.0,405.0,74,False,1.4952704582262375,-1.18031794017665,1.0
25,2,3,328.0,600.0,273,True,1.6297696631114666,-1.27378857173278,1.0
27,2,3,323.0,427.0,105,False,1.81870527560422,-1.5159610771615917,1.0
28,2,3,331.0,420.0,90,False,1.558951401285303,-1.291592042446723,1.0
29,2,3,329.0,425.0,97,False,1.5719898600524904,-1.281427570626363,1.0
34,2,3,326.0,427.0,102,False,1.6587107767189138,-1.3565910828147878,1.0
36,2,3,334.0,418.0,85,False,1.2849281767054772,-1.0331500367803983,1.0
39,2,3,324.0,600.0,277,True,2.023421701125956,-1.582317787091938,1.0
40,2,2,420.0,600.0,181,True,2.904463719082389,2.299993731195002,1.0
41,2,3,331.0,418.0,88,False,1.4703729714957223,-1.2846296521839236,1.0
42,2,3,331.0,367.0,37,False,1.4995048104779856,-1.2120518002402605,1.0
