Scenario,Method,Aggregation,Follower,Maximum_N,Maximum_Mean,Maximum_SD,Mean_N,Mean_Mean,Mean_SD,CDF95_N,CDF95_Mean,CDF95_SD,RMSE3D_N,RMSE3D_Mean,RMSE3D_SD
baseline_3f,cusum_ekf,follower,1,50,9.342974437207094,3.459216022013498,50,1.4904051744035536,0.37123311026331307,50,3.300613616730684,1.210450272887157,50,1.8989400238940561,0.5685388962395459
baseline_3f,cusum_ekf,follower,2,50,8.428538939749844,1.556614606294731,50,1.4190556070612752,0.3405994784553467,50,3.5625448296362405,1.1150814690069968,50,1.8085979627830318,0.46335071409638184
baseline_3f,cusum_ekf,follower,3,50,7.072010355704793,1.701802561619964,50,1.184157154043956,0.15449672520286986,50,2.5361050007754096,0.4741923125097034,50,1.4419318492740132,0.22085240900976183
baseline_3f,cusum_ekf,macro,0,50,8.281174577553909,1.484598257612463,50,1.3645393118362619,0.1973245255888652,50,3.1330878157141115,0.6909845728893917,50,1.7164899453170337,0.2938803760501826
baseline_3f,cusum_ekf,pooled,0,50,10.289867007884714,3.119775432158308,50,1.3645393118362619,0.19732452558886518,50,3.20608566247569,0.8366607457071847,50,1.7509755105733005,0.3367479385002092
baseline_3f,cusum_fgo,follower,1,50,3.6680787965695676,1.1481353286725524,50,1.145206076682713,0.35414273288529674,50,1.9301083063430988,0.5284081797183042,50,1.2546354310437307,0.3745359460564916
baseline_3f,cusum_fgo,follower,2,50,3.0234711344951744,0.910354399684528,50,0.9955748574313098,0.25240068522142745,50,1.697034679062769,0.42354812565440847,50,1.0809038514675378,0.26291422788865043
baseline_3f,cusum_fgo,follower,3,50,2.4438415751366085,0.990730092015877,50,0.7876637460148298,0.2014775477568882,50,1.3331352800849368,0.25353241010755595,50,0.8604700051261608,0.2053437703883995
baseline_3f,cusum_fgo,macro,0,50,3.0451305020671176,0.77126680646603,50,0.9761482267096175,0.17729306843409914,50,1.653426088496935,0.277309157366486,50,1.0653364292124763,0.19142493970099453
baseline_3f,cusum_fgo,pooled,0,50,3.926610437684701,1.2211736097004775,50,0.9761482267096178,0.17729306843409914,50,1.7965245163859993,0.38217114105105804,50,1.0958888672652987,0.2074221352392533
baseline_3f,ekf,follower,1,50,11.29919551439192,2.2502481792752937,50,1.779145637707079,0.16951861671359256,50,6.396674696720226,1.705508995605692,50,2.597690532587239,0.3366067128644786
baseline_3f,ekf,follower,2,50,11.724078702233726,2.3099629356749376,50,1.8194300459584205,0.22970670404032897,50,7.152644173164959,1.8866372168211014,50,2.8092560934711854,0.4899454500905542
baseline_3f,ekf,follower,3,50,9.398830492581844,2.170969594408678,50,1.528975570512339,0.17266273324846024,50,5.469839254238731,1.360429252354865,50,2.2209589816989794,0.3532543944806666
baseline_3f,ekf,macro,0,50,10.807368236402494,1.3971809305159373,50,1.709183751392613,0.11907758966774673,50,6.339719374707972,0.9795078536914646,50,2.5426352025858012,0.2301003043177211
baseline_3f,ekf,pooled,0,50,12.980956836701155,1.8342725149045025,50,1.709183751392613,0.11907758966774677,50,6.105825940246047,1.0390936601860215,50,2.574261779126447,0.23378000181803937
baseline_3f,fgo,follower,1,50,9.88679442153102,1.6514724961277107,50,2.119425606740297,0.29698429648320046,50,6.034245760532022,0.9646977820220938,50,2.7670919751971494,0.3280139950794944
baseline_3f,fgo,follower,2,50,10.887533440739311,2.2675769758782662,50,2.161304102176135,0.31577127916690517,50,6.620449846888412,1.318163891608631,50,2.960934069432717,0.4489886445561816
baseline_3f,fgo,follower,3,50,8.94608579410103,2.0396168345299404,50,1.5770251221375313,0.21756652298613402,50,5.367744045183697,1.1731845459778423,50,2.246999895473997,0.3711375886462371
baseline_3f,fgo,macro,0,50,9.906804552123786,1.318396247017654,50,1.9525849436846547,0.21935671434514814,50,6.007479884201376,0.9228236989257349,50,2.658341980034622,0.3137302621309941
baseline_3f,fgo,pooled,0,50,11.759644428446286,1.506113973693757,50,1.9525849436846545,0.2193567143451481,50,6.002979061117436,0.9218423096996983,50,2.684527549031781,0.3145351608556051
healthy_maneuver,cusum_ekf,follower,1,50,4.021360379747386,0.7522741206582854,50,1.2251886352854027,0.1758483910373532,50,2.3777685732016467,0.3857214797078387,50,1.3718777180864163,0.20640604693814926
healthy_maneuver,cusum_ekf,follower,2,50,4.158348276642411,1.264100776486254,50,1.161365188546646,0.28685714792810885,50,2.4252382790396414,0.8890875423814731,50,1.3328185844694687,0.38826188845114845
healthy_maneuver,cusum_ekf,follower,3,50,3.4469900932925754,0.47516731006111107,50,1.0337799858686292,0.1221845496453042,50,1.985847844325867,0.25335757252358576,50,1.1531592225618454,0.13970270491503095
healthy_maneuver,cusum_ekf,macro,0,50,3.875566249894124,0.5663027716228134,50,1.140111269900226,0.1299841437172847,50,2.262951565522385,0.3664587868420793,50,1.2859518417059101,0.16725929395685474
healthy_maneuver,cusum_ekf,pooled,0,50,4.654753180602279,1.1077420418632111,50,1.140111269900226,0.1299841437172847,50,2.3431557050520304,0.5407515647455956,50,1.3021127922740103,0.1937344400025298
healthy_maneuver,cusum_fgo,follower,1,50,2.3484977225263792,0.4440350491720517,50,1.058656597030235,0.33589654321158335,50,1.6704645180244255,0.43432674384589987,50,1.1246027639515308,0.34651253792265924
healthy_maneuver,cusum_fgo,follower,2,50,2.1045120775828807,0.35272641907443514,50,0.9272455520178791,0.25300891983492024,50,1.4452726907907052,0.30957948515600836,50,0.9807250860630861,0.25469191496200094
healthy_maneuver,cusum_fgo,follower,3,50,1.70973889520153,0.3220007226345108,50,0.745329689721987,0.20385365015822243,50,1.2002534173191797,0.25169482435664575,50,0.7922946732187175,0.20410432373377244
healthy_maneuver,cusum_fgo,macro,0,50,2.0542495651035964,0.24589991460416072,50,0.9104106129233671,0.1705659212094681,50,1.43866354204477,0.21635082804182126,50,0.9658741744111115,0.1742366499533077
healthy_maneuver,cusum_fgo,pooled,0,50,2.455520293058147,0.4249406765252389,50,0.9104106129233671,0.17056592120946806,50,1.6125910404842099,0.3431098723428827,50,0.9951501130558971,0.18932229074150417
