Seed,Event,Follower,Leader,FaultEnd,FormalRecoveryStatus,LaterRecoveryStatus,LaterRecoveryDelay,LaterObservationStop,MedianAbsInnovation30s,MedianPredictionError30s,PredictorFrozenFraction30s,AlarmFraction30s,IsolationFraction30s
5,2,2,2,135.0,failed_within_30s,recovered,111.0,,1.1233759931641083,-0.8702494021438554,1.0,1.0,1.0
5,10,2,2,447.0,failed_within_30s,recovered,93.0,,1.653294290240545,-1.3386770415899036,1.0,1.0,1.0
10,12,3,3,545.0,failed_within_30s,censored,,run_ended,1.2138208869628206,-1.001669937769094,1.0,1.0,1.0
17,12,3,3,545.0,failed_within_30s,censored,,run_ended,1.9240785394170667,-1.5373619830450167,1.0,1.0,1.0
18,11,1,1,500.0,failed_within_30s,censored,,run_ended,1.5007014461958053,-1.2199091276197294,1.0,1.0,1.0
21,7,2,3,326.0,failed_within_30s,recovered,107.0,,1.1840396297145828,0.9862657497703822,1.0,1.0,1.0
22,7,2,3,326.0,failed_within_30s,recovered,109.0,,1.4945000228532175,-1.2802555264035504,1.0,1.0,1.0
27,1,1,1,92.0,failed_within_30s,recovered,158.0,,1.3501231144881354,-1.030184412090989,1.0,1.0,1.0
27,13,2,1,552.0,failed_within_30s,censored,,run_ended,2.2473576140177114,1.952154296868997,1.0,1.0,1.0
30,8,1,3,380.0,failed_within_30s,recovered,30.0,,1.0777349398871705,0.8038300051279066,1.0,0.9666666666666667,0.9666666666666667
32,10,2,2,447.0,failed_within_30s,recovered,90.0,,1.6857220008665643,-1.453101112248305,1.0,1.0,1.0
33,6,3,1,302.0,failed_within_30s,recovered,67.0,,1.3246949087940254,-1.1271490479389001,1.0,1.0,1.0
33,13,2,1,552.0,failed_within_30s,censored,,run_ended,1.2532264068644037,-1.1059289052235783,1.0,1.0,1.0
34,4,1,2,262.0,failed_within_30s,recovered,104.0,,1.2365000360156293,-1.1278418096191274,1.0,1.0,1.0
37,6,3,1,302.0,failed_within_30s,recovered,65.0,,1.157458063177497,1.010439556678108,1.0,1.0,1.0
38,9,3,2,380.0,failed_within_30s,recovered,81.0,,1.795154688292731,1.412767599980782,1.0,1.0,1.0
40,2,2,2,135.0,failed_within_30s,recovered,112.0,,1.872621287820464,1.630582438904554,1.0,1.0,1.0
41,10,2,2,447.0,failed_within_30s,recovered,91.0,,1.0175002374460553,-0.8848037944165412,1.0,1.0,1.0
42,6,3,1,302.0,failed_within_30s,recovered,55.0,,2.000658369223422,-1.662244562352214,1.0,1.0,1.0
44,12,3,3,545.0,failed_within_30s,censored,,run_ended,1.143532603191256,0.9201527495709598,1.0,1.0,1.0
