Scenario,Seed,Event,Start,End,Follower,Leader,Bias,DrawIndex
baseline_3f,1,1,80.0,92.0,1,1,5.408591610865858,1
baseline_3f,1,2,120.0,135.0,2,2,3.129898403941287,2
baseline_3f,1,3,170.0,185.0,3,3,7.128294544978477,3
baseline_3f,1,4,245.0,262.0,1,2,5.921147706239698,4
baseline_3f,1,5,245.0,262.0,2,1,5.262038609417684,5
baseline_3f,1,6,285.0,302.0,3,1,6.5757755518511045,6
baseline_3f,1,7,310.0,326.0,2,3,6.239375117479543,7
baseline_3f,1,8,365.0,380.0,1,3,5.372288161230309,8
baseline_3f,1,9,365.0,380.0,3,2,4.671090905391751,9
baseline_3f,1,10,430.0,447.0,2,2,6.554208401679282,10
baseline_3f,1,11,485.0,500.0,1,1,2.9149186765648563,11
baseline_3f,1,12,525.0,545.0,3,3,4.594500654272529,12
baseline_3f,1,13,535.0,552.0,2,1,6.708691935326855,13
baseline_3f,2,1,80.0,92.0,1,1,6.670855259376906,1
baseline_3f,2,2,120.0,135.0,2,2,2.4101384917994757,2
baseline_3f,2,3,170.0,185.0,3,3,2.851780029568249,3
baseline_3f,2,4,245.0,262.0,1,2,3.0424646571846115,4
baseline_3f,2,5,245.0,262.0,2,1,2.686786247532841,5
baseline_3f,2,6,285.0,302.0,3,1,6.336825025306592,6
baseline_3f,2,7,310.0,326.0,2,3,5.641985162188518,7
baseline_3f,2,8,365.0,380.0,1,3,7.108881329715887,8
baseline_3f,2,9,365.0,380.0,3,2,7.270691567260894,9
baseline_3f,2,10,430.0,447.0,2,2,2.6716114635561263,10
baseline_3f,2,11,485.0,500.0,1,1,5.317220045248015,11
baseline_3f,2,12,525.0,545.0,3,3,6.662604224802388,12
baseline_3f,2,13,535.0,552.0,2,1,2.791371157685903,13
baseline_3f,3,1,80.0,92.0,1,1,3.0406368390166882,1
baseline_3f,3,2,120.0,135.0,2,2,3.1371141415262094,2
baseline_3f,3,3,170.0,185.0,3,3,4.472348229316333,3
baseline_3f,3,4,245.0,262.0,1,2,3.3882070613724413,4
baseline_3f,3,5,245.0,262.0,2,1,3.2787902530896993,5
baseline_3f,3,6,285.0,302.0,3,1,5.712772900366856,6
baseline_3f,3,7,310.0,326.0,2,3,3.512348170642296,7
baseline_3f,3,8,365.0,380.0,1,3,2.580753276900229,8
baseline_3f,3,9,365.0,380.0,3,2,3.6366623198119,9
baseline_3f,3,10,430.0,447.0,2,2,3.1570458914787256,10
baseline_3f,3,11,485.0,500.0,1,1,2.8284226848576086,11
baseline_3f,3,12,525.0,545.0,3,3,3.638566468941541,12
baseline_3f,3,13,535.0,552.0,2,1,5.611514982437492,13
baseline_3f,4,1,80.0,92.0,1,1,6.7005083380723525,1
baseline_3f,4,2,120.0,135.0,2,2,5.876617431872213,2
baseline_3f,4,3,170.0,185.0,3,3,6.711814553646093,3
baseline_3f,4,4,245.0,262.0,1,2,2.913275473577262,4
baseline_3f,4,5,245.0,262.0,2,1,3.0750272866495383,5
baseline_3f,4,6,285.0,302.0,3,1,6.4794186015393365,6
baseline_3f,4,7,310.0,326.0,2,3,3.2146579581354766,7
baseline_3f,4,8,365.0,380.0,1,3,6.1174862093931655,8
baseline_3f,4,9,365.0,380.0,3,2,4.2183798087619815,9
baseline_3f,4,10,430.0,447.0,2,2,2.5326243347987374,10
baseline_3f,4,11,485.0,500.0,1,1,7.4591827777292625,11
baseline_3f,4,12,525.0,545.0,3,3,6.786375427887008,12
baseline_3f,4,13,535.0,552.0,2,1,4.627200862907909,13
baseline_3f,5,1,80.0,92.0,1,1,3.07040965723863,1
baseline_3f,5,2,120.0,135.0,2,2,3.0519413741512595,2
baseline_3f,5,3,170.0,185.0,3,3,2.8886158512047153,3
baseline_3f,5,4,245.0,262.0,1,2,3.8902838687923436,4
baseline_3f,5,5,245.0,262.0,2,1,7.380593022210796,5
baseline_3f,5,6,285.0,302.0,3,1,3.5598408655656755,6
baseline_3f,5,7,310.0,326.0,2,3,6.333061158138513,7
baseline_3f,5,8,365.0,380.0,1,3,4.2682508106472135,8
baseline_3f,5,9,365.0,380.0,3,2,3.2594306610919483,9
baseline_3f,5,10,430.0,447.0,2,2,5.773442147020752,10
baseline_3f,5,11,485.0,500.0,1,1,4.330351398930149,11
baseline_3f,5,12,525.0,545.0,3,3,3.125204292404046,12
baseline_3f,5,13,535.0,552.0,2,1,2.8522371727750664,13
baseline_3f,6,1,80.0,92.0,1,1,2.6436869647227477,1
baseline_3f,6,2,120.0,135.0,2,2,3.7931257496994566,2
baseline_3f,6,3,170.0,185.0,3,3,3.8435236736777103,3
baseline_3f,6,4,245.0,262.0,1,2,3.147661515438904,4
baseline_3f,6,5,245.0,262.0,2,1,2.6603403170518614,5
baseline_3f,6,6,285.0,302.0,3,1,2.5725427939028367,6
baseline_3f,6,7,310.0,326.0,2,3,5.6241633504864295,7
baseline_3f,6,8,365.0,380.0,1,3,2.6809077976071083,8
baseline_3f,6,9,365.0,380.0,3,2,2.757115009572816,9
baseline_3f,6,10,430.0,447.0,2,2,3.1340269675356174,10
baseline_3f,6,11,485.0,500.0,1,1,6.378143879736877,11
baseline_3f,6,12,525.0,545.0,3,3,4.28569145517812,12
baseline_3f,6,13,535.0,552.0,2,1,2.737159943805726,13
baseline_3f,7,1,80.0,92.0,1,1,2.452819047596414,1
baseline_3f,7,2,120.0,135.0,2,2,2.4231299957802577,2
baseline_3f,7,3,170.0,185.0,3,3,6.8995861811924435,3
baseline_3f,7,4,245.0,262.0,1,2,1.9348394515606957,4
baseline_3f,7,5,245.0,262.0,2,1,5.945822649455898,5
baseline_3f,7,6,285.0,302.0,3,1,3.3936397425047193,6
baseline_3f,7,7,310.0,326.0,2,3,2.7969125036901903,7
baseline_3f,7,8,365.0,380.0,1,3,6.151669403843432,8
baseline_3f,7,9,365.0,380.0,3,2,5.641270962353083,9
baseline_3f,7,10,430.0,447.0,2,2,2.5929953736790456,10
baseline_3f,7,11,485.0,500.0,1,1,3.060144320057186,11
baseline_3f,7,12,525.0,545.0,3,3,2.6950478795830035,12
baseline_3f,7,13,535.0,552.0,2,1,6.9224774364150035,13
baseline_3f,8,1,80.0,92.0,1,1,2.7310448417532305,1
baseline_3f,8,2,120.0,135.0,2,2,3.0958150437280447,2
baseline_3f,8,3,170.0,185.0,3,3,3.5494511763191454,3
baseline_3f,8,4,245.0,262.0,1,2,6.417718976221061,4
baseline_3f,8,5,245.0,262.0,2,1,2.2947878266318007,5
baseline_3f,8,6,285.0,302.0,3,1,6.292372720762353,6
baseline_3f,8,7,310.0,326.0,2,3,3.089134212966905,7
baseline_3f,8,8,365.0,380.0,1,3,2.537509551028044,8
baseline_3f,8,9,365.0,380.0,3,2,2.5532800715018342,9
baseline_3f,8,10,430.0,447.0,2,2,2.505958871292581,10
baseline_3f,8,11,485.0,500.0,1,1,6.343673298391134,11
baseline_3f,8,12,525.0,545.0,3,3,2.7279691326176705,12
baseline_3f,8,13,535.0,552.0,2,1,3.118602057404937,13
baseline_3f,9,1,80.0,92.0,1,1,3.1399898704475775,1
baseline_3f,9,2,120.0,135.0,2,2,7.460445829240501,2
baseline_3f,9,3,170.0,185.0,3,3,5.032126344829436,3
baseline_3f,9,4,245.0,262.0,1,2,5.855025047654583,4
baseline_3f,9,5,245.0,262.0,2,1,5.743919565098219,5
baseline_3f,9,6,285.0,302.0,3,1,2.7370585869621022,6
baseline_3f,9,7,310.0,326.0,2,3,2.025322279737777,7
baseline_3f,9,8,365.0,380.0,1,3,7.171703999831189,8
baseline_3f,9,9,365.0,380.0,3,2,2.950142828998484,9
baseline_3f,9,10,430.0,447.0,2,2,2.656933405382507,10
baseline_3f,9,11,485.0,500.0,1,1,4.443574343025997,11
baseline_3f,9,12,525.0,545.0,3,3,1.9032107623328598,12
baseline_3f,9,13,535.0,552.0,2,1,3.996372220776732,13
baseline_3f,10,1,80.0,92.0,1,1,3.346533288777227,1
baseline_3f,10,2,120.0,135.0,2,2,2.697319635970302,2
baseline_3f,10,3,170.0,185.0,3,3,2.6275564118242403,3
baseline_3f,10,4,245.0,262.0,1,2,4.754292130642176,4
baseline_3f,10,5,245.0,262.0,2,1,2.815444834053416,5
baseline_3f,10,6,285.0,302.0,3,1,4.394892837903964,6
baseline_3f,10,7,310.0,326.0,2,3,3.888007417904353,7
baseline_3f,10,8,365.0,380.0,1,3,3.642342508549218,8
baseline_3f,10,9,365.0,380.0,3,2,4.591808767378528,9
baseline_3f,10,10,430.0,447.0,2,2,2.946085280463568,10
baseline_3f,10,11,485.0,500.0,1,1,6.112704808263488,11
baseline_3f,10,12,525.0,545.0,3,3,6.80446406300936,12
baseline_3f,10,13,535.0,552.0,2,1,6.6209939161669435,13
baseline_3f,11,1,80.0,92.0,1,1,6.250464344582665,1
baseline_3f,11,2,120.0,135.0,2,2,7.547015405098189,2
baseline_3f,11,3,170.0,185.0,3,3,2.762014364806667,3
baseline_3f,11,4,245.0,262.0,1,2,5.487924863588113,4
baseline_3f,11,5,245.0,262.0,2,1,5.942561710344593,5
baseline_3f,11,6,285.0,302.0,3,1,7.259732077361763,6
baseline_3f,11,7,310.0,326.0,2,3,6.300845908736804,7
baseline_3f,11,8,365.0,380.0,1,3,6.784472709950334,8
baseline_3f,11,9,365.0,380.0,3,2,2.550713169813376,9
baseline_3f,11,10,430.0,447.0,2,2,6.582704676505647,10
baseline_3f,11,11,485.0,500.0,1,1,3.4367743779785984,11
baseline_3f,11,12,525.0,545.0,3,3,6.6134257949636455,12
baseline_3f,11,13,535.0,552.0,2,1,6.246975242211603,13
baseline_3f,12,1,80.0,92.0,1,1,6.5581819726947606,1
baseline_3f,12,2,120.0,135.0,2,2,3.2811246037089314,2
baseline_3f,12,3,170.0,185.0,3,3,6.245071726866602,3
baseline_3f,12,4,245.0,262.0,1,2,7.0357654244539365,4
baseline_3f,12,5,245.0,262.0,2,1,3.745120596863514,5
baseline_3f,12,6,285.0,302.0,3,1,2.526762073957164,6
baseline_3f,12,7,310.0,326.0,2,3,3.268542401251562,7
baseline_3f,12,8,365.0,380.0,1,3,2.3951501441029253,8
baseline_3f,12,9,365.0,380.0,3,2,2.914402257602647,9
baseline_3f,12,10,430.0,447.0,2,2,3.784732046557739,10
baseline_3f,12,11,485.0,500.0,1,1,7.486120666554919,11
baseline_3f,12,12,525.0,545.0,3,3,5.798711128355387,12
baseline_3f,12,13,535.0,552.0,2,1,4.900959609797327,13
baseline_3f,13,1,80.0,92.0,1,1,1.8750399181053794,1
baseline_3f,13,2,120.0,135.0,2,2,7.374186881813399,2
baseline_3f,13,3,170.0,185.0,3,3,6.890524366654379,3
baseline_3f,13,4,245.0,262.0,1,2,2.7724880445341586,4
baseline_3f,13,5,245.0,262.0,2,1,4.15703691079793,5
baseline_3f,13,6,285.0,302.0,3,1,2.6297938567117614,6
baseline_3f,13,7,310.0,326.0,2,3,5.3269286132367535,7
baseline_3f,13,8,365.0,380.0,1,3,3.329258540670905,8
baseline_3f,13,9,365.0,380.0,3,2,2.2916857502258323,9
baseline_3f,13,10,430.0,447.0,2,2,4.396856729081546,10
baseline_3f,13,11,485.0,500.0,1,1,5.583088681638715,11
baseline_3f,13,12,525.0,545.0,3,3,3.4955463990106943,12
baseline_3f,13,13,535.0,552.0,2,1,2.944767890747138,13
baseline_3f,14,1,80.0,92.0,1,1,2.3395525246252324,1
baseline_3f,14,2,120.0,135.0,2,2,3.1457990362838637,2
baseline_3f,14,3,170.0,185.0,3,3,5.18631368358367,3
baseline_3f,14,4,245.0,262.0,1,2,7.223231250947634,4
baseline_3f,14,5,245.0,262.0,2,1,3.4763954163480477,5
baseline_3f,14,6,285.0,302.0,3,1,7.796665109235205,6
baseline_3f,14,7,310.0,326.0,2,3,2.2739079770931676,7
baseline_3f,14,8,365.0,380.0,1,3,2.1863927307881674,8
baseline_3f,14,9,365.0,380.0,3,2,4.780491426933913,9
baseline_3f,14,10,430.0,447.0,2,2,4.22153137801725,10
baseline_3f,14,11,485.0,500.0,1,1,2.503452348963026,11
baseline_3f,14,12,525.0,545.0,3,3,1.7685804497768263,12
baseline_3f,14,13,535.0,552.0,2,1,4.670492628920046,13
baseline_3f,15,1,80.0,92.0,1,1,5.216436540129436,1
baseline_3f,15,2,120.0,135.0,2,2,4.920667577476289,2
baseline_3f,15,3,170.0,185.0,3,3,3.762110287856423,3
baseline_3f,15,4,245.0,262.0,1,2,3.14981124237453,4
baseline_3f,15,5,245.0,262.0,2,1,2.753195301681116,5
baseline_3f,15,6,285.0,302.0,3,1,3.3404231071632267,6
baseline_3f,15,7,310.0,326.0,2,3,3.4305466188829414,7
baseline_3f,15,8,365.0,380.0,1,3,3.393541165699894,8
baseline_3f,15,9,365.0,380.0,3,2,2.914400856113139,9
baseline_3f,15,10,430.0,447.0,2,2,4.699325867331339,10
baseline_3f,15,11,485.0,500.0,1,1,2.4199251040922056,11
baseline_3f,15,12,525.0,545.0,3,3,4.919346297836233,12
baseline_3f,15,13,535.0,552.0,2,1,3.7406066191214373,13
baseline_3f,16,1,80.0,92.0,1,1,3.3693089235520377,1
baseline_3f,16,2,120.0,135.0,2,2,2.8233470609758555,2
baseline_3f,16,3,170.0,185.0,3,3,3.5225457031718506,3
baseline_3f,16,4,245.0,262.0,1,2,2.6222738508086034,4
baseline_3f,16,5,245.0,262.0,2,1,2.9296205531601216,5
baseline_3f,16,6,285.0,302.0,3,1,3.7451135208021924,6
baseline_3f,16,7,310.0,326.0,2,3,2.438134713376389,7
baseline_3f,16,8,365.0,380.0,1,3,7.372035132657994,8
baseline_3f,16,9,365.0,380.0,3,2,6.264340568962487,9
baseline_3f,16,10,430.0,447.0,2,2,5.790358933575046,10
baseline_3f,16,11,485.0,500.0,1,1,2.2872895635844532,11
baseline_3f,16,12,525.0,545.0,3,3,3.59841996398113,12
baseline_3f,16,13,535.0,552.0,2,1,2.7203773485178577,13
baseline_3f,17,1,80.0,92.0,1,1,3.5685789214165684,1
baseline_3f,17,2,120.0,135.0,2,2,5.4051548877385045,2
baseline_3f,17,3,170.0,185.0,3,3,6.975190372132592,3
baseline_3f,17,4,245.0,262.0,1,2,4.109571472956472,4
baseline_3f,17,5,245.0,262.0,2,1,1.521065531376717,5
baseline_3f,17,6,285.0,302.0,3,1,5.579804496124676,6
baseline_3f,17,7,310.0,326.0,2,3,5.052263050173166,7
baseline_3f,17,8,365.0,380.0,1,3,2.9109883663851908,8
baseline_3f,17,9,365.0,380.0,3,2,2.4458674758074714,9
baseline_3f,17,10,430.0,447.0,2,2,6.434654612988833,10
baseline_3f,17,11,485.0,500.0,1,1,1.9342056372481524,11
baseline_3f,17,12,525.0,545.0,3,3,6.368678421691388,12
baseline_3f,17,13,535.0,552.0,2,1,6.2711567052751365,13
baseline_3f,18,1,80.0,92.0,1,1,5.050488756925289,1
baseline_3f,18,2,120.0,135.0,2,2,3.7393131320916826,2
baseline_3f,18,3,170.0,185.0,3,3,4.041654708601321,3
baseline_3f,18,4,245.0,262.0,1,2,2.301284890814354,4
baseline_3f,18,5,245.0,262.0,2,1,4.933775921796467,5
baseline_3f,18,6,285.0,302.0,3,1,2.9221044339014766,6
baseline_3f,18,7,310.0,326.0,2,3,1.818730297264125,7
baseline_3f,18,8,365.0,380.0,1,3,2.9578211484464156,8
baseline_3f,18,9,365.0,380.0,3,2,4.5141166236644095,9
baseline_3f,18,10,430.0,447.0,2,2,5.9944533711107875,10
baseline_3f,18,11,485.0,500.0,1,1,1.9807998123500308,11
baseline_3f,18,12,525.0,545.0,3,3,2.279830620438681,12
baseline_3f,18,13,535.0,552.0,2,1,2.6235375498283426,13
baseline_3f,19,1,80.0,92.0,1,1,2.137911918987851,1
baseline_3f,19,2,120.0,135.0,2,2,3.1619855920274382,2
baseline_3f,19,3,170.0,185.0,3,3,5.466956420795088,3
baseline_3f,19,4,245.0,262.0,1,2,3.353286442226683,4
baseline_3f,19,5,245.0,262.0,2,1,3.3562296153050304,5
baseline_3f,19,6,285.0,302.0,3,1,2.5904759034325453,6
baseline_3f,19,7,310.0,326.0,2,3,6.83146227701271,7
baseline_3f,19,8,365.0,380.0,1,3,3.3733680250381695,8
baseline_3f,19,9,365.0,380.0,3,2,2.7929288791154074,9
baseline_3f,19,10,430.0,447.0,2,2,6.591208728382924,10
baseline_3f,19,11,485.0,500.0,1,1,5.691359854632723,11
baseline_3f,19,12,525.0,545.0,3,3,7.165291674896663,12
baseline_3f,19,13,535.0,552.0,2,1,4.875389342821827,13
baseline_3f,20,1,80.0,92.0,1,1,2.460670988628593,1
baseline_3f,20,2,120.0,135.0,2,2,3.243011851119471,2
baseline_3f,20,3,170.0,185.0,3,3,5.85157083103826,3
baseline_3f,20,4,245.0,262.0,1,2,6.707624100996346,4
baseline_3f,20,5,245.0,262.0,2,1,4.130900809053475,5
baseline_3f,20,6,285.0,302.0,3,1,7.763673896849024,6
baseline_3f,20,7,310.0,326.0,2,3,4.190690242606391,7
baseline_3f,20,8,365.0,380.0,1,3,2.570263328983719,8
baseline_3f,20,9,365.0,380.0,3,2,2.1564026825389107,9
baseline_3f,20,10,430.0,447.0,2,2,4.963195744933991,10
baseline_3f,20,11,485.0,500.0,1,1,1.6514993216520428,11
baseline_3f,20,12,525.0,545.0,3,3,2.822842926469499,12
baseline_3f,20,13,535.0,552.0,2,1,3.5404656331445965,13
baseline_3f,21,1,80.0,92.0,1,1,6.184661754064095,1
baseline_3f,21,2,120.0,135.0,2,2,6.100153655327917,2
baseline_3f,21,3,170.0,185.0,3,3,6.714422004602244,3
baseline_3f,21,4,245.0,262.0,1,2,3.0560280504343034,4
baseline_3f,21,5,245.0,262.0,2,1,7.6590634889210065,5
baseline_3f,21,6,285.0,302.0,3,1,2.7743497643667383,6
baseline_3f,21,7,310.0,326.0,2,3,3.224474996271684,7
baseline_3f,21,8,365.0,380.0,1,3,6.110168278886489,8
baseline_3f,21,9,365.0,380.0,3,2,6.433479379797479,9
baseline_3f,21,10,430.0,447.0,2,2,2.5415067275732075,10
baseline_3f,21,11,485.0,500.0,1,1,3.4239581679372946,11
baseline_3f,21,12,525.0,545.0,3,3,7.0902717429178415,12
baseline_3f,21,13,535.0,552.0,2,1,6.389141234758737,13
baseline_3f,22,1,80.0,92.0,1,1,6.311670256374021,1
baseline_3f,22,2,120.0,135.0,2,2,2.4540090629334275,2
baseline_3f,22,3,170.0,185.0,3,3,2.2578267195317947,3
baseline_3f,22,4,245.0,262.0,1,2,4.113750066004379,4
baseline_3f,22,5,245.0,262.0,2,1,2.807716129406622,5
baseline_3f,22,6,285.0,302.0,3,1,2.11447508978467,6
baseline_3f,22,7,310.0,326.0,2,3,3.0099572324242154,7
baseline_3f,22,8,365.0,380.0,1,3,5.485017478071704,8
baseline_3f,22,9,365.0,380.0,3,2,3.2244290653623424,9
baseline_3f,22,10,430.0,447.0,2,2,2.6364459552600246,10
baseline_3f,22,11,485.0,500.0,1,1,2.6890778651025826,11
baseline_3f,22,12,525.0,545.0,3,3,5.898445399940716,12
baseline_3f,22,13,535.0,552.0,2,1,2.251821751560031,13
baseline_3f,23,1,80.0,92.0,1,1,3.2889604073476,1
baseline_3f,23,2,120.0,135.0,2,2,2.5286484535867397,2
baseline_3f,23,3,170.0,185.0,3,3,3.00795223228178,3
baseline_3f,23,4,245.0,262.0,1,2,4.549687511372207,4
baseline_3f,23,5,245.0,262.0,2,1,2.7733256320883704,5
baseline_3f,23,6,285.0,302.0,3,1,6.727499932758108,6
baseline_3f,23,7,310.0,326.0,2,3,2.4168545085638464,7
baseline_3f,23,8,365.0,380.0,1,3,2.64319861942897,8
baseline_3f,23,9,365.0,380.0,3,2,2.55585551659785,9
baseline_3f,23,10,430.0,447.0,2,2,5.233914973825327,10
baseline_3f,23,11,485.0,500.0,1,1,5.885402889347855,11
baseline_3f,23,12,525.0,545.0,3,3,3.5865216091680128,12
baseline_3f,23,13,535.0,552.0,2,1,2.905067267159054,13
baseline_3f,24,1,80.0,92.0,1,1,6.225035809732072,1
baseline_3f,24,2,120.0,135.0,2,2,5.903483442873626,2
baseline_3f,24,3,170.0,185.0,3,3,7.4321593559166255,3
baseline_3f,24,4,245.0,262.0,1,2,3.6594360428311266,4
baseline_3f,24,5,245.0,262.0,2,1,4.713164627017241,5
baseline_3f,24,6,285.0,302.0,3,1,3.861147783597496,6
baseline_3f,24,7,310.0,326.0,2,3,2.286244754216246,7
baseline_3f,24,8,365.0,380.0,1,3,4.310748354216184,8
baseline_3f,24,9,365.0,380.0,3,2,4.182705012964924,9
baseline_3f,24,10,430.0,447.0,2,2,2.8745649851886106,10
baseline_3f,24,11,485.0,500.0,1,1,2.7760092060755204,11
baseline_3f,24,12,525.0,545.0,3,3,4.76401611974172,12
baseline_3f,24,13,535.0,552.0,2,1,3.829415158075537,13
baseline_3f,25,1,80.0,92.0,1,1,7.270008377530296,1
baseline_3f,25,2,120.0,135.0,2,2,5.412286675244192,2
baseline_3f,25,3,170.0,185.0,3,3,2.5954068630650236,3
baseline_3f,25,4,245.0,262.0,1,2,3.783673249073671,4
baseline_3f,25,5,245.0,262.0,2,1,7.771614140429543,5
baseline_3f,25,6,285.0,302.0,3,1,2.389031339856692,6
baseline_3f,25,7,310.0,326.0,2,3,2.914570962299892,7
baseline_3f,25,8,365.0,380.0,1,3,5.995587925044735,8
baseline_3f,25,9,365.0,380.0,3,2,3.525192836611218,9
baseline_3f,25,10,430.0,447.0,2,2,3.4352530158038346,10
baseline_3f,25,11,485.0,500.0,1,1,2.5068287828335456,11
baseline_3f,25,12,525.0,545.0,3,3,3.1381079007155557,12
baseline_3f,25,13,535.0,552.0,2,1,7.02543568021397,13
baseline_3f,26,1,80.0,92.0,1,1,4.249222948894922,1
baseline_3f,26,2,120.0,135.0,2,2,3.010990116817818,2
baseline_3f,26,3,170.0,185.0,3,3,2.8211199636257147,3
baseline_3f,26,4,245.0,262.0,1,2,6.953129260546166,4
baseline_3f,26,5,245.0,262.0,2,1,6.585308862443263,5
baseline_3f,26,6,285.0,302.0,3,1,5.785635353899201,6
baseline_3f,26,7,310.0,326.0,2,3,3.717877392768961,7
baseline_3f,26,8,365.0,380.0,1,3,2.3977498441858804,8
baseline_3f,26,9,365.0,380.0,3,2,2.576417735173746,9
baseline_3f,26,10,430.0,447.0,2,2,6.631048589174903,10
baseline_3f,26,11,485.0,500.0,1,1,2.304478655298107,11
baseline_3f,26,12,525.0,545.0,3,3,3.9037364312057274,12
baseline_3f,26,13,535.0,552.0,2,1,2.6237423064458203,13
baseline_3f,27,1,80.0,92.0,1,1,3.555040592259665,1
baseline_3f,27,2,120.0,135.0,2,2,2.824027878063151,2
baseline_3f,27,3,170.0,185.0,3,3,2.7212787447273286,3
baseline_3f,27,4,245.0,262.0,1,2,2.1271329589435726,4
baseline_3f,27,5,245.0,262.0,2,1,5.052192194601936,5
baseline_3f,27,6,285.0,302.0,3,1,2.6986915557288578,6
baseline_3f,27,7,310.0,326.0,2,3,1.8165616360363792,7
baseline_3f,27,8,365.0,380.0,1,3,4.165780043640785,8
baseline_3f,27,9,365.0,380.0,3,2,3.56009473553649,9
baseline_3f,27,10,430.0,447.0,2,2,2.3993611791000267,10
baseline_3f,27,11,485.0,500.0,1,1,3.36255154858822,11
baseline_3f,27,12,525.0,545.0,3,3,5.613178614092352,12
baseline_3f,27,13,535.0,552.0,2,1,3.079214440103692,13
baseline_3f,28,1,80.0,92.0,1,1,5.959398863164854,1
baseline_3f,28,2,120.0,135.0,2,2,2.521286733489958,2
baseline_3f,28,3,170.0,185.0,3,3,1.9985633284498456,3
baseline_3f,28,4,245.0,262.0,1,2,2.598385903476655,4
baseline_3f,28,5,245.0,262.0,2,1,6.712946223790222,5
baseline_3f,28,6,285.0,302.0,3,1,4.308218554881066,6
baseline_3f,28,7,310.0,326.0,2,3,5.876380306039471,7
baseline_3f,28,8,365.0,380.0,1,3,2.389601258149386,8
baseline_3f,28,9,365.0,380.0,3,2,3.045605875184484,9
baseline_3f,28,10,430.0,447.0,2,2,6.464272694080212,10
baseline_3f,28,11,485.0,500.0,1,1,3.6095385147202723,11
baseline_3f,28,12,525.0,545.0,3,3,2.7483313069446362,12
baseline_3f,28,13,535.0,552.0,2,1,6.960428693228016,13
baseline_3f,29,1,80.0,92.0,1,1,2.5821899896204847,1
baseline_3f,29,2,120.0,135.0,2,2,3.102059240597852,2
baseline_3f,29,3,170.0,185.0,3,3,5.848181052951499,3
baseline_3f,29,4,245.0,262.0,1,2,4.577652909196083,4
baseline_3f,29,5,245.0,262.0,2,1,3.924722608033867,5
baseline_3f,29,6,285.0,302.0,3,1,2.1983599092640818,6
baseline_3f,29,7,310.0,326.0,2,3,6.221724974877097,7
baseline_3f,29,8,365.0,380.0,1,3,5.563357261003572,8
baseline_3f,29,9,365.0,380.0,3,2,2.1180521907424046,9
baseline_3f,29,10,430.0,447.0,2,2,3.275295423341219,10
baseline_3f,29,11,485.0,500.0,1,1,2.673363618121656,11
baseline_3f,29,12,525.0,545.0,3,3,3.1272881785978983,12
baseline_3f,29,13,535.0,552.0,2,1,5.846064287693715,13
baseline_3f,30,1,80.0,92.0,1,1,6.379365449840253,1
baseline_3f,30,2,120.0,135.0,2,2,5.133994052898969,2
baseline_3f,30,3,170.0,185.0,3,3,4.7086421416997695,3
baseline_3f,30,4,245.0,262.0,1,2,3.995001614925382,4
baseline_3f,30,5,245.0,262.0,2,1,3.088840745948582,5
baseline_3f,30,6,285.0,302.0,3,1,3.114470976023558,6
baseline_3f,30,7,310.0,326.0,2,3,6.1394839194516795,7
baseline_3f,30,8,365.0,380.0,1,3,4.222622472216979,8
baseline_3f,30,9,365.0,380.0,3,2,2.805023464136529,9
baseline_3f,30,10,430.0,447.0,2,2,3.3694703520666898,10
baseline_3f,30,11,485.0,500.0,1,1,3.062155020816614,11
baseline_3f,30,12,525.0,545.0,3,3,5.935243486559484,12
baseline_3f,30,13,535.0,552.0,2,1,3.111792654309093,13
baseline_3f,31,1,80.0,92.0,1,1,2.9362843880107325,1
baseline_3f,31,2,120.0,135.0,2,2,6.183899135381952,2
baseline_3f,31,3,170.0,185.0,3,3,4.389880116602103,3
baseline_3f,31,4,245.0,262.0,1,2,2.406398551580029,4
baseline_3f,31,5,245.0,262.0,2,1,3.2867154344660325,5
baseline_3f,31,6,285.0,302.0,3,1,2.932860831291806,6
baseline_3f,31,7,310.0,326.0,2,3,7.206548725039548,7
baseline_3f,31,8,365.0,380.0,1,3,2.2253486443081107,8
baseline_3f,31,9,365.0,380.0,3,2,2.1277639375091746,9
baseline_3f,31,10,430.0,447.0,2,2,2.6040752096620996,10
baseline_3f,31,11,485.0,500.0,1,1,3.3168121067748846,11
baseline_3f,31,12,525.0,545.0,3,3,3.5144995331107847,12
baseline_3f,31,13,535.0,552.0,2,1,3.1150983475203846,13
baseline_3f,32,1,80.0,92.0,1,1,3.0638857305365295,1
baseline_3f,32,2,120.0,135.0,2,2,6.2826448786581715,2
baseline_3f,32,3,170.0,185.0,3,3,4.740609035372814,3
baseline_3f,32,4,245.0,262.0,1,2,5.677471808038549,4
baseline_3f,32,5,245.0,262.0,2,1,3.767156499491785,5
baseline_3f,32,6,285.0,302.0,3,1,2.7557817930519772,6
baseline_3f,32,7,310.0,326.0,2,3,6.562904707958213,7
baseline_3f,32,8,365.0,380.0,1,3,3.505036315716693,8
baseline_3f,32,9,365.0,380.0,3,2,5.544966609705739,9
baseline_3f,32,10,430.0,447.0,2,2,2.8016333195677023,10
baseline_3f,32,11,485.0,500.0,1,1,5.243568560036242,11
baseline_3f,32,12,525.0,545.0,3,3,6.019581439211963,12
baseline_3f,32,13,535.0,552.0,2,1,4.870039779567804,13
baseline_3f,33,1,80.0,92.0,1,1,3.258586935513411,1
baseline_3f,33,2,120.0,135.0,2,2,5.971587655376672,2
baseline_3f,33,3,170.0,185.0,3,3,5.556461089705224,3
baseline_3f,33,4,245.0,262.0,1,2,3.9003254178399396,4
baseline_3f,33,5,245.0,262.0,2,1,2.4420041029275104,5
baseline_3f,33,6,285.0,302.0,3,1,5.035038515561379,6
baseline_3f,33,7,310.0,326.0,2,3,5.410384370914259,7
baseline_3f,33,8,365.0,380.0,1,3,2.741497338188753,8
baseline_3f,33,9,365.0,380.0,3,2,2.149034620523504,9
baseline_3f,33,10,430.0,447.0,2,2,3.8595346720052057,10
baseline_3f,33,11,485.0,500.0,1,1,7.693686700644549,11
baseline_3f,33,12,525.0,545.0,3,3,2.7850284639992307,12
baseline_3f,33,13,535.0,552.0,2,1,6.611751205875275,13
baseline_3f,34,1,80.0,92.0,1,1,3.8325827208657595,1
baseline_3f,34,2,120.0,135.0,2,2,2.3147398850700664,2
baseline_3f,34,3,170.0,185.0,3,3,5.789733764696663,3
baseline_3f,34,4,245.0,262.0,1,2,6.583988921640472,4
baseline_3f,34,5,245.0,262.0,2,1,3.592413827917618,5
baseline_3f,34,6,285.0,302.0,3,1,2.570262351978608,6
baseline_3f,34,7,310.0,326.0,2,3,3.7845024141342503,7
baseline_3f,34,8,365.0,380.0,1,3,6.715950001752493,8
baseline_3f,34,9,365.0,380.0,3,2,2.7438973480226694,9
baseline_3f,34,10,430.0,447.0,2,2,2.2473928950516084,10
baseline_3f,34,11,485.0,500.0,1,1,5.883446366790951,11
baseline_3f,34,12,525.0,545.0,3,3,7.938102556718741,12
baseline_3f,34,13,535.0,552.0,2,1,2.794528129349832,13
baseline_3f,35,1,80.0,92.0,1,1,3.0828307738040186,1
baseline_3f,35,2,120.0,135.0,2,2,2.0256588177416086,2
baseline_3f,35,3,170.0,185.0,3,3,2.112912127557044,3
baseline_3f,35,4,245.0,262.0,1,2,4.947435678729068,4
baseline_3f,35,5,245.0,262.0,2,1,4.35030172744027,5
baseline_3f,35,6,285.0,302.0,3,1,6.1085528971674306,6
baseline_3f,35,7,310.0,326.0,2,3,3.6117848647867246,7
baseline_3f,35,8,365.0,380.0,1,3,6.398320658725587,8
baseline_3f,35,9,365.0,380.0,3,2,2.920061326326384,9
baseline_3f,35,10,430.0,447.0,2,2,3.1718766686912727,10
baseline_3f,35,11,485.0,500.0,1,1,5.180461149806944,11
baseline_3f,35,12,525.0,545.0,3,3,7.628681334996694,12
baseline_3f,35,13,535.0,552.0,2,1,2.5001033285776515,13
baseline_3f,36,1,80.0,92.0,1,1,5.602220285142258,1
baseline_3f,36,2,120.0,135.0,2,2,5.832056335943833,2
baseline_3f,36,3,170.0,185.0,3,3,6.731873738233117,3
baseline_3f,36,4,245.0,262.0,1,2,2.9930736090684853,4
baseline_3f,36,5,245.0,262.0,2,1,4.346116945209422,5
baseline_3f,36,6,285.0,302.0,3,1,3.730100167137481,6
baseline_3f,36,7,310.0,326.0,2,3,5.337463688488638,7
baseline_3f,36,8,365.0,380.0,1,3,5.226885430769454,8
baseline_3f,36,9,365.0,380.0,3,2,5.380982473651193,9
baseline_3f,36,10,430.0,447.0,2,2,2.6597178358545253,10
baseline_3f,36,11,485.0,500.0,1,1,3.4192539086294746,11
baseline_3f,36,12,525.0,545.0,3,3,3.3338253337777597,12
baseline_3f,36,13,535.0,552.0,2,1,4.285218447161157,13
baseline_3f,37,1,80.0,92.0,1,1,7.1532261421256536,1
baseline_3f,37,2,120.0,135.0,2,2,2.7928552000384483,2
baseline_3f,37,3,170.0,185.0,3,3,2.9313998371418943,3
baseline_3f,37,4,245.0,262.0,1,2,6.6285050595421575,4
baseline_3f,37,5,245.0,262.0,2,1,2.650226572092657,5
baseline_3f,37,6,285.0,302.0,3,1,4.281269016280045,6
baseline_3f,37,7,310.0,326.0,2,3,2.449817219974877,7
baseline_3f,37,8,365.0,380.0,1,3,3.3291435093616792,8
baseline_3f,37,9,365.0,380.0,3,2,3.065984660386263,9
baseline_3f,37,10,430.0,447.0,2,2,2.7032477101043875,10
baseline_3f,37,11,485.0,500.0,1,1,2.830358053824496,11
baseline_3f,37,12,525.0,545.0,3,3,2.1917054460263783,12
baseline_3f,37,13,535.0,552.0,2,1,2.5150104784643847,13
baseline_3f,38,1,80.0,92.0,1,1,3.2693664444217765,1
baseline_3f,38,2,120.0,135.0,2,2,1.6409446070796505,2
baseline_3f,38,3,170.0,185.0,3,3,2.370540598290438,3
baseline_3f,38,4,245.0,262.0,1,2,5.040714740028373,4
baseline_3f,38,5,245.0,262.0,2,1,1.8819625161632432,5
baseline_3f,38,6,285.0,302.0,3,1,2.263316655218892,6
baseline_3f,38,7,310.0,326.0,2,3,3.9500792247350187,7
baseline_3f,38,8,365.0,380.0,1,3,2.515537959440654,8
baseline_3f,38,9,365.0,380.0,3,2,4.92311153514344,9
baseline_3f,38,10,430.0,447.0,2,2,3.2364951726401165,10
baseline_3f,38,11,485.0,500.0,1,1,4.015371076667378,11
baseline_3f,38,12,525.0,545.0,3,3,3.162871390689773,12
baseline_3f,38,13,535.0,552.0,2,1,2.9600186364245,13
baseline_3f,39,1,80.0,92.0,1,1,6.427069625849882,1
baseline_3f,39,2,120.0,135.0,2,2,3.514983644165966,2
baseline_3f,39,3,170.0,185.0,3,3,3.932183505132586,3
baseline_3f,39,4,245.0,262.0,1,2,2.32844412620473,4
baseline_3f,39,5,245.0,262.0,2,1,2.568501688599757,5
baseline_3f,39,6,285.0,302.0,3,1,3.2571839148931914,6
baseline_3f,39,7,310.0,326.0,2,3,4.924688278505796,7
baseline_3f,39,8,365.0,380.0,1,3,5.020857083301917,8
baseline_3f,39,9,365.0,380.0,3,2,5.821700617563015,9
baseline_3f,39,10,430.0,447.0,2,2,5.615067151463728,10
baseline_3f,39,11,485.0,500.0,1,1,2.2968056779958963,11
baseline_3f,39,12,525.0,545.0,3,3,3.458423727584266,12
baseline_3f,39,13,535.0,552.0,2,1,4.081042516315901,13
baseline_3f,40,1,80.0,92.0,1,1,3.117737245802036,1
baseline_3f,40,2,120.0,135.0,2,2,2.4494178513344886,2
baseline_3f,40,3,170.0,185.0,3,3,5.847872878495066,3
baseline_3f,40,4,245.0,262.0,1,2,5.172319864546976,4
baseline_3f,40,5,245.0,262.0,2,1,6.243502667748886,5
baseline_3f,40,6,285.0,302.0,3,1,2.9328058866989632,6
baseline_3f,40,7,310.0,326.0,2,3,7.25009906644663,7
baseline_3f,40,8,365.0,380.0,1,3,2.7446828503427954,8
baseline_3f,40,9,365.0,380.0,3,2,2.916051488909387,9
baseline_3f,40,10,430.0,447.0,2,2,2.1645677845750435,10
baseline_3f,40,11,485.0,500.0,1,1,4.088634292243988,11
baseline_3f,40,12,525.0,545.0,3,3,6.286372013943895,12
baseline_3f,40,13,535.0,552.0,2,1,2.5425352386332354,13
baseline_3f,41,1,80.0,92.0,1,1,5.161918877474925,1
baseline_3f,41,2,120.0,135.0,2,2,2.867054737594183,2
baseline_3f,41,3,170.0,185.0,3,3,2.620535105589126,3
baseline_3f,41,4,245.0,262.0,1,2,3.815288528362955,4
baseline_3f,41,5,245.0,262.0,2,1,2.1927310590010225,5
baseline_3f,41,6,285.0,302.0,3,1,5.382839535381357,6
baseline_3f,41,7,310.0,326.0,2,3,6.181336373027573,7
baseline_3f,41,8,365.0,380.0,1,3,2.1583191398280874,8
baseline_3f,41,9,365.0,380.0,3,2,7.213182238196444,9
baseline_3f,41,10,430.0,447.0,2,2,2.7508223480691734,10
baseline_3f,41,11,485.0,500.0,1,1,6.129233411961792,11
baseline_3f,41,12,525.0,545.0,3,3,2.974694972421333,12
baseline_3f,41,13,535.0,552.0,2,1,2.518682853814394,13
baseline_3f,42,1,80.0,92.0,1,1,7.31394456371309,1
baseline_3f,42,2,120.0,135.0,2,2,2.6940349528050906,2
baseline_3f,42,3,170.0,185.0,3,3,2.750656193968073,3
baseline_3f,42,4,245.0,262.0,1,2,2.3994478848145846,4
baseline_3f,42,5,245.0,262.0,2,1,5.905173288705478,5
baseline_3f,42,6,285.0,302.0,3,1,5.148708897561239,6
baseline_3f,42,7,310.0,326.0,2,3,2.3824653951195747,7
baseline_3f,42,8,365.0,380.0,1,3,3.742456639103965,8
baseline_3f,42,9,365.0,380.0,3,2,5.543383618099972,9
baseline_3f,42,10,430.0,447.0,2,2,6.439863418977304,10
baseline_3f,42,11,485.0,500.0,1,1,3.060203409827915,11
baseline_3f,42,12,525.0,545.0,3,3,7.62063615972939,12
baseline_3f,42,13,535.0,552.0,2,1,7.101036961738464,13
baseline_3f,43,1,80.0,92.0,1,1,5.365794029735099,1
baseline_3f,43,2,120.0,135.0,2,2,5.609941610308297,2
baseline_3f,43,3,170.0,185.0,3,3,3.1781363155963365,3
baseline_3f,43,4,245.0,262.0,1,2,2.309436514883661,4
baseline_3f,43,5,245.0,262.0,2,1,2.2110776694896668,5
baseline_3f,43,6,285.0,302.0,3,1,5.34129083320131,6
baseline_3f,43,7,310.0,326.0,2,3,6.0433511590468605,7
baseline_3f,43,8,365.0,380.0,1,3,2.640368212216272,8
baseline_3f,43,9,365.0,380.0,3,2,7.308596649408868,9
baseline_3f,43,10,430.0,447.0,2,2,2.991050704339225,10
baseline_3f,43,11,485.0,500.0,1,1,3.782208394006428,11
baseline_3f,43,12,525.0,545.0,3,3,2.3390093477843252,12
baseline_3f,43,13,535.0,552.0,2,1,6.9132438892237715,13
baseline_3f,44,1,80.0,92.0,1,1,3.605186161694073,1
baseline_3f,44,2,120.0,135.0,2,2,3.0195249351690903,2
baseline_3f,44,3,170.0,185.0,3,3,6.820819276127612,3
baseline_3f,44,4,245.0,262.0,1,2,3.4322178435828317,4
baseline_3f,44,5,245.0,262.0,2,1,7.112774883022501,5
baseline_3f,44,6,285.0,302.0,3,1,3.3283659877652148,6
baseline_3f,44,7,310.0,326.0,2,3,5.771973958703733,7
baseline_3f,44,8,365.0,380.0,1,3,2.340886212380759,8
baseline_3f,44,9,365.0,380.0,3,2,5.439453979990671,9
baseline_3f,44,10,430.0,447.0,2,2,3.327715970003404,10
baseline_3f,44,11,485.0,500.0,1,1,4.993197188814357,11
baseline_3f,44,12,525.0,545.0,3,3,2.718995573837827,12
baseline_3f,44,13,535.0,552.0,2,1,6.985182446143878,13
baseline_3f,45,1,80.0,92.0,1,1,6.09979272154469,1
baseline_3f,45,2,120.0,135.0,2,2,2.916660825658563,2
baseline_3f,45,3,170.0,185.0,3,3,2.9491886815979846,3
baseline_3f,45,4,245.0,262.0,1,2,3.26393403016328,4
baseline_3f,45,5,245.0,262.0,2,1,2.7576239118627903,5
baseline_3f,45,6,285.0,302.0,3,1,2.6672106515909944,6
baseline_3f,45,7,310.0,326.0,2,3,3.400631490568034,7
baseline_3f,45,8,365.0,380.0,1,3,3.1528025950635823,8
baseline_3f,45,9,365.0,380.0,3,2,5.144680578919647,9
baseline_3f,45,10,430.0,447.0,2,2,2.1683664861145915,10
baseline_3f,45,11,485.0,500.0,1,1,2.8612454479717297,11
baseline_3f,45,12,525.0,545.0,3,3,6.639792915399788,12
baseline_3f,45,13,535.0,552.0,2,1,4.525756589914497,13
baseline_3f,46,1,80.0,92.0,1,1,3.4870247310327107,1
baseline_3f,46,2,120.0,135.0,2,2,2.764292823787205,2
baseline_3f,46,3,170.0,185.0,3,3,3.2941427829900776,3
baseline_3f,46,4,245.0,262.0,1,2,4.965231359940002,4
baseline_3f,46,5,245.0,262.0,2,1,3.488818957258522,5
baseline_3f,46,6,285.0,302.0,3,1,2.995148613442932,6
baseline_3f,46,7,310.0,326.0,2,3,7.042688156666754,7
baseline_3f,46,8,365.0,380.0,1,3,5.141535678393756,8
baseline_3f,46,9,365.0,380.0,3,2,3.2508411613478048,9
baseline_3f,46,10,430.0,447.0,2,2,6.0960719050794445,10
baseline_3f,46,11,485.0,500.0,1,1,2.873084460245438,11
baseline_3f,46,12,525.0,545.0,3,3,6.337423523133847,12
baseline_3f,46,13,535.0,552.0,2,1,3.1409389471758207,13
baseline_3f,47,1,80.0,92.0,1,1,2.61309732231764,1
baseline_3f,47,2,120.0,135.0,2,2,4.2591610936817546,2
baseline_3f,47,3,170.0,185.0,3,3,2.882233458672666,3
baseline_3f,47,4,245.0,262.0,1,2,6.341482532254333,4
baseline_3f,47,5,245.0,262.0,2,1,2.92587631760714,5
baseline_3f,47,6,285.0,302.0,3,1,4.72456939238736,6
baseline_3f,47,7,310.0,326.0,2,3,5.981838867807656,7
baseline_3f,47,8,365.0,380.0,1,3,6.14801656405563,8
baseline_3f,47,9,365.0,380.0,3,2,2.9937899974516506,9
baseline_3f,47,10,430.0,447.0,2,2,2.2430538117540317,10
baseline_3f,47,11,485.0,500.0,1,1,3.223857913611171,11
baseline_3f,47,12,525.0,545.0,3,3,4.830143681598462,12
baseline_3f,47,13,535.0,552.0,2,1,2.6145886792384356,13
baseline_3f,48,1,80.0,92.0,1,1,3.451627777320147,1
baseline_3f,48,2,120.0,135.0,2,2,2.884797719128251,2
baseline_3f,48,3,170.0,185.0,3,3,3.4225838420366554,3
baseline_3f,48,4,245.0,262.0,1,2,2.8592068510641897,4
baseline_3f,48,5,245.0,262.0,2,1,5.583836888298198,5
baseline_3f,48,6,285.0,302.0,3,1,5.434256903936522,6
baseline_3f,48,7,310.0,326.0,2,3,5.411452219983268,7
baseline_3f,48,8,365.0,380.0,1,3,4.7528314880248885,8
baseline_3f,48,9,365.0,380.0,3,2,2.4853859310417725,9
baseline_3f,48,10,430.0,447.0,2,2,2.7380729730253544,10
baseline_3f,48,11,485.0,500.0,1,1,2.6437893395990586,11
baseline_3f,48,12,525.0,545.0,3,3,2.887817214498446,12
baseline_3f,48,13,535.0,552.0,2,1,6.753825226474754,13
baseline_3f,49,1,80.0,92.0,1,1,4.404915503627376,1
baseline_3f,49,2,120.0,135.0,2,2,2.5003325079260024,2
baseline_3f,49,3,170.0,185.0,3,3,2.748511041670365,3
baseline_3f,49,4,245.0,262.0,1,2,2.0049742930571046,4
baseline_3f,49,5,245.0,262.0,2,1,3.5945975754892716,5
baseline_3f,49,6,285.0,302.0,3,1,3.92369932800921,6
baseline_3f,49,7,310.0,326.0,2,3,7.862643436230681,7
baseline_3f,49,8,365.0,380.0,1,3,6.317820607646932,8
baseline_3f,49,9,365.0,380.0,3,2,5.34284265966604,9
baseline_3f,49,10,430.0,447.0,2,2,3.422848963702116,10
baseline_3f,49,11,485.0,500.0,1,1,3.6928876741890346,11
baseline_3f,49,12,525.0,545.0,3,3,7.100953753048063,12
baseline_3f,49,13,535.0,552.0,2,1,2.6729690075671004,13
baseline_3f,50,1,80.0,92.0,1,1,2.352004925764553,1
baseline_3f,50,2,120.0,135.0,2,2,2.5380868276283395,2
baseline_3f,50,3,170.0,185.0,3,3,3.353377856315371,3
baseline_3f,50,4,245.0,262.0,1,2,5.607221050916411,4
baseline_3f,50,5,245.0,262.0,2,1,3.226675847436759,5
baseline_3f,50,6,285.0,302.0,3,1,5.1541442109446205,6
baseline_3f,50,7,310.0,326.0,2,3,2.7113651078099026,7
baseline_3f,50,8,365.0,380.0,1,3,3.317749095181572,8
baseline_3f,50,9,365.0,380.0,3,2,2.55921265464042,9
baseline_3f,50,10,430.0,447.0,2,2,6.527958374942853,10
baseline_3f,50,11,485.0,500.0,1,1,3.214273338831244,11
baseline_3f,50,12,525.0,545.0,3,3,3.70522001274914,12
baseline_3f,50,13,535.0,552.0,2,1,2.0792043678118803,13
