Seed,Event,Follower,Leader,Time,z,cplus,cminus,weight,alarm,admitted,true_range,prediction,frozen,rate_before,rate_after,fault_bias,retained_factors,retained_fault_factors
5,2,2,2,108.0,0.1769288572395083,0.0,0.0,1.0,0.0,1.0,367.93217684612557,368.1454132051182,0.0,0.01922526205839859,0.025569170221709223,0.0,10.0,0.0
5,2,2,2,109.0,-0.12942556661376828,0.0,0.0,1.0,0.0,1.0,367.93217680256856,368.2090458243198,0.0,0.025569170221709223,0.01928176190079683,0.0,10.0,0.0
5,2,2,2,110.0,-0.2431993933094666,0.0,0.0,1.0,0.0,1.0,367.93217675901144,368.1906031362951,0.0,0.01928176190079683,0.008303338530913614,0.0,10.0,0.0
5,2,2,2,111.0,-0.38202886752770077,0.0,0.0,1.0,0.0,1.0,367.93217671448355,368.13303593460677,0.0,0.008303338530913614,-0.008399170700477037,0.0,10.0,0.0
5,2,2,2,112.0,-0.30186292438832313,0.0,0.0,1.0,0.0,1.0,367.9321766718974,368.02442170851793,0.0,-0.008399170700477037,-0.021796353420458554,0.0,10.0,0.0
5,2,2,2,113.0,0.14356510984727255,0.0,0.0,1.0,0.0,1.0,367.93217662736924,367.92224225877754,0.0,-0.021796353420458554,-0.016828067802794063,0.0,10.0,0.0
5,2,2,2,114.0,0.4202662265331142,0.0,0.0,1.0,0.0,1.0,367.9321765847831,367.93522390468075,0.0,-0.016828067802794063,-0.00045110287690874537,0.0,10.0,0.0
5,2,2,2,115.0,-0.31905738414963963,0.0,0.0,1.0,0.0,1.0,367.93217654025494,368.0330345913591,0.0,-0.00045110287690874537,-0.014557231334603668,0.0,10.0,0.0
5,2,2,2,116.0,-0.15360245582481097,0.0,0.0,1.0,0.0,1.0,367.93217649572716,367.93384058927836,0.0,-0.014557231334603668,-0.02184147833467591,0.0,10.0,0.0
5,2,2,2,117.0,-0.048820769583012916,0.0,0.0,1.0,0.0,1.0,367.93217645217,367.86829362894326,0.0,-0.02184147833467591,-0.02480546573469553,0.0,10.0,0.0
5,2,2,2,118.0,-0.14718547909919877,0.0,0.0,1.0,0.0,1.0,367.9321764095838,367.82570423880844,0.0,-0.02480546573469553,-0.031825134006399476,0.0,10.0,0.0
5,2,2,2,119.0,0.13810959469290016,0.0,0.0,1.0,0.0,1.0,367.9321763660266,367.75176109517184,0.0,-0.031825134006399476,-0.027081785040971335,0.0,10.0,0.0
5,2,2,2,120.0,4.298911524207703,3.7989115242077034,0.0,0.4557615482192965,0.0,1.0,367.93217632052784,367.7531394039234,1.0,-0.027081785040971335,-0.027081785040971335,3.05194137415126,10.0,1.0
5,2,2,2,121.0,4.101296885091721,7.020317256878654,0.0,0.26558385241166227,0.0,1.0,367.93217627599984,367.7260576188824,1.0,-0.027081785040971335,-0.05967322625071574,3.05194137415126,10.0,2.0
5,2,2,2,122.0,4.311157460416885,10.129442991607673,0.0,0.18645824687655252,1.0,0.0,367.93217623341354,367.633792951422,1.0,-0.05967322625071574,-0.0315804217439163,3.05194137415126,9.0,2.0
5,2,2,2,123.0,4.5601804747308705,13.176679167177777,0.0,0.1429543382116844,1.0,0.0,367.9321761898564,367.63030533418487,1.0,-0.0315804217439163,0.015108066806494846,3.05194137415126,8.0,2.0
5,2,2,2,124.0,3.6710870784464027,15.030098328906403,0.0,0.12878218525360977,1.0,0.0,367.9321761462994,367.69210188954173,1.0,0.015108066806494846,-0.12218727484023142,3.05194137415126,7.0,2.0
5,2,2,2,125.0,4.4106533066483316,17.437741802664092,0.0,0.11045831510450581,1.0,0.0,367.9321761017713,367.43261927305474,1.0,-0.12218727484023142,-0.027673956128935126,3.05194137415126,6.0,2.0
5,2,2,2,126.0,4.540983949528239,19.734951571925922,0.0,0.1,1.0,0.0,367.9321760582144,367.4994586356371,1.0,-0.027673956128935126,0.012723387887263786,3.05194137415126,5.0,2.0
5,2,2,2,127.0,4.262672314942524,21.524128729675855,0.0,0.1,1.0,0.0,367.9321760146571,367.55257936754055,1.0,0.012723387887263786,-0.025097473958907657,3.05194137415126,4.0,2.0
5,2,2,2,128.0,3.5788184972753214,22.450534353983592,0.0,0.1,1.0,0.0,367.93217597110015,367.48966103173547,1.0,-0.025097473958907657,-0.14544570723709238,3.05194137415126,3.0,2.0
5,2,2,2,129.0,4.873078460554674,24.578559379139907,0.0,0.1,1.0,0.0,367.9321759265722,367.22386709122014,1.0,-0.14544570723709238,0.04393946753161382,3.05194137415126,2.0,2.0
5,2,2,2,130.0,4.672495750542372,26.293199191768288,0.0,0.1,1.0,0.0,367.93217588398596,367.45719173352046,1.0,0.04393946753161382,0.04873555448322016,3.05194137415126,1.0,1.0
5,2,2,2,131.0,4.593212818639025,27.757092091230483,0.0,0.1,1.0,0.0,367.9321758384872,367.5107233749553,1.0,0.04873555448322016,0.03661909577170178,3.05194137415126,0.0,0.0
5,2,2,2,132.0,4.315599937383989,28.796982819491426,0.0,0.1,1.0,0.0,367.93217579395906,367.53522601201547,1.0,0.03661909577170178,-0.011589285268470799,3.05194137415126,0.0,0.0
5,2,2,2,133.0,4.342500790640031,29.759785328182314,0.0,0.1,1.0,0.0,367.93217575040194,367.4754283457068,1.0,-0.011589285268470799,-0.01679435910075417,3.05194137415126,0.0,0.0
5,2,2,2,134.0,4.151395376252265,30.435202171616346,0.0,0.1,1.0,0.0,367.9321757078158,367.4534289127738,1.0,-0.01679435910075417,-0.049353286233131184,3.05194137415126,0.0,0.0
5,2,2,2,135.0,4.104420695798686,30.9961026502534,0.0,0.1,1.0,0.0,367.9321756642587,367.3715166994083,1.0,-0.049353286233131184,-0.06361233442919723,3.05194137415126,0.0,0.0
5,2,2,2,136.0,0.8521573880164788,28.248649773244537,0.0,0.1,1.0,0.0,367.93217561973063,367.29364531678306,1.0,-0.06361233442919723,-0.06361233442919723,0.0,0.0,0.0
5,2,2,2,137.0,0.6295335454571747,25.55331834137726,0.0,0.1,1.0,0.0,367.9321755752025,367.23003298235386,1.0,-0.06361233442919723,-0.10032839913531219,0.0,0.0,0.0
5,2,2,2,138.0,1.0235098707151724,23.52149637795471,0.0,0.1,1.0,0.0,367.93217553261644,367.0929885185124,1.0,-0.10032839913531219,-0.042695371955282425,0.0,0.0,0.0
5,2,2,2,139.0,0.5993243637824432,21.26867110394168,0.0,0.1,1.0,0.0,367.93217548905955,367.10792617373716,1.0,-0.042695371955282425,-0.1011272325168702,0.0,0.0,0.0
5,2,2,2,140.0,1.307203121691336,19.94900711523885,0.0,0.1,1.0,0.0,367.93217544550214,366.94836708065867,1.0,-0.1011272325168702,0.003932750930382742,0.0,0.0,0.0
5,2,2,2,141.0,1.2898005859149486,18.743906989629917,0.0,0.10392899950502528,1.0,0.0,367.93217540000336,367.0573598150363,1.0,0.003932750930382742,0.022074647893448096,0.0,0.0,0.0
5,2,2,2,142.0,1.1177353979968927,17.487251688663818,0.0,0.11118986016415551,1.0,0.0,367.9321753574171,367.09757635989286,1.0,0.022074647893448096,-0.0026746904850476934,0.0,0.0,0.0
5,2,2,2,143.0,1.3114873593081025,16.55001387910554,0.0,0.11730195729934045,1.0,0.0,367.9321753128891,367.0701523310293,1.0,-0.0026746904850476934,0.02432983390552007,0.0,0.0,0.0
5,2,2,2,144.0,1.0217668436552398,15.416779334850224,0.0,0.12565356080679874,1.0,0.0,367.9321752693322,367.1214866893254,1.0,0.02432983390552007,-0.01805119273416725,0.0,0.0,0.0
5,2,2,2,145.0,1.129016588331324,14.504117989696525,0.0,0.13329673902680717,1.0,0.0,367.9321752257749,367.06105446995156,1.0,-0.01805119273416725,-0.00883931703730607,0.0,0.0,0.0
5,2,2,2,146.0,1.5349969669163372,14.08870315764321,0.0,0.1370923774641459,1.0,0.0,367.93217518221786,367.0614270286111,1.0,-0.00883931703730607,0.05995905741543245,0.0,0.0,0.0
5,2,2,2,147.0,0.596500692754172,12.77633353463306,0.0,0.1506440008292001,1.0,0.0,367.9321751376897,367.19018446047926,1.0,0.05995905741543245,-0.08106203839879036,0.0,0.0,0.0
5,2,2,2,148.0,1.4090010562956317,12.407701237465385,0.0,0.15494625752530425,1.0,0.0,367.9321750941328,366.96810132626626,1.0,-0.08106203839879036,0.024734735227736393,0.0,0.0,0.0
5,2,2,2,149.0,1.2514151410694792,11.918346254788327,0.0,0.1610520401803767,1.0,0.0,367.932175049605,367.09863283512055,1.0,0.024734735227736393,0.019904355009564778,0.0,0.0,0.0
5,2,2,2,150.0,1.3685778120613534,11.595089441370847,0.0,0.1653563629847223,1.0,0.0,367.9321750079897,367.11370680991195,1.0,0.019904355009564778,0.038261241681089686,0.0,0.0,0.0
5,2,2,2,151.0,1.0783678349177863,11.01394833215155,0.0,0.17370236015522147,1.0,0.0,367.9321749634614,367.17032493826457,1.0,0.038261241681089686,-0.005930036559443866,0.0,0.0,0.0
5,2,2,2,152.0,1.2363744043456615,10.648927903282058,0.0,0.17938944599428555,1.0,0.0,367.9321749189335,367.1202036234646,1.0,-0.005930036559443866,0.011290818804153557,0.0,0.0,0.0
5,2,2,2,153.0,0.5104283631870941,9.594463476140946,0.0,0.19812841016535018,1.0,0.0,367.9321748744054,367.1487152976323,1.0,0.011290818804153557,-0.10499109837096696,0.0,0.0,0.0
5,2,2,2,154.0,1.2717442954607143,9.406761423987566,0.0,0.20188232202274847,1.0,0.0,367.9321748308485,366.9274422820862,1.0,-0.10499109837096696,-0.002688041676805461,0.0,0.0,0.0
5,2,2,2,155.0,1.0556807605428096,9.02176604213162,0.0,0.2100450684411338,1.0,0.0,367.932174788262,367.0270572971035,1.0,-0.002688041676805461,-0.017861541390414258,0.0,0.0,0.0
5,2,2,2,156.0,1.300166645067914,8.919756082986373,0.0,0.212319722759311,1.0,0.0,367.93217474373415,366.9940222559995,1.0,-0.017861541390414258,0.01942540370164559,0.0,0.0,0.0
5,2,2,2,157.0,0.812028158797943,8.33980863348568,0.0,0.22624924168877258,1.0,0.0,367.9321746992064,367.05073460479315,1.0,0.01942540370164559,-0.05362306883275839,0.0,0.0,0.0
5,2,2,2,158.0,0.7175970320731349,7.723424802210246,0.0,0.24320767175525837,1.0,0.0,367.93217465661996,366.924063063426,1.0,-0.05362306883275839,-0.08380674373293737,0.0,0.0,0.0
5,2,2,2,159.0,1.5193587661874872,7.97044108817671,0.0,0.23611521279472195,1.0,0.0,367.9321746120922,366.81007264479285,1.0,-0.08380674373293737,0.042386453940297164,0.0,0.0,0.0
5,2,2,2,160.0,0.941688079491895,7.615085058850934,0.0,0.24645459480657528,1.0,0.0,367.93217456950595,366.9786522964064,1.0,0.042386453940297164,-0.027646796847817443,0.0,0.0,0.0
5,2,2,2,161.0,1.247702766644213,7.601279319610054,0.0,0.2468745887033886,1.0,0.0,367.9321745249778,366.88097224877043,1.0,-0.027646796847817443,0.008815788119330675,0.0,0.0,0.0
5,2,2,2,162.0,1.5895941510144256,7.930745538663475,0.0,0.23722694402624087,1.0,0.0,367.9321744814209,366.92625062185687,1.0,0.008815788119330675,0.07249447672263239,0.0,0.0,0.0
5,2,2,2,163.0,1.4220194712060614,8.059690456003189,0.0,0.23365330910971613,1.0,0.0,367.93217443786375,367.0624237871828,1.0,0.07249447672263239,0.05759309024213662,0.0,0.0,0.0
5,2,2,2,164.0,1.0942278356607882,7.847949246063658,0.0,0.23957979870841548,1.0,0.0,367.93217439236514,367.10511549094446,1.0,0.05759309024213662,0.0005520314841536353,0.0,0.0,0.0
5,2,2,2,165.0,0.5855647557948905,7.148719077252183,0.0,0.26148169122175474,1.0,0.0,367.9321743478371,367.04862646367064,1.0,0.0005520314841536353,-0.09474704451300314,0.0,0.0,0.0
5,2,2,2,166.0,1.4605776537058734,7.394424823232838,0.0,0.25334334606798903,1.0,0.0,367.93217430622144,366.8585803431605,1.0,-0.09474704451300314,0.030503964362159658,0.0,0.0,0.0
5,2,2,2,167.0,1.1970855567748966,7.352067897684451,0.0,0.25470997271811585,1.0,0.0,367.9321742616935,367.0143353163978,1.0,0.030503964362159658,0.012097936250715889,0.0,0.0,0.0
5,2,2,2,168.0,1.3973554778357014,7.514216585751708,0.0,0.2495565197920598,1.0,0.0,367.93217421716525,367.0080272245371,1.0,0.012097936250715889,0.041446092155141674,0.0,0.0,0.0
5,2,2,2,169.0,0.8244957794758212,7.087290706652358,0.0,0.2635987043763127,1.0,0.0,367.9321741736085,367.07882147259664,1.0,0.041446092155141674,-0.047162718463868596,0.0,0.0,0.0
5,2,2,2,170.0,1.302636691895886,7.181198327883009,0.0,0.26037603960047906,1.0,0.0,367.9321741300515,366.94304994351376,1.0,-0.047162718463868596,0.013972538845812787,0.0,0.0,0.0
5,2,2,2,171.0,0.8681067152571919,6.8311852103519,0.0,0.27280718500685636,1.0,0.0,367.9321740874651,367.0181577396692,1.0,0.013972538845812787,-0.045464929339397345,0.0,0.0,0.0
5,2,2,2,172.0,1.2105322987064768,6.8585989880231875,0.0,0.27179086715490114,1.0,0.0,367.93217404293716,366.9132553421446,1.0,-0.045464929339397345,-0.0008781489974310497,0.0,0.0,0.0
5,2,2,2,173.0,1.1114113005285577,6.784150389749427,0.0,0.27456874075725934,1.0,0.0,367.9321739984092,366.9569639734891,1.0,-0.0008781489974310497,-0.008308246737216196,0.0,0.0,0.0
5,2,2,2,174.0,1.154689923441714,6.760425274216198,0.0,0.27546595749736036,1.0,0.0,367.9321739558229,366.94122562901214,1.0,-0.008308246737216196,-0.002656572941078572,0.0,0.0,0.0
5,2,2,2,175.0,1.0204660265973933,6.604848773391971,0.0,0.28149789865902625,1.0,0.0,367.932173911295,366.9442207298672,1.0,-0.002656572941078572,-0.023663010348696646,0.0,0.0,0.0
5,2,2,2,176.0,1.282804205841593,6.727168101894367,0.0,0.2767335658728853,1.0,0.0,367.93217386773773,366.8995512821109,1.0,-0.023663010348696646,0.01540162307602657,0.0,0.0,0.0
5,2,2,2,177.0,1.432256114095681,6.986707405800612,0.0,0.2671401313814433,1.0,0.0,367.9321738232098,366.95401753861165,1.0,0.01540162307602657,0.047862789908239396,0.0,0.0,0.0
5,2,2,2,178.0,0.7802199092856226,6.568256574506173,0.0,0.28295520669320506,1.0,0.0,367.9321737796527,367.0343414953521,1.0,0.047862789908239396,-0.05318154249166384,0.0,0.0,0.0
5,2,2,2,179.0,1.6985484427035566,7.109979359759112,0.0,0.2628128021707681,1.0,0.0,367.9321737360959,366.8801156204606,1.0,-0.05318154249166384,0.07806421272038663,0.0,0.0,0.0
5,2,2,2,180.0,0.7906177874690421,6.6895992112522435,0.0,0.27817962326326273,1.0,0.0,367.93217369156764,367.089425588393,1.0,0.07806421272038663,-0.0454263959279316,0.0,0.0,0.0
5,2,2,2,181.0,1.5366054479096392,7.057244738036658,0.0,0.26464671574465803,1.0,0.0,367.9321736470397,366.9205085838168,1.0,-0.0454263959279316,0.05290691911857384,0.0,0.0,0.0
5,2,2,2,182.0,0.8285526981374592,6.680072962370452,0.0,0.2785487014521526,1.0,0.0,367.9321736054241,367.07174881798187,1.0,0.05290691911857384,-0.04420146890491557,0.0,0.0,0.0
5,2,2,2,183.0,1.5650103769992436,7.07707604313265,0.0,0.26395406204384936,1.0,0.0,367.93217356089633,366.9304389610534,1.0,-0.04420146890491557,0.057836565440152615,0.0,0.0,0.0
5,2,2,2,184.0,1.1107902945701353,6.98015873338952,0.0,0.26737400518955706,1.0,0.0,367.9321735173394,367.09031356083864,1.0,0.057836565440152615,0.0033322772238855436,0.0,0.0,0.0
5,2,2,2,185.0,1.4854750826882543,7.267617942738823,0.0,0.25747919307354733,1.0,0.0,367.9321734718406,367.03914154984625,1.0,0.0033322772238855436,0.05422601788955784,0.0,0.0,0.0
5,2,2,2,186.0,0.6697935242788231,6.710649672743764,0.0,0.2773675175983094,1.0,0.0,367.9321734292542,367.1442613084015,1.0,0.05422601788955784,-0.07012088286492454,0.0,0.0,0.0
5,2,2,2,187.0,1.223017329426444,6.762602034895831,0.0,0.27538339432482567,1.0,0.0,367.9321733856974,366.94979352478214,1.0,-0.07012088286492454,-0.003750255686620879,0.0,0.0,0.0
5,2,2,2,188.0,1.2986902357157573,6.885032067122006,0.0,0.2708180522199699,1.0,0.0,367.9321733411693,367.0124138962738,1.0,-0.003750255686620879,0.022004165174170632,0.0,0.0,0.0
5,2,2,2,189.0,1.0062406466627578,6.702769507072564,0.0,0.27767097059487383,1.0,0.0,367.93217329761205,367.06017248230876,1.0,0.022004165174170632,-0.021076972487034298,0.0,0.0,0.0
5,2,2,2,190.0,1.0135395831303977,6.546032139495706,0.0,0.2838476975983738,1.0,0.0,367.93217325405493,366.9960143721605,1.0,-0.021076972487034298,-0.028489428578845708,0.0,0.0,0.0
5,2,2,2,191.0,1.3374366133059346,6.7288655388520695,0.0,0.2766685850291243,1.0,0.0,367.932173209527,366.9601124874899,1.0,-0.028489428578845708,0.023446546892300576,0.0,0.0,0.0
5,2,2,2,192.0,1.158317997330574,6.714296982297436,0.0,0.2772272897702484,1.0,0.0,367.9321731669407,367.0354950098533,1.0,0.023446546892300576,0.004292743059294276,0.0,0.0,0.0
5,2,2,2,193.0,0.9815794367988471,6.52444672086654,0.0,0.2847199330388371,1.0,0.0,367.93217312241296,367.02063394907964,1.0,0.004292743059294276,-0.028686487834978364,0.0,0.0,0.0
5,2,2,2,194.0,1.408077419423636,6.780079468203522,0.0,0.2747222758673447,1.0,0.0,367.9321730798265,366.95896823035037,1.0,-0.028686487834978364,0.03505751524515674,0.0,0.0,0.0
5,2,2,2,195.0,1.1850294359220257,6.787100957305196,0.0,0.2744575671063036,1.0,0.0,367.9321730352987,367.0577697486757,1.0,0.03505751524515674,0.011020300038865005,0.0,0.0,0.0
5,2,2,2,196.0,1.150412568453964,6.758803430028641,0.0,0.27552750522576264,1.0,0.0,367.9321729907706,367.04475283350826,1.0,0.011020300038865005,0.0005036969576507552,0.0,0.0,0.0
5,2,2,2,197.0,0.8798944896871018,6.462817576712879,0.0,0.2872400401080439,1.0,0.0,367.93217294624253,367.0347399273847,1.0,0.0005036969576507552,-0.046214608154389304,0.0,0.0,0.0
5,2,2,2,198.0,0.8240448622670047,6.140580681308595,0.0,0.30117848061532465,1.0,0.0,367.9321729046274,366.94180701411824,1.0,-0.046214608154389304,-0.06476922569697996,0.0,0.0,0.0
5,2,2,2,199.0,1.3933411257645951,6.419863738942331,0.0,0.28902303216532566,1.0,0.0,367.93217285912846,366.8584831708787,1.0,-0.06476922569697996,0.025410595861306284,0.0,0.0,0.0
5,2,2,2,200.0,1.2570103230681242,6.534887688116222,0.0,0.28429736033718445,1.0,0.0,367.9321728155715,366.9740735882983,1.0,0.025410595861306284,0.02096230819126128,0.0,0.0,0.0
5,2,2,1,108.0,-0.06704504258573847,0.0,0.0,1.0,0.0,1.0,270.6750833155609,270.73543553323884,0.0,0.009608862081702798,0.007466421755745503,0.0,10.0,0.0
5,2,2,1,109.0,-0.3259709963437944,0.0,0.0,1.0,0.0,1.0,270.6750833170076,270.7300473130388,0.0,0.007466421755745503,-0.005351809135794381,0.0,10.0,0.0
5,2,2,1,110.0,0.28530611015961266,0.0,0.0,1.0,0.0,1.0,270.6750833183898,270.6477861185538,0.0,-0.005351809135794381,0.007033560739020576,0.0,10.0,0.0
5,2,2,1,111.0,-0.0791128844252246,0.0,0.0,1.0,0.0,1.0,270.6750833197075,270.72913189854177,0.0,0.007033560739020576,0.004393550547288786,0.0,10.0,0.0
5,2,2,1,112.0,0.05930924661386337,0.0,0.0,1.0,0.0,1.0,270.6750833210897,270.7176853879386,0.0,0.004393550547288786,0.007460831027529483,0.0,10.0,0.0
5,2,2,1,113.0,-0.1164153467885806,0.0,0.0,1.0,0.0,1.0,270.67508332247183,270.7435499018476,0.0,0.007460831027529483,0.003282800911600251,0.0,10.0,0.0
5,2,2,1,114.0,-0.11005740639276435,0.0,0.0,1.0,0.0,1.0,270.67508332385404,270.7217645220636,0.0,0.003282800911600251,-0.000633084606195663,0.0,10.0,0.0
5,2,2,1,115.0,0.07663263974461469,0.0,0.0,1.0,0.0,1.0,270.6750833252362,270.69763612435065,0.0,-0.000633084606195663,0.0031484576707669055,0.0,10.0,0.0
5,2,2,1,116.0,0.09840518270665297,0.0,0.0,1.0,0.0,1.0,270.6750833265539,270.7234738356832,0.0,0.0031484576707669055,0.007827704891437297,0.0,10.0,0.0
5,2,2,1,117.0,-0.2247768404006741,0.0,0.0,1.0,0.0,1.0,270.6750833280006,270.75937702389865,0.0,0.007827704891437297,-0.0008181840636154857,0.0,10.0,0.0
5,2,2,1,118.0,-0.178909260420606,0.0,0.0,1.0,0.0,1.0,270.67508332938274,270.7066835061047,0.0,-0.0008181840636154857,-0.0075729042481754005,0.0,10.0,0.0
5,2,2,1,119.0,0.12459210050527708,0.0,0.0,1.0,0.0,1.0,270.67508333070043,270.6585822807492,0.0,-0.0075729042481754005,-0.0018139427465740663,0.0,10.0,0.0
5,2,2,1,120.0,0.4890252348483778,0.0,0.0,1.0,0.0,1.0,270.67508333195366,270.69132210701224,0.0,-0.0018139427465740663,0.018970981818742422,0.0,10.0,0.0
5,2,2,1,121.0,-0.12298833726794213,0.0,0.0,1.0,0.0,1.0,270.6750833334003,270.8350026362229,0.0,0.018970981818742422,0.014521940362587322,0.0,10.0,0.0
5,2,2,1,122.0,-0.15068486431547,0.0,0.0,1.0,0.0,1.0,270.67508333478247,270.8228303278486,0.0,0.014521940362587322,0.008930941841634881,0.0,10.0,0.0
5,2,2,1,123.0,-0.2370175432858856,0.0,0.0,1.0,0.0,1.0,270.6750833361647,270.7982152785645,0.0,0.008930941841634881,-0.00021964422269320043,0.0,10.0,0.0
5,2,2,1,124.0,-0.02911736083838261,0.0,0.0,1.0,0.0,1.0,270.67508333748236,270.7430921179558,0.0,-0.00021964422269320043,-0.0007982861688589038,0.0,10.0,0.0
5,2,2,1,125.0,0.10131153056550207,0.0,0.0,1.0,0.0,1.0,270.67508333886457,270.73882198011,0.0,-0.0007982861688589038,0.004000792843879713,0.0,10.0,0.0
5,2,2,1,126.0,-0.30432879268743646,0.0,0.0,1.0,0.0,1.0,270.67508334031123,270.77161724703035,0.0,0.004000792843879713,-0.007925107131197248,0.0,10.0,0.0
5,2,2,1,127.0,0.32309390337132105,0.0,0.0,1.0,0.0,1.0,270.6750833416289,270.6921367400487,0.0,-0.007925107131197248,0.006018293371326425,0.0,10.0,0.0
5,2,2,1,128.0,0.12943674462661384,0.0,0.0,1.0,0.0,1.0,270.6750833429466,270.7818154364351,0.0,0.006018293371326425,0.01197700466723575,0.0,10.0,0.0
5,2,2,1,129.0,-0.21034683848136623,0.0,0.0,1.0,0.0,1.0,270.6750833443933,270.82954470887785,0.0,0.01197700466723575,0.003926079933094687,0.0,10.0,0.0
5,2,2,1,130.0,0.21916391414108383,0.0,0.0,1.0,0.0,1.0,270.6750833457755,270.78516524040606,0.0,0.003926079933094687,0.013584337202962619,0.0,10.0,0.0
5,2,2,1,131.0,-0.40145338996405694,0.0,0.0,1.0,0.0,1.0,270.6750833470287,270.85669912122825,0.0,0.013584337202962619,-0.002346112506285176,0.0,10.0,0.0
5,2,2,1,132.0,0.02579440377356685,0.0,0.0,1.0,0.0,1.0,270.67508334841085,270.75877031046645,0.0,-0.002346112506285176,-0.000660684396609663,0.0,10.0,0.0
5,2,2,1,133.0,-0.5170889114668583,0.0,0.017088911466858314,1.0,0.0,1.0,270.67508334979306,270.76822219472785,0.0,-0.000660684396609663,-0.021358908798151784,0.0,10.0,0.0
5,2,2,1,134.0,-0.2661343899531605,0.0,0.0,1.0,0.0,1.0,270.6750833512397,270.62267393952044,0.0,-0.021358908798151784,-0.031710013205420745,0.0,10.0,0.0
5,2,2,1,135.0,0.357985342265904,0.0,0.0,1.0,0.0,1.0,270.6750833525574,270.5288572998714,0.0,-0.031710013205420745,-0.01632800182297557,0.0,10.0,0.0
5,2,2,1,136.0,-0.20375724125603276,0.0,0.0,1.0,0.0,1.0,270.6750833538751,270.6048213663431,0.0,-0.01632800182297557,-0.024107230503213364,0.0,10.0,0.0
5,2,2,1,137.0,0.05900362328604839,0.0,0.0,1.0,0.0,1.0,270.67508335532176,270.5340387637585,0.0,-0.024107230503213364,-0.021052551195595005,0.0,10.0,0.0
5,2,2,1,138.0,0.15182011776599286,0.0,0.0,1.0,0.0,1.0,270.67508335670396,270.5313142884086,0.0,-0.021052551195595005,-0.01417094978257295,0.0,10.0,0.0
5,2,2,1,139.0,-0.27849125024732413,0.0,0.0,1.0,0.0,1.0,270.67508335802165,270.55843294710417,0.0,-0.01417094978257295,-0.02503154059178029,0.0,10.0,0.0
5,2,2,1,140.0,0.15022031731960328,0.0,0.0,1.0,0.0,1.0,270.67508335940386,270.46823786165714,0.0,-0.02503154059178029,-0.01821590064096198,0.0,10.0,0.0
5,2,2,1,141.0,0.5312706058606177,0.031270605860617695,0.0,1.0,0.0,1.0,270.67508336072154,270.4909158007211,0.0,-0.01821590064096198,0.004310845193123223,0.0,10.0,0.0
5,2,2,1,142.0,-0.3331294298644224,0.0,0.0,1.0,0.0,1.0,270.67508336223267,270.6303871209187,0.0,0.004310845193123223,-0.008802535473611775,0.0,10.0,0.0
5,2,2,1,143.0,0.4806012394390484,0.0,0.0,1.0,0.0,1.0,270.6750833634859,270.5429043014447,0.0,-0.008802535473611775,0.011635058863080881,0.0,10.0,0.0
5,2,2,1,144.0,-0.26540660065268884,0.0,0.0,1.0,0.0,1.0,270.6750833648036,270.6771649263279,0.0,0.011635058863080881,0.001313961977402309,0.0,10.0,0.0
5,2,2,1,145.0,0.3028256637521454,0.0,0.0,1.0,0.0,1.0,270.67508336625025,270.61655230699125,0.0,0.001313961977402309,0.014421681551974085,0.0,10.0,0.0
5,2,2,1,146.0,-0.35862104093064184,0.0,0.0,1.0,0.0,1.0,270.67508336763245,270.70962030599065,0.0,0.014421681551974085,0.00025725483530721766,0.0,10.0,0.0
5,2,2,1,147.0,0.5214885089973179,0.021488508997317912,0.0,1.0,0.0,1.0,270.67508336895014,270.62489100052596,0.0,0.00025725483530721766,0.02238067448331834,0.0,10.0,0.0
5,2,2,1,148.0,-0.11710502753203453,0.0,0.0,1.0,0.0,1.0,270.67508337033235,270.78001219289735,0.0,0.02238067448331834,0.018174208101856958,0.0,10.0,0.0
5,2,2,1,149.0,-0.1640702433937147,0.0,0.0,1.0,0.0,1.0,270.6750833717145,270.7729476027105,0.0,0.018174208101856958,0.012031316263119162,0.0,10.0,0.0
5,2,2,1,150.0,-0.01359870699251627,0.0,0.0,1.0,0.0,1.0,270.6750833730967,270.74812156794115,0.0,0.012031316263119162,0.012092524806692505,0.0,10.0,0.0
5,2,2,1,151.0,0.05010568549101698,0.0,0.0,1.0,0.0,1.0,270.6750833744789,270.76058134400927,0.0,0.012092524806692505,0.014780332740519962,0.0,10.0,0.0
5,2,2,1,152.0,-0.34677419639815216,0.0,0.0,1.0,0.0,1.0,270.67508337579653,270.79148852435276,0.0,0.014780332740519962,0.0011043639372303547,0.0,10.0,0.0
5,2,2,1,153.0,0.1542719505396165,0.0,0.0,1.0,0.0,1.0,270.67508337717874,270.71053707547026,0.0,0.0011043639372303547,0.008087057005272423,0.0,10.0,0.0
5,2,2,1,154.0,-0.018334628250142187,0.0,0.0,1.0,0.0,1.0,270.67508337856094,270.7605202908838,0.0,0.008087057005272423,0.00795299851304777,0.0,10.0,0.0
5,2,2,1,155.0,-0.026191539952641403,0.0,0.0,1.0,0.0,1.0,270.67508337987863,270.76766893844353,0.0,0.00795299851304777,0.007494991252417559,0.0,10.0,0.0
5,2,2,1,156.0,-0.04575266610766841,0.0,0.0,1.0,0.0,1.0,270.6750833812608,270.7724158861322,0.0,0.007494991252417559,0.006230458098855262,0.0,10.0,0.0
5,2,2,1,157.0,-0.3875351307129497,0.0,0.0,1.0,0.0,1.0,270.675083382643,270.77105914530966,0.0,0.006230458098855262,-0.00912612708022208,0.0,10.0,0.0
5,2,2,1,158.0,-0.0882561468483798,0.0,0.0,1.0,0.0,1.0,270.67508338402513,270.66979350715496,0.0,-0.00912612708022208,-0.012143123639287969,0.0,10.0,0.0
5,2,2,1,159.0,-0.42482782338693026,0.0,0.0,1.0,0.0,1.0,270.6750833854074,270.63954840416125,0.0,-0.012143123639287969,-0.02903732592795051,0.0,10.0,0.0
5,2,2,1,160.0,0.8355018306196001,0.33550183061960015,0.0,1.0,0.0,1.0,270.6750833867251,270.5091458645013,0.0,-0.02903732592795051,0.006033194649057813,0.0,10.0,0.0
5,2,2,1,161.0,-0.04482611844120921,0.0,0.0,1.0,0.0,1.0,270.67508338817174,270.7256021826124,0.0,0.006033194649057813,0.004806864034455324,0.0,10.0,0.0
5,2,2,1,162.0,-0.030627364123822786,0.0,0.0,1.0,0.0,1.0,270.6750833895539,270.72305106295926,0.0,0.004806864034455324,0.004165963057880626,0.0,10.0,0.0
5,2,2,1,163.0,0.09233147505952358,0.0,0.0,1.0,0.0,1.0,270.6750833908716,270.72337162015765,0.0,0.004165963057880626,0.008594784896868653,0.0,10.0,0.0
5,2,2,1,164.0,-0.16518638283738546,0.0,0.0,1.0,0.0,1.0,270.6750833921248,270.7585393360884,0.0,0.008594784896868653,0.0024058734499391296,0.0,10.0,0.0
5,2,2,1,165.0,0.31201700513020897,0.0,0.0,1.0,0.0,1.0,270.67508339357147,270.7238117408568,0.0,0.0024058734499391296,0.015892561737939567,0.0,10.0,0.0
5,2,2,1,166.0,-0.10340586004612005,0.0,0.0,1.0,0.0,1.0,270.6750833949537,270.8206244323227,0.0,0.015892561737939567,0.01225092650175271,0.0,10.0,0.0
5,2,2,1,167.0,-0.4822705059747385,0.0,0.0,1.0,0.0,1.0,270.6750833963359,270.8110255474073,0.0,0.01225092650175271,-0.00701169826419345,0.0,10.0,0.0
5,2,2,1,168.0,-0.18593964012072664,0.0,0.0,1.0,0.0,1.0,270.6750833976535,270.68843810054744,0.0,-0.00701169826419345,-0.014056288429671321,0.0,10.0,0.0
5,2,2,1,169.0,-0.236412858305121,0.0,0.0,1.0,0.0,1.0,270.6750833990357,270.63211427112486,0.0,-0.014056288429671321,-0.02318194269354023,0.0,10.0,0.0
5,2,2,1,170.0,0.04687004557050048,0.0,0.0,1.0,0.0,1.0,270.6750834004824,270.5541784028481,0.0,-0.02318194269354023,-0.020627543611300318,0.0,10.0,0.0
5,2,2,1,171.0,0.3981528168146212,0.0,0.0,1.0,0.0,1.0,270.67508340180007,270.54887725373027,0.0,-0.020627543611300318,-0.003589384826068444,0.0,10.0,0.0
5,2,2,1,172.0,-0.040435264820347615,0.0,0.0,1.0,0.0,1.0,270.67508340311775,270.6475168216156,0.0,-0.003589384826068444,-0.004634675908016551,0.0,10.0,0.0
5,2,2,1,173.0,0.5892349799251869,0.08923497992518692,0.0,1.0,0.0,1.0,270.6750834045644,270.63661039921595,0.0,-0.004634675908016551,0.020282002293978973,0.0,10.0,0.0
5,2,2,1,174.0,0.5033377341753513,0.08364921610801956,0.0,1.0,0.0,1.0,270.6750834059466,270.8063924707219,0.0,0.020282002293978973,0.041657046324212396,0.0,10.0,0.0
5,2,2,1,175.0,-0.4556731998578425,0.0,0.0,1.0,0.0,1.0,270.6750834073288,270.9762997812275,0.0,0.041657046324212396,0.023491056583034728,0.0,10.0,0.0
5,2,2,1,176.0,-0.5744738509077143,0.0,0.0744738509077143,1.0,0.0,1.0,270.675083408582,270.89079489936347,0.0,0.023491056583034728,0.00042679051514938476,0.0,10.0,0.0
5,2,2,1,177.0,-0.14098590559815102,0.0,0.0,1.0,0.0,1.0,270.67508340996415,270.75283609347133,0.0,0.00042679051514938476,-0.0047643096933029415,0.0,10.0,0.0
5,2,2,1,178.0,-0.2605949535519242,0.0,0.0,1.0,0.0,1.0,270.67508341141087,270.7169251825273,0.0,-0.0047643096933029415,-0.014887017286685015,0.0,10.0,0.0
5,2,2,1,179.0,0.504844909618094,0.004844909618094029,0.0,1.0,0.0,1.0,270.6750834127286,270.6413019196803,0.0,-0.014887017286685015,0.0065501691790160604,0.0,10.0,0.0
5,2,2,1,180.0,-0.2396438481786501,0.0,0.0,1.0,0.0,1.0,270.67508341404624,270.77647520765356,0.0,0.0065501691790160604,-0.0027087022100914654,0.0,10.0,0.0
5,2,2,1,181.0,-0.21665605150196246,0.0,0.0,1.0,0.0,1.0,270.6750834154929,270.7182132771088,0.0,-0.0027087022100914654,-0.011019762461216933,0.0,10.0,0.0
5,2,2,1,182.0,0.31030766451588754,0.0,0.0,1.0,0.0,1.0,270.6750834168751,270.65732715314084,0.0,-0.011019762461216933,0.00239644790775345,0.0,10.0,0.0
5,2,2,1,183.0,-0.23913754252207073,0.0,0.0,1.0,0.0,1.0,270.6750834181928,270.74022086326244,0.0,0.00239644790775345,-0.006841547964344831,0.0,10.0,0.0
5,2,2,1,184.0,0.16534931539196068,0.0,0.0,1.0,0.0,1.0,270.675083419575,270.6779513400655,0.0,-0.006841547964344831,0.0005978765570944329,0.0,10.0,0.0
5,2,2,1,185.0,0.10818434666268355,0.0,0.0,1.0,0.0,1.0,270.6750834208927,270.7231857637512,0.0,0.0005978765570944329,0.005680329036974296,0.0,10.0,0.0
5,2,2,1,186.0,-0.013000474792278461,0.0,0.0,1.0,0.0,1.0,270.6750834224038,270.75936080766746,0.0,0.005680329036974296,0.005766203326049901,0.0,10.0,0.0
5,2,2,1,187.0,-0.36592828941136996,0.0,0.0,1.0,0.0,1.0,270.67508342365704,270.765642256728,0.0,0.005766203326049901,-0.008699508963803726,0.0,10.0,0.0
5,2,2,1,188.0,0.22935092757450137,0.0,0.0,1.0,0.0,1.0,270.67508342497473,270.67014847402504,0.0,-0.008699508963803726,0.0013787696300198715,0.0,10.0,0.0
5,2,2,1,189.0,0.03043681370907565,0.0,0.0,1.0,0.0,1.0,270.6750834264214,270.731996915218,0.0,0.0013787696300198715,0.003255609204910581,0.0,10.0,0.0
5,2,2,1,190.0,0.01744113469619552,0.0,0.0,1.0,0.0,1.0,270.6750834278036,270.7465135618723,0.0,0.003255609204910581,0.0045966232073340165,0.0,10.0,0.0
5,2,2,1,191.0,0.12466630558554644,0.0,0.0,1.0,0.0,1.0,270.6750834291213,270.7591562690942,0.0,0.0045966232073340165,0.010358644262774431,0.0,10.0,0.0
5,2,2,1,192.0,-0.06819010658709442,0.0,0.0,1.0,0.0,1.0,270.6750834305035,270.80408703968965,0.0,0.010358644262774431,0.008168991738560305,0.0,10.0,0.0
5,2,2,1,193.0,0.06077298917643412,0.0,0.0,1.0,0.0,1.0,270.67508343188564,270.7991181162829,0.0,0.008168991738560305,0.011296623870742917,0.0,10.0,0.0
5,2,2,1,194.0,-0.22964822091346393,0.0,0.0,1.0,0.0,1.0,270.67508343326784,270.82918053294674,0.0,0.011296623870742917,0.002449882751722055,0.0,10.0,0.0
5,2,2,1,195.0,0.06696352004939063,0.0,0.0,1.0,0.0,1.0,270.67508343465005,270.7785499689843,0.0,0.002449882751722055,0.005832757010583134,0.0,10.0,0.0
5,2,2,1,196.0,-0.0056718163208162005,0.0,0.0,1.0,0.0,1.0,270.67508343596774,270.804679971548,0.0,0.005832757010583134,0.006220799629377905,0.0,10.0,0.0
5,2,2,1,197.0,0.3202076804295446,0.0,0.0,1.0,0.0,1.0,270.6750834373499,270.81322902689016,0.0,0.006220799629377905,0.020045198111421324,0.0,10.0,0.0
5,2,2,1,198.0,-0.3789327277643522,0.0,0.0,1.0,0.0,1.0,270.6750834387966,270.9162206158938,0.0,0.020045198111421324,0.005043299092255902,0.0,10.0,0.0
5,2,2,1,199.0,-0.5262288935328354,0.0,0.026228893532835418,1.0,0.0,1.0,270.6750834400498,270.8312525208711,0.0,0.005043299092255902,-0.01603177642402897,0.0,10.0,0.0
5,2,2,1,200.0,0.06998156924681417,0.0,0.0,1.0,0.0,1.0,270.675083441432,270.68877029134933,0.0,-0.01603177642402897,-0.012524464808925011,0.0,10.0,0.0
