Point,Scenario,Seed,Aggregation,Follower,MaximumDifference,MeanDifference,CDF95Difference,RMSE3DDifference
full,baseline_3f,1,follower,1,0.0,0.0,0.0,0.0
full,baseline_3f,1,follower,2,0.0,0.0,0.0,0.0
full,baseline_3f,1,follower,3,0.0,0.0,0.0,0.0
full,baseline_3f,1,pooled,0,0.0,0.0,0.0,0.0
full,baseline_3f,1,macro,0,0.0,0.0,0.0,0.0
full,baseline_3f,2,follower,1,0.0,0.0,0.0,0.0
full,baseline_3f,2,follower,2,0.0,0.0,0.0,0.0
full,baseline_3f,2,follower,3,0.0,0.0,0.0,0.0
full,baseline_3f,2,pooled,0,0.0,0.0,0.0,0.0
full,baseline_3f,2,macro,0,0.0,0.0,0.0,0.0
full,baseline_3f,3,follower,1,0.0,0.0,0.0,0.0
full,baseline_3f,3,follower,2,0.0,0.0,0.0,0.0
full,baseline_3f,3,follower,3,0.0,0.0,0.0,0.0
full,baseline_3f,3,pooled,0,0.0,0.0,0.0,0.0
full,baseline_3f,3,macro,0,0.0,0.0,0.0,0.0
full,baseline_3f,4,follower,1,0.0,0.0,0.0,0.0
full,baseline_3f,4,follower,2,0.0,0.0,0.0,0.0
full,baseline_3f,4,follower,3,0.0,0.0,0.0,0.0
full,baseline_3f,4,pooled,0,0.0,0.0,0.0,0.0
full,baseline_3f,4,macro,0,0.0,0.0,0.0,0.0
full,baseline_3f,5,follower,1,0.0,0.0,0.0,0.0
full,baseline_3f,5,follower,2,0.0,0.0,0.0,0.0
full,baseline_3f,5,follower,3,0.0,0.0,0.0,0.0
full,baseline_3f,5,pooled,0,0.0,0.0,0.0,0.0
full,baseline_3f,5,macro,0,0.0,0.0,0.0,0.0
full,baseline_3f,6,follower,1,0.0,0.0,0.0,0.0
full,baseline_3f,6,follower,2,0.0,0.0,0.0,0.0
full,baseline_3f,6,follower,3,0.0,0.0,0.0,0.0
full,baseline_3f,6,pooled,0,0.0,0.0,0.0,0.0
full,baseline_3f,6,macro,0,0.0,0.0,0.0,0.0
full,baseline_3f,7,follower,1,0.0,0.0,0.0,0.0
full,baseline_3f,7,follower,2,0.0,0.0,0.0,0.0
full,baseline_3f,7,follower,3,0.0,0.0,0.0,0.0
full,baseline_3f,7,pooled,0,0.0,0.0,0.0,0.0
full,baseline_3f,7,macro,0,0.0,0.0,0.0,0.0
full,baseline_3f,8,follower,1,0.0,0.0,0.0,0.0
full,baseline_3f,8,follower,2,0.0,0.0,0.0,0.0
full,baseline_3f,8,follower,3,0.0,0.0,0.0,0.0
full,baseline_3f,8,pooled,0,0.0,0.0,0.0,0.0
full,baseline_3f,8,macro,0,0.0,0.0,0.0,0.0
full,baseline_3f,9,follower,1,0.0,0.0,0.0,0.0
full,baseline_3f,9,follower,2,0.0,0.0,0.0,0.0
full,baseline_3f,9,follower,3,0.0,0.0,0.0,0.0
full,baseline_3f,9,pooled,0,0.0,0.0,0.0,0.0
full,baseline_3f,9,macro,0,0.0,0.0,0.0,0.0
full,baseline_3f,10,follower,1,0.0,0.0,0.0,0.0
full,baseline_3f,10,follower,2,0.0,0.0,0.0,0.0
full,baseline_3f,10,follower,3,0.0,0.0,0.0,0.0
full,baseline_3f,10,pooled,0,0.0,0.0,0.0,0.0
full,baseline_3f,10,macro,0,0.0,0.0,0.0,0.0
full,baseline_3f,11,follower,1,0.0,0.0,0.0,0.0
full,baseline_3f,11,follower,2,0.0,0.0,0.0,0.0
full,baseline_3f,11,follower,3,0.0,0.0,0.0,0.0
full,baseline_3f,11,pooled,0,0.0,0.0,0.0,0.0
full,baseline_3f,11,macro,0,0.0,0.0,0.0,0.0
full,baseline_3f,12,follower,1,0.0,0.0,0.0,0.0
full,baseline_3f,12,follower,2,0.0,0.0,0.0,0.0
full,baseline_3f,12,follower,3,0.0,0.0,0.0,0.0
full,baseline_3f,12,pooled,0,0.0,0.0,0.0,0.0
full,baseline_3f,12,macro,0,0.0,0.0,0.0,0.0
full,baseline_3f,13,follower,1,0.0,0.0,0.0,0.0
full,baseline_3f,13,follower,2,0.0,0.0,0.0,0.0
full,baseline_3f,13,follower,3,0.0,0.0,0.0,0.0
full,baseline_3f,13,pooled,0,0.0,0.0,0.0,0.0
full,baseline_3f,13,macro,0,0.0,0.0,0.0,0.0
full,baseline_3f,14,follower,1,0.0,0.0,0.0,0.0
full,baseline_3f,14,follower,2,0.0,0.0,0.0,0.0
full,baseline_3f,14,follower,3,0.0,0.0,0.0,0.0
full,baseline_3f,14,pooled,0,0.0,0.0,0.0,0.0
full,baseline_3f,14,macro,0,0.0,0.0,0.0,0.0
full,baseline_3f,15,follower,1,0.0,0.0,0.0,0.0
full,baseline_3f,15,follower,2,0.0,0.0,0.0,0.0
full,baseline_3f,15,follower,3,0.0,0.0,0.0,0.0
full,baseline_3f,15,pooled,0,0.0,0.0,0.0,0.0
full,baseline_3f,15,macro,0,0.0,0.0,0.0,0.0
full,baseline_3f,16,follower,1,0.0,0.0,0.0,0.0
full,baseline_3f,16,follower,2,0.0,0.0,0.0,0.0
full,baseline_3f,16,follower,3,0.0,0.0,0.0,0.0
full,baseline_3f,16,pooled,0,0.0,0.0,0.0,0.0
full,baseline_3f,16,macro,0,0.0,0.0,0.0,0.0
full,baseline_3f,17,follower,1,0.0,0.0,0.0,0.0
full,baseline_3f,17,follower,2,0.0,0.0,0.0,0.0
full,baseline_3f,17,follower,3,0.0,0.0,0.0,0.0
full,baseline_3f,17,pooled,0,0.0,0.0,0.0,0.0
full,baseline_3f,17,macro,0,0.0,0.0,0.0,0.0
full,baseline_3f,18,follower,1,0.0,0.0,0.0,0.0
full,baseline_3f,18,follower,2,0.0,0.0,0.0,0.0
full,baseline_3f,18,follower,3,0.0,0.0,0.0,0.0
full,baseline_3f,18,pooled,0,0.0,0.0,0.0,0.0
full,baseline_3f,18,macro,0,0.0,0.0,0.0,0.0
full,baseline_3f,19,follower,1,0.0,0.0,0.0,0.0
full,baseline_3f,19,follower,2,0.0,0.0,0.0,0.0
full,baseline_3f,19,follower,3,0.0,0.0,0.0,0.0
full,baseline_3f,19,pooled,0,0.0,0.0,0.0,0.0
full,baseline_3f,19,macro,0,0.0,0.0,0.0,0.0
full,baseline_3f,20,follower,1,0.0,0.0,0.0,0.0
full,baseline_3f,20,follower,2,0.0,0.0,0.0,0.0
full,baseline_3f,20,follower,3,0.0,0.0,0.0,0.0
full,baseline_3f,20,pooled,0,0.0,0.0,0.0,0.0
full,baseline_3f,20,macro,0,0.0,0.0,0.0,0.0
full,baseline_3f,21,follower,1,0.0,0.0,0.0,0.0
full,baseline_3f,21,follower,2,0.0,0.0,0.0,0.0
full,baseline_3f,21,follower,3,0.0,0.0,0.0,0.0
full,baseline_3f,21,pooled,0,0.0,0.0,0.0,0.0
full,baseline_3f,21,macro,0,0.0,0.0,0.0,0.0
full,baseline_3f,22,follower,1,0.0,0.0,0.0,0.0
full,baseline_3f,22,follower,2,0.0,0.0,0.0,0.0
full,baseline_3f,22,follower,3,0.0,0.0,0.0,0.0
full,baseline_3f,22,pooled,0,0.0,0.0,0.0,0.0
full,baseline_3f,22,macro,0,0.0,0.0,0.0,0.0
full,baseline_3f,23,follower,1,0.0,0.0,0.0,0.0
full,baseline_3f,23,follower,2,0.0,0.0,0.0,0.0
full,baseline_3f,23,follower,3,0.0,0.0,0.0,0.0
full,baseline_3f,23,pooled,0,0.0,0.0,0.0,0.0
full,baseline_3f,23,macro,0,0.0,0.0,0.0,0.0
full,baseline_3f,24,follower,1,0.0,0.0,0.0,0.0
full,baseline_3f,24,follower,2,0.0,0.0,0.0,0.0
full,baseline_3f,24,follower,3,0.0,0.0,0.0,0.0
full,baseline_3f,24,pooled,0,0.0,0.0,0.0,0.0
full,baseline_3f,24,macro,0,0.0,0.0,0.0,0.0
full,baseline_3f,25,follower,1,0.0,0.0,0.0,0.0
full,baseline_3f,25,follower,2,0.0,0.0,0.0,0.0
full,baseline_3f,25,follower,3,0.0,0.0,0.0,0.0
full,baseline_3f,25,pooled,0,0.0,0.0,0.0,0.0
full,baseline_3f,25,macro,0,0.0,0.0,0.0,0.0
full,baseline_3f,26,follower,1,0.0,0.0,0.0,0.0
full,baseline_3f,26,follower,2,0.0,0.0,0.0,0.0
full,baseline_3f,26,follower,3,0.0,0.0,0.0,0.0
full,baseline_3f,26,pooled,0,0.0,0.0,0.0,0.0
full,baseline_3f,26,macro,0,0.0,0.0,0.0,0.0
full,baseline_3f,27,follower,1,0.0,0.0,0.0,0.0
full,baseline_3f,27,follower,2,0.0,0.0,0.0,0.0
full,baseline_3f,27,follower,3,0.0,0.0,0.0,0.0
full,baseline_3f,27,pooled,0,0.0,0.0,0.0,0.0
full,baseline_3f,27,macro,0,0.0,0.0,0.0,0.0
full,baseline_3f,28,follower,1,0.0,0.0,0.0,0.0
full,baseline_3f,28,follower,2,0.0,0.0,0.0,0.0
full,baseline_3f,28,follower,3,0.0,0.0,0.0,0.0
full,baseline_3f,28,pooled,0,0.0,0.0,0.0,0.0
full,baseline_3f,28,macro,0,0.0,0.0,0.0,0.0
full,baseline_3f,29,follower,1,0.0,0.0,0.0,0.0
full,baseline_3f,29,follower,2,0.0,0.0,0.0,0.0
full,baseline_3f,29,follower,3,0.0,0.0,0.0,0.0
full,baseline_3f,29,pooled,0,0.0,0.0,0.0,0.0
full,baseline_3f,29,macro,0,0.0,0.0,0.0,0.0
full,baseline_3f,30,follower,1,0.0,0.0,0.0,0.0
full,baseline_3f,30,follower,2,0.0,0.0,0.0,0.0
full,baseline_3f,30,follower,3,0.0,0.0,0.0,0.0
full,baseline_3f,30,pooled,0,0.0,0.0,0.0,0.0
full,baseline_3f,30,macro,0,0.0,0.0,0.0,0.0
full,baseline_3f,31,follower,1,0.0,0.0,0.0,0.0
full,baseline_3f,31,follower,2,0.0,0.0,0.0,0.0
full,baseline_3f,31,follower,3,0.0,0.0,0.0,0.0
full,baseline_3f,31,pooled,0,0.0,0.0,0.0,0.0
full,baseline_3f,31,macro,0,0.0,0.0,0.0,0.0
full,baseline_3f,32,follower,1,0.0,0.0,0.0,0.0
full,baseline_3f,32,follower,2,0.0,0.0,0.0,0.0
full,baseline_3f,32,follower,3,0.0,0.0,0.0,0.0
full,baseline_3f,32,pooled,0,0.0,0.0,0.0,0.0
full,baseline_3f,32,macro,0,0.0,0.0,0.0,0.0
full,baseline_3f,33,follower,1,0.0,0.0,0.0,0.0
full,baseline_3f,33,follower,2,0.0,0.0,0.0,0.0
full,baseline_3f,33,follower,3,0.0,0.0,0.0,0.0
full,baseline_3f,33,pooled,0,0.0,0.0,0.0,0.0
full,baseline_3f,33,macro,0,0.0,0.0,0.0,0.0
full,baseline_3f,34,follower,1,0.0,0.0,0.0,0.0
full,baseline_3f,34,follower,2,0.0,0.0,0.0,0.0
full,baseline_3f,34,follower,3,0.0,0.0,0.0,0.0
full,baseline_3f,34,pooled,0,0.0,0.0,0.0,0.0
full,baseline_3f,34,macro,0,0.0,0.0,0.0,0.0
full,baseline_3f,35,follower,1,0.0,0.0,0.0,0.0
full,baseline_3f,35,follower,2,0.0,0.0,0.0,0.0
full,baseline_3f,35,follower,3,0.0,0.0,0.0,0.0
full,baseline_3f,35,pooled,0,0.0,0.0,0.0,0.0
full,baseline_3f,35,macro,0,0.0,0.0,0.0,0.0
full,baseline_3f,36,follower,1,0.0,0.0,0.0,0.0
full,baseline_3f,36,follower,2,0.0,0.0,0.0,0.0
full,baseline_3f,36,follower,3,0.0,0.0,0.0,0.0
full,baseline_3f,36,pooled,0,0.0,0.0,0.0,0.0
full,baseline_3f,36,macro,0,0.0,0.0,0.0,0.0
full,baseline_3f,37,follower,1,0.0,0.0,0.0,0.0
full,baseline_3f,37,follower,2,0.0,0.0,0.0,0.0
full,baseline_3f,37,follower,3,0.0,0.0,0.0,0.0
full,baseline_3f,37,pooled,0,0.0,0.0,0.0,0.0
full,baseline_3f,37,macro,0,0.0,0.0,0.0,0.0
full,baseline_3f,38,follower,1,0.0,0.0,0.0,0.0
full,baseline_3f,38,follower,2,0.0,0.0,0.0,0.0
full,baseline_3f,38,follower,3,0.0,0.0,0.0,0.0
full,baseline_3f,38,pooled,0,0.0,0.0,0.0,0.0
full,baseline_3f,38,macro,0,0.0,0.0,0.0,0.0
full,baseline_3f,39,follower,1,0.0,0.0,0.0,0.0
full,baseline_3f,39,follower,2,0.0,0.0,0.0,0.0
full,baseline_3f,39,follower,3,0.0,0.0,0.0,0.0
full,baseline_3f,39,pooled,0,0.0,0.0,0.0,0.0
full,baseline_3f,39,macro,0,0.0,0.0,0.0,0.0
full,baseline_3f,40,follower,1,0.0,0.0,0.0,0.0
full,baseline_3f,40,follower,2,0.0,0.0,0.0,0.0
full,baseline_3f,40,follower,3,0.0,0.0,0.0,0.0
full,baseline_3f,40,pooled,0,0.0,0.0,0.0,0.0
full,baseline_3f,40,macro,0,0.0,0.0,0.0,0.0
full,baseline_3f,41,follower,1,0.0,0.0,0.0,0.0
full,baseline_3f,41,follower,2,0.0,0.0,0.0,0.0
full,baseline_3f,41,follower,3,0.0,0.0,0.0,0.0
full,baseline_3f,41,pooled,0,0.0,0.0,0.0,0.0
full,baseline_3f,41,macro,0,0.0,0.0,0.0,0.0
full,baseline_3f,42,follower,1,0.0,0.0,0.0,0.0
full,baseline_3f,42,follower,2,0.0,0.0,0.0,0.0
full,baseline_3f,42,follower,3,0.0,0.0,0.0,0.0
full,baseline_3f,42,pooled,0,0.0,0.0,0.0,0.0
full,baseline_3f,42,macro,0,0.0,0.0,0.0,0.0
full,baseline_3f,43,follower,1,0.0,0.0,0.0,0.0
full,baseline_3f,43,follower,2,0.0,0.0,0.0,0.0
full,baseline_3f,43,follower,3,0.0,0.0,0.0,0.0
full,baseline_3f,43,pooled,0,0.0,0.0,0.0,0.0
full,baseline_3f,43,macro,0,0.0,0.0,0.0,0.0
full,baseline_3f,44,follower,1,0.0,0.0,0.0,0.0
full,baseline_3f,44,follower,2,0.0,0.0,0.0,0.0
full,baseline_3f,44,follower,3,0.0,0.0,0.0,0.0
full,baseline_3f,44,pooled,0,0.0,0.0,0.0,0.0
full,baseline_3f,44,macro,0,0.0,0.0,0.0,0.0
full,baseline_3f,45,follower,1,0.0,0.0,0.0,0.0
full,baseline_3f,45,follower,2,0.0,0.0,0.0,0.0
full,baseline_3f,45,follower,3,0.0,0.0,0.0,0.0
full,baseline_3f,45,pooled,0,0.0,0.0,0.0,0.0
full,baseline_3f,45,macro,0,0.0,0.0,0.0,0.0
full,baseline_3f,46,follower,1,0.0,0.0,0.0,0.0
full,baseline_3f,46,follower,2,0.0,0.0,0.0,0.0
full,baseline_3f,46,follower,3,0.0,0.0,0.0,0.0
full,baseline_3f,46,pooled,0,0.0,0.0,0.0,0.0
full,baseline_3f,46,macro,0,0.0,0.0,0.0,0.0
full,baseline_3f,47,follower,1,0.0,0.0,0.0,0.0
full,baseline_3f,47,follower,2,0.0,0.0,0.0,0.0
full,baseline_3f,47,follower,3,0.0,0.0,0.0,0.0
full,baseline_3f,47,pooled,0,0.0,0.0,0.0,0.0
full,baseline_3f,47,macro,0,0.0,0.0,0.0,0.0
full,baseline_3f,48,follower,1,0.0,0.0,0.0,0.0
full,baseline_3f,48,follower,2,0.0,0.0,0.0,0.0
full,baseline_3f,48,follower,3,0.0,0.0,0.0,0.0
full,baseline_3f,48,pooled,0,0.0,0.0,0.0,0.0
full,baseline_3f,48,macro,0,0.0,0.0,0.0,0.0
full,baseline_3f,49,follower,1,0.0,0.0,0.0,0.0
full,baseline_3f,49,follower,2,0.0,0.0,0.0,0.0
full,baseline_3f,49,follower,3,0.0,0.0,0.0,0.0
full,baseline_3f,49,pooled,0,0.0,0.0,0.0,0.0
full,baseline_3f,49,macro,0,0.0,0.0,0.0,0.0
full,baseline_3f,50,follower,1,0.0,0.0,0.0,0.0
full,baseline_3f,50,follower,2,0.0,0.0,0.0,0.0
full,baseline_3f,50,follower,3,0.0,0.0,0.0,0.0
full,baseline_3f,50,pooled,0,0.0,0.0,0.0,0.0
full,baseline_3f,50,macro,0,0.0,0.0,0.0,0.0
no_isolation,baseline_3f,1,follower,1,1.9943122793269303,0.3860007953487111,1.7819357933278432,0.580753037997642
no_isolation,baseline_3f,1,follower,2,3.119728907709435,0.4319357756986286,1.958859127040948,0.6899238495135551
no_isolation,baseline_3f,1,follower,3,3.6885774273158387,0.3607097297539503,1.776740320895026,0.568925611014743
no_isolation,baseline_3f,1,pooled,0,1.99878686441793,0.39288210026709647,1.771012451462182,0.6113094551911668
no_isolation,baseline_3f,1,macro,0,2.9342062047840676,0.3928821002670967,1.839178413754606,0.6132008328419798
no_isolation,baseline_3f,2,follower,1,1.0910940205922328,0.28551861109095245,0.9438359944939436,0.3730108573690454
no_isolation,baseline_3f,2,follower,2,1.8017490194220116,0.24559635238189848,0.9010536030293261,0.3342485950408711
no_isolation,baseline_3f,2,follower,3,7.220973059960911,0.3159726412914775,1.6784251812040045,0.7559738903394755
no_isolation,baseline_3f,2,pooled,0,6.416485501727968,0.2823625349214427,0.9448944452075845,0.4798913089051253
no_isolation,baseline_3f,2,macro,0,3.371272033325052,0.2823625349214427,1.1744382595757588,0.48774444758313074
no_isolation,baseline_3f,3,follower,1,1.2948705080584286,0.24354926913956554,0.9669375897775239,0.36663037053186254
no_isolation,baseline_3f,3,follower,2,1.246554770138109,0.24615645367414896,1.2472748294289322,0.3706336609097677
no_isolation,baseline_3f,3,follower,3,2.6643759422171596,0.24892067568204185,1.2425409009825876,0.4543544470347025
no_isolation,baseline_3f,3,pooled,0,2.1287668383814156,0.24620879949858532,1.0705862799124974,0.38812948387372115
no_isolation,baseline_3f,3,macro,0,1.735267073471232,0.24620879949858543,1.152251106729681,0.3972061594921109
no_isolation,baseline_3f,4,follower,1,0.8137541658661229,0.19678799989362883,0.7034486239398761,0.25088945786497363
no_isolation,baseline_3f,4,follower,2,2.826477151327162,0.3788943430295417,1.3223636829405914,0.5606793078728822
no_isolation,baseline_3f,4,follower,3,2.574874726121614,0.20551977012416034,0.7525782487452959,0.3570694470025344
no_isolation,baseline_3f,4,pooled,0,1.9769037195833823,0.2604007043491101,0.9038003229998206,0.3779086772310325
no_isolation,baseline_3f,4,macro,0,2.0717020144383005,0.26040070434911033,0.9261301852085879,0.3895460709134635
no_isolation,baseline_3f,5,follower,1,-0.33591108857449914,0.06058734849223568,0.45892419986034483,0.08629074212944965
no_isolation,baseline_3f,5,follower,2,1.2537615612927846,0.38227184123433444,1.8298380806607994,0.6318041287125423
no_isolation,baseline_3f,5,follower,3,2.1552175538007843,0.22196790083257534,1.16086151728554,0.3658184303531674
no_isolation,baseline_3f,5,pooled,0,0.5259987950435416,0.22160903018638156,0.8823982059064908,0.2992869916390901
no_isolation,baseline_3f,5,macro,0,1.0243560088396895,0.221609030186382,1.1498745992688943,0.3613044337317197
no_isolation,baseline_3f,6,follower,1,0.84131751293351,0.2045009480968345,0.5702355162169597,0.2538637489806568
no_isolation,baseline_3f,6,follower,2,1.7680566985508612,0.22360073766784883,0.8444286921185351,0.28548426809406857
no_isolation,baseline_3f,6,follower,3,1.7516415098561757,0.16697985129980686,0.7634907725316764,0.2616459084667835
no_isolation,baseline_3f,6,pooled,0,1.7680566985508612,0.19836051235483,0.588945287846101,0.2620320306783106
no_isolation,baseline_3f,6,macro,0,1.4536719071135158,0.1983605123548302,0.726051660289057,0.2669979751805027
no_isolation,baseline_3f,7,follower,1,0.2909436766334199,0.17968147763908127,1.178135747858139,0.28214204506594587
no_isolation,baseline_3f,7,follower,2,2.2453221068537657,0.2523498889401865,1.0865261417392504,0.3466474402314168
no_isolation,baseline_3f,7,follower,3,4.277293366396408,0.2600354906301514,0.7470293506100172,0.5198407643041938
no_isolation,baseline_3f,7,pooled,0,2.0718821508294605,0.23068895240313947,0.9295574708799779,0.35628551752437776
no_isolation,baseline_3f,7,macro,0,2.271186383294531,0.2306889524031398,1.0038970800691354,0.3828767498671858
no_isolation,baseline_3f,8,follower,1,1.090463482361712,0.20497168419475953,1.1291720501615707,0.24437511919185817
no_isolation,baseline_3f,8,follower,2,-0.5889020985387687,0.300517075472975,1.0291124590668879,0.34242163712563267
no_isolation,baseline_3f,8,follower,3,1.4481400886212032,0.15657593840088746,0.7869031049319275,0.2479366661594813
no_isolation,baseline_3f,8,pooled,0,1.090463482361712,0.2206882326895404,0.7278407718183395,0.2633350864168411
no_isolation,baseline_3f,8,macro,0,0.6499004908147157,0.22068823268954074,0.9817292047201285,0.27824447415899045
no_isolation,baseline_3f,9,follower,1,3.541090997106647,0.2878794874559678,0.918141700626846,0.43907597364502127
no_isolation,baseline_3f,9,follower,2,4.055802700633906,0.3086705819762027,1.0562948338600917,0.5512762419431882
no_isolation,baseline_3f,9,follower,3,0.8575302171532857,0.13691834301220684,0.5615148742083793,0.22059639866415803
no_isolation,baseline_3f,9,pooled,0,3.792725621457149,0.24448947081479266,0.7965723804682345,0.4121631252465169
no_isolation,baseline_3f,9,macro,0,2.818141304964613,0.24448947081479244,0.8453171362317722,0.4036495380841226
no_isolation,baseline_3f,10,follower,1,4.275651108856463,0.41013962268350357,1.95852854639896,0.7462419677277751
no_isolation,baseline_3f,10,follower,2,1.8886525644948504,0.3037940843880398,1.194951131984493,0.4303085801266613
no_isolation,baseline_3f,10,follower,3,3.739946810351028,0.3600334999527677,2.0752387213345536,0.6971457937809467
no_isolation,baseline_3f,10,pooled,0,4.275651108856463,0.3579890690081038,1.404460124046186,0.5943829549292167
no_isolation,baseline_3f,10,macro,0,3.3014168279007805,0.3579890690081037,1.742906133239335,0.6245654472117942
no_isolation,baseline_3f,11,follower,1,2.0109507194028127,0.3835390159530274,1.674413204056297,0.5570295831019769
no_isolation,baseline_3f,11,follower,2,2.819004633090562,0.49248739375644934,2.5588377663492414,0.7402310805195982
no_isolation,baseline_3f,11,follower,3,1.4517160148673551,0.2692941683805813,1.8062763946775833,0.4863646439732563
no_isolation,baseline_3f,11,pooled,0,2.819004633090562,0.38177352603001913,1.8448430461540652,0.6028882149931689
no_isolation,baseline_3f,11,macro,0,2.0938904557869096,0.38177352603001946,2.013175788361041,0.5945417691982772
no_isolation,baseline_3f,12,follower,1,5.774573424496844,0.39349369589855965,1.5831821206374785,0.7326476417383148
no_isolation,baseline_3f,12,follower,2,1.384995488493225,0.3969749250323502,1.5575907499259858,0.5389448345401349
no_isolation,baseline_3f,12,follower,3,1.5311507573069267,0.1761398866639241,0.9501032693306981,0.26696928483765214
no_isolation,baseline_3f,12,pooled,0,5.774573424496844,0.3222028358649446,1.307060303497139,0.5225869432867242
no_isolation,baseline_3f,12,macro,0,2.8969065567656647,0.3222028358649446,1.363625379964721,0.512853920372034
no_isolation,baseline_3f,13,follower,1,-0.10643388747648519,0.10343596546214551,0.40533417279371875,0.11247198685347759
no_isolation,baseline_3f,13,follower,2,4.092295702333766,0.3614395302255141,1.944452351374846,0.6643595780970648
no_isolation,baseline_3f,13,follower,3,0.8591122483423117,0.1399967961865093,0.969711283785148,0.24602213031829567
no_isolation,baseline_3f,13,pooled,0,2.1956779198265624,0.20162409729138941,0.9499862871915234,0.31748187266204875
no_isolation,baseline_3f,13,macro,0,1.6149913543998644,0.20162409729138964,1.1064992693179045,0.34095123175627906
no_isolation,baseline_3f,14,follower,1,8.480513584362894,0.45806776537878724,1.4334586775852984,1.063670802057116
no_isolation,baseline_3f,14,follower,2,2.3180800370258328,0.3701508429970811,2.0017712739571296,0.6148540089403385
no_isolation,baseline_3f,14,follower,3,3.4169374620080375,0.1832356493456062,0.7881968988431791,0.33549739030814507
no_isolation,baseline_3f,14,pooled,0,8.480513584362894,0.33715141924049163,1.4504552257551966,0.6848730428451915
no_isolation,baseline_3f,14,macro,0,4.7385103611322545,0.33715141924049163,1.4078089501285354,0.6713407337685333
no_isolation,baseline_3f,15,follower,1,1.659791298235605,0.20012883112099789,0.5004042758400415,0.2560684181490287
no_isolation,baseline_3f,15,follower,2,1.8646298478951464,0.189384790249443,1.2690048561499414,0.3018101039147736
no_isolation,baseline_3f,15,follower,3,1.907473996015969,0.2229215253373369,1.2826503464274877,0.382889239188007
no_isolation,baseline_3f,15,pooled,0,1.8646298478951464,0.20414504890259233,0.6763653438187796,0.29307116065251604
no_isolation,baseline_3f,15,macro,0,1.810631714048907,0.20414504890259244,1.01735315947249,0.3135892537506033
no_isolation,baseline_3f,16,follower,1,1.388965949235062,0.16734835260889414,0.49643500871015034,0.24366807705156623
no_isolation,baseline_3f,16,follower,2,2.4599219735926163,0.29696745360003307,1.3920079905647678,0.4678482355636119
no_isolation,baseline_3f,16,follower,3,4.545033400390186,0.22920212141676555,0.7082385610131103,0.5054736676210385
no_isolation,baseline_3f,16,pooled,0,3.820951430672307,0.23117264254189762,0.8426588338964036,0.4062120272984989
no_isolation,baseline_3f,16,macro,0,2.7979737744059547,0.23117264254189762,0.8655605200960095,0.40566332674540573
no_isolation,baseline_3f,17,follower,1,2.9585471342894625,0.3236326755854655,1.4066489137859013,0.4772507221397575
no_isolation,baseline_3f,17,follower,2,3.5254447527773096,0.3964827204765873,2.1371637730280826,0.6666024246383011
no_isolation,baseline_3f,17,follower,3,2.26735401151526,0.22107313371494375,1.2106877453222886,0.32932861277929026
no_isolation,baseline_3f,17,pooled,0,3.235845863551094,0.3137295099256656,1.5460869609440462,0.49331588162320905
no_isolation,baseline_3f,17,macro,0,2.9171152995273446,0.3137295099256656,1.5848334773787578,0.4910605865191162
no_isolation,baseline_3f,18,follower,1,2.001087522095111,0.01996599715623182,0.5896941292399069,0.16216625537166518
no_isolation,baseline_3f,18,follower,2,3.860061663167527,0.27852433032207036,1.773125097239816,0.5543796566290091
no_isolation,baseline_3f,18,follower,3,3.565122955177395,0.26884365063298765,0.859826858478306,0.5141138963755936
no_isolation,baseline_3f,18,pooled,0,3.860061663167527,0.18911132603709668,0.6565007045401754,0.3764393350148012
no_isolation,baseline_3f,18,macro,0,3.142090713480012,0.18911132603709646,1.0742153616526755,0.4102199361254224
no_isolation,baseline_3f,19,follower,1,1.34843192116614,0.3042414329079285,1.7467776241559445,0.4427765900845426
no_isolation,baseline_3f,19,follower,2,2.143006625381586,0.395548051237553,2.194527753877681,0.6295948310380097
no_isolation,baseline_3f,19,follower,3,2.450521280630083,0.3809034629207774,2.370618405514938,0.6651522773418698
no_isolation,baseline_3f,19,pooled,0,2.0183123849224587,0.3602309823554197,1.9684517557308001,0.5581605362006687
no_isolation,baseline_3f,19,macro,0,1.980653275725936,0.3602309823554196,2.103974594516188,0.5791745661548073
no_isolation,baseline_3f,20,follower,1,3.0034205208400797,0.26062749021240816,0.6740594351314084,0.40096709949066645
no_isolation,baseline_3f,20,follower,2,2.6103796007382623,0.3603322357647003,1.5958841969033914,0.5810078743879917
no_isolation,baseline_3f,20,follower,3,1.0329073494842387,0.21678204441180482,1.0794850419362694,0.336565068769236
no_isolation,baseline_3f,20,pooled,0,3.0034205208400797,0.27924725679630424,0.9729187272540236,0.42790406804144143
no_isolation,baseline_3f,20,macro,0,2.21556915702086,0.27924725679630424,1.1164762246570232,0.43951334754929805
no_isolation,baseline_3f,21,follower,1,-1.1625136000338028,0.06701149824163455,0.5482458889270898,0.06626070048399413
no_isolation,baseline_3f,21,follower,2,-0.21050674897581612,0.24295610012842817,1.5221917705297956,0.34155698595430195
no_isolation,baseline_3f,21,follower,3,2.123745589017507,0.3469533600819532,1.8519242285411552,0.5598790781774858
no_isolation,baseline_3f,21,pooled,0,2.123745589017507,0.21897365281733872,0.8934687803018728,0.2932268493145187
no_isolation,baseline_3f,21,macro,0,0.2502417466692961,0.21897365281733872,1.307453962666014,0.32256558820526093
no_isolation,baseline_3f,22,follower,1,1.6930096432313477,0.22900439710613218,1.2137238583667322,0.35194990472519727
no_isolation,baseline_3f,22,follower,2,-1.627863753570252,0.10229092313029797,0.42032062921521307,0.12689026931327585
no_isolation,baseline_3f,22,follower,3,-0.5611428558175451,0.14284387475404792,1.1389388591182716,0.21810606684809808
no_isolation,baseline_3f,22,pooled,0,-0.5611428558175451,0.15804639833015943,0.7597607442584189,0.22633711514472177
no_isolation,baseline_3f,22,macro,0,-0.16533232205214965,0.15804639833015943,0.9243277822334062,0.232315413628857
no_isolation,baseline_3f,23,follower,1,2.949385736927415,0.2605303907460479,1.0209078057522727,0.408370604770947
no_isolation,baseline_3f,23,follower,2,2.658272951791881,0.21251434530464208,0.8934120129611454,0.3150913176760799
no_isolation,baseline_3f,23,follower,3,1.488861072783761,0.20334243232784877,0.805108219655494,0.30579917888912456
no_isolation,baseline_3f,23,pooled,0,2.949385736927415,0.2254623894595129,0.7913307304038124,0.33833090399944865
no_isolation,baseline_3f,23,macro,0,2.365506587167686,0.22546238945951302,0.9064760127896372,0.3430870337787171
no_isolation,baseline_3f,24,follower,1,1.0885973593889355,0.23843295985508928,0.7777880780233575,0.32636836298623606
no_isolation,baseline_3f,24,follower,2,2.7978341051307014,0.3031808541275606,1.2312325826780488,0.5321664423368525
no_isolation,baseline_3f,24,follower,3,1.9305828751731484,0.23049326103131595,0.991642053451206,0.34847806837662254
no_isolation,baseline_3f,24,pooled,0,2.7978341051307014,0.2573690250046553,0.9650061985969218,0.39856985364511055
no_isolation,baseline_3f,24,macro,0,1.9390047798975956,0.2573690250046552,1.0002209047175372,0.4023376245665703
no_isolation,baseline_3f,25,follower,1,0.9914925788804223,0.22725551745913009,0.9991759618539922,0.3346909790338538
no_isolation,baseline_3f,25,follower,2,3.208097839030147,0.3768708470047657,1.8619821243866874,0.6160999878463884
no_isolation,baseline_3f,25,follower,3,2.495151294666809,0.2720702617034727,0.9394222043704761,0.4108680979722421
no_isolation,baseline_3f,25,pooled,0,2.200997248047067,0.2920655420557895,1.292107376129096,0.45552726768448193
no_isolation,baseline_3f,25,macro,0,2.2315805708591263,0.2920655420557894,1.2668600968703854,0.4538863549508282
no_isolation,baseline_3f,26,follower,1,2.519331459850286,0.2951361719227388,1.152282785493342,0.5107159013823859
no_isolation,baseline_3f,26,follower,2,3.901206169580953,0.36987984129111584,1.3848261172781189,0.6046082000191448
no_isolation,baseline_3f,26,follower,3,1.0960667651194385,0.09866618532461435,0.3769406894819993,0.15622760149180737
no_isolation,baseline_3f,26,pooled,0,2.519331459850286,0.2545607328461563,0.9686230399917903,0.4414533885390759
no_isolation,baseline_3f,26,macro,0,2.5055347981835583,0.2545607328461563,0.9713498640844869,0.4238505676311125
no_isolation,baseline_3f,27,follower,1,-0.9880210693808529,0.028888531586914734,0.62819139149956,0.046321210595784645
no_isolation,baseline_3f,27,follower,2,1.2108543748803164,0.19305440475472757,0.5059649805222093,0.27673383481487157
no_isolation,baseline_3f,27,follower,3,1.6607705310420724,0.18822759790285393,0.8472473340341364,0.2919628432749005
no_isolation,baseline_3f,27,pooled,0,-0.8764874439900554,0.13672351141483197,0.489205050065463,0.16549456778860416
no_isolation,baseline_3f,27,macro,0,0.6278679455138461,0.13672351141483197,0.660467902018635,0.2050059628951857
no_isolation,baseline_3f,28,follower,1,0.2994634664166895,0.19909356643599496,0.7007409608604576,0.24539871742255603
no_isolation,baseline_3f,28,follower,2,2.8201850006649183,0.2711338375906196,1.5144601669268085,0.4436666383862926
no_isolation,baseline_3f,28,follower,3,1.8028582268323214,0.1501088343476773,0.9759984553756842,0.2745055117551609
no_isolation,baseline_3f,28,pooled,0,1.8820812914498877,0.20677874612476388,0.8685750156624228,0.32598653587297166
no_isolation,baseline_3f,28,macro,0,1.640835564637976,0.2067787461247641,1.0637331943876502,0.3211902891880034
no_isolation,baseline_3f,29,follower,1,1.8005324506155516,0.14089691187383857,0.5505002253986011,0.2203589076527288
no_isolation,baseline_3f,29,follower,2,2.6662623169239494,0.3222514073658105,1.6112293772738773,0.5513872927715117
no_isolation,baseline_3f,29,follower,3,1.3625607788953613,0.16414565132307146,0.9279796154803206,0.2559884525151148
no_isolation,baseline_3f,29,pooled,0,1.8005324506155516,0.20909799018757336,0.7515770631879828,0.305970599087126
no_isolation,baseline_3f,29,macro,0,1.9431185154782868,0.20909799018757358,1.0299030727175993,0.3425782176464518
no_isolation,baseline_3f,30,follower,1,1.9747674601917726,0.24941258427232182,0.9550655893161526,0.3652014687590497
no_isolation,baseline_3f,30,follower,2,3.085061641309666,0.3298075318865057,1.6446212131367224,0.5265309576565167
no_isolation,baseline_3f,30,follower,3,1.0939316936373888,0.2572821031520137,1.7497584538631406,0.47511639266451244
no_isolation,baseline_3f,30,pooled,0,2.020128683921265,0.27883407310361363,1.364692158467174,0.4454584642483983
no_isolation,baseline_3f,30,macro,0,2.051253598379609,0.27883407310361374,1.4498150854386715,0.45561627302669283
no_isolation,baseline_3f,31,follower,1,-0.839514485596017,0.04421596367466751,0.21474656011589532,0.0463166685297729
no_isolation,baseline_3f,31,follower,2,3.1090058931761844,0.32719265035276424,1.7524369478672204,0.4843864670987488
no_isolation,baseline_3f,31,follower,3,1.359126024459901,0.20815986149882615,1.0220427506301506,0.3044296673963006
no_isolation,baseline_3f,31,pooled,0,-0.25849707015978574,0.19318949184208578,0.5240117112195324,0.24885436179653286
no_isolation,baseline_3f,31,macro,0,1.2095391440133563,0.193189491842086,0.9964087528710888,0.2783776010082737
no_isolation,baseline_3f,32,follower,1,4.072588360288181,0.3665099660801927,1.5706084938944143,0.6452305410708264
no_isolation,baseline_3f,32,follower,2,1.8349719754656837,0.39364240549248786,1.8142187486639996,0.6062293963937828
no_isolation,baseline_3f,32,follower,3,4.274350808400399,0.3645257008814904,2.0048698512772973,0.6362176132015518
no_isolation,baseline_3f,32,pooled,0,3.0301564972928423,0.374892690818057,1.7389426079894728,0.6259122735237699
no_isolation,baseline_3f,32,macro,0,3.393970381384754,0.37489269081805665,1.796565697945237,0.6292258502220536
no_isolation,baseline_3f,33,follower,1,2.5365891159630447,0.14844691902435514,0.8072211617281408,0.24789075868002586
no_isolation,baseline_3f,33,follower,2,3.074188837243832,0.41932208257371384,2.240600569557879,0.6624220906348657
no_isolation,baseline_3f,33,follower,3,1.9805707821486949,0.1940286790479967,0.7464828776191663,0.3109164430715722
no_isolation,baseline_3f,33,pooled,0,2.5365891159630447,0.2539325602153548,0.8644416914458457,0.3723035043953
no_isolation,baseline_3f,33,macro,0,2.5304495784518575,0.25393256021535504,1.264768202968395,0.40707643079548794
no_isolation,baseline_3f,34,follower,1,4.622933757751733,0.15601754436437476,0.07430690194732126,0.3940271974095182
no_isolation,baseline_3f,34,follower,2,0.12739180394837213,0.20847783312759927,0.731040881925282,0.2887156960364663
no_isolation,baseline_3f,34,follower,3,1.8319035778485353,0.156412110244585,1.0124071394326224,0.2384741585050547
no_isolation,baseline_3f,34,pooled,0,4.622933757751733,0.1736358292455198,0.6718425291985817,0.31265052749982103
no_isolation,baseline_3f,34,macro,0,2.1940763798495473,0.1736358292455198,0.6059183077684089,0.3070723506503461
no_isolation,baseline_3f,35,follower,1,3.1531061110850533,0.32800225598156485,1.0025817732799216,0.5010353519103079
no_isolation,baseline_3f,35,follower,2,1.464613934273646,0.2525431151808726,1.2639186696461882,0.3724697995954298
no_isolation,baseline_3f,35,follower,3,2.5132375705823025,0.24334662984795974,1.449780034021175,0.45576103853877437
no_isolation,baseline_3f,35,pooled,0,2.421908116651144,0.27463066700346583,1.2049398718736166,0.43356473719204247
no_isolation,baseline_3f,35,macro,0,2.3769858719803345,0.2746306670034656,1.238760158982428,0.4430887300148374
no_isolation,baseline_3f,36,follower,1,0.4034542245237258,0.06797651718072961,0.4285226299228668,0.10522135377811082
no_isolation,baseline_3f,36,follower,2,2.173844163586642,0.28296956740632373,1.2508195078195756,0.3967865892165088
no_isolation,baseline_3f,36,follower,3,4.150245946346472,0.31547959909359236,1.2876881082749314,0.6257214430639977
no_isolation,baseline_3f,36,pooled,0,2.400242792850107,0.22214189456021516,0.7006711547903439,0.32374107439505395
no_isolation,baseline_3f,36,macro,0,2.2425147781522803,0.22214189456021538,0.9890100820057914,0.3759097953528725
no_isolation,baseline_3f,37,follower,1,8.363813371950346,0.28059153858317787,0.5800205700487484,0.7169765585705885
no_isolation,baseline_3f,37,follower,2,0.7236603727696962,0.15236425117641494,0.6880308947541822,0.22515319777913545
no_isolation,baseline_3f,37,follower,3,1.743697315001457,0.13006869858617964,0.5825401581050311,0.23934394292588923
no_isolation,baseline_3f,37,pooled,0,7.413422089090549,0.18767482944859082,0.6386657268643086,0.40390634282491433
no_isolation,baseline_3f,37,macro,0,3.6103903532405,0.1876748294485906,0.6168638743026538,0.39382456642520447
no_isolation,baseline_3f,38,follower,1,3.6193587843748354,0.1924304597605334,0.47694093752403055,0.34700978585581566
no_isolation,baseline_3f,38,follower,2,0.8331343768835051,0.2098174120343821,0.9327344275886722,0.2962015948044452
no_isolation,baseline_3f,38,follower,3,3.8969901234162583,0.15162963742893187,0.4551659995221693,0.3353404994966337
no_isolation,baseline_3f,38,pooled,0,3.6193587843748354,0.18462583640794905,0.5632563407159907,0.32655022994572414
no_isolation,baseline_3f,38,macro,0,2.783161094891533,0.18462583640794894,0.6216137882116237,0.3261839600522981
no_isolation,baseline_3f,39,follower,1,0.4872645739652972,0.14271111450440843,0.4707780209437378,0.1889412307970859
no_isolation,baseline_3f,39,follower,2,3.0731164735394354,0.3197619323780515,1.5963730828371756,0.5373369511767482
no_isolation,baseline_3f,39,follower,3,5.055468316650262,0.28642385384270674,1.1643095712147047,0.6206530635145736
no_isolation,baseline_3f,39,pooled,0,3.0993111781595752,0.24963230024172234,0.9592965896454206,0.43156137762177527
no_isolation,baseline_3f,39,macro,0,2.8719497880516656,0.24963230024172234,1.0771535583318728,0.44897708182946916
no_isolation,baseline_3f,40,follower,1,-0.769476358026048,0.23873339186028508,0.6083911411899812,0.28750360095736016
no_isolation,baseline_3f,40,follower,2,-0.6731999247246057,0.08124376373038511,0.1562025429968381,0.07446672639352281
no_isolation,baseline_3f,40,follower,3,1.5879671477570296,0.3473494314058767,2.1112074879673877,0.5888711379270289
no_isolation,baseline_3f,40,pooled,0,-0.6731999247246057,0.22244219566551549,0.785659539045859,0.2436304006819614
no_isolation,baseline_3f,40,macro,0,0.048430288335458815,0.2224421956655157,0.9586003907180687,0.31694715509263727
no_isolation,baseline_3f,41,follower,1,0.42826788508233005,0.09868944574843797,0.3857725205906064,0.1446130593985011
no_isolation,baseline_3f,41,follower,2,2.0526448614824537,0.27641533489690173,1.4016156698061033,0.47475875588525673
no_isolation,baseline_3f,41,follower,3,6.630056936459966,0.31904334562127057,1.230192928469201,0.7536597586123934
no_isolation,baseline_3f,41,pooled,0,5.619058158691008,0.23138270875553668,0.7274452830536011,0.42603063381060524
no_isolation,baseline_3f,41,macro,0,3.0369898943415827,0.23138270875553668,1.005860372955304,0.4576771912987172
no_isolation,baseline_3f,42,follower,1,0.19553213685915427,0.24343787193329858,1.1545259049913275,0.35370571311553345
no_isolation,baseline_3f,42,follower,2,2.7394198541338146,0.4741542022428752,1.8289875567578902,0.7218420546269371
no_isolation,baseline_3f,42,follower,3,4.469171047368623,0.3024821729214011,1.5906745418570358,0.6298162333137244
no_isolation,baseline_3f,42,pooled,0,2.1276357713329643,0.3400247490325252,1.6835460759763965,0.5581241051928375
no_isolation,baseline_3f,42,macro,0,2.468041012787198,0.3400247490325251,1.5247293345354176,0.5684546670187317
no_isolation,baseline_3f,43,follower,1,-0.035274734092868076,0.27309176729695306,0.8787862292592448,0.32502069573981685
no_isolation,baseline_3f,43,follower,2,3.2517692255507566,0.349935227926897,1.616255573768705,0.5677144777974452
no_isolation,baseline_3f,43,follower,3,6.506750021527071,0.4249786954232596,1.5617964534934077,0.9148769221618034
no_isolation,baseline_3f,43,pooled,0,4.4896030694413085,0.3493352302157031,1.1954442854490064,0.578422570685395
no_isolation,baseline_3f,43,macro,0,3.24108150432832,0.34933523021570323,1.3522794188404526,0.6025373652330218
no_isolation,baseline_3f,44,follower,1,1.0249608755683046,0.14163581827179583,0.4814087652127257,0.19903740776059986
no_isolation,baseline_3f,44,follower,2,1.9142151610584017,0.35443650239520874,1.666625135209594,0.4985385076382627
no_isolation,baseline_3f,44,follower,3,4.50150813294689,0.24805248778748112,1.6005366865435433,0.5474443078808834
no_isolation,baseline_3f,44,pooled,0,4.197983595896261,0.2480416028181618,1.2592774946645724,0.4145404100326957
no_isolation,baseline_3f,44,macro,0,2.4802280565245325,0.2480416028181618,1.2495235289886206,0.41500674109324853
no_isolation,baseline_3f,45,follower,1,0.2373319074088318,0.10861876024525308,0.3920603852068143,0.145967257533691
no_isolation,baseline_3f,45,follower,2,1.0746076815207322,0.2787176283710764,1.1230188581634355,0.38943145560986414
no_isolation,baseline_3f,45,follower,3,3.245508241777517,0.19018346181081536,0.8907865145776446,0.32102287699783294
no_isolation,baseline_3f,45,pooled,0,1.4255527400305033,0.19250661680904835,0.5080928186531466,0.2528130734814149
no_isolation,baseline_3f,45,macro,0,1.5191492769023607,0.19250661680904813,0.8019552526492981,0.2854738633804623
no_isolation,baseline_3f,46,follower,1,1.4269453445888471,0.28318845790916947,1.3148441983169075,0.42251653510415066
no_isolation,baseline_3f,46,follower,2,2.976137541655408,0.2935877872771133,1.811605169676265,0.48273193288276195
no_isolation,baseline_3f,46,follower,3,1.829529167746784,0.26918949536272674,2.006689540741184,0.47542343013482724
no_isolation,baseline_3f,46,pooled,0,1.4269453445888471,0.2819885801830033,1.7034718313232864,0.4568177032774454
no_isolation,baseline_3f,46,macro,0,2.077537351330347,0.2819885801830029,1.711046302911452,0.46022396604058
no_isolation,baseline_3f,47,follower,1,6.688363671931339,0.4176738993368665,1.2754236159250514,0.84418813502125
no_isolation,baseline_3f,47,follower,2,2.841348842854974,0.32744978638358124,1.4082750142193896,0.5367379028202313
no_isolation,baseline_3f,47,follower,3,1.740214355932086,0.22634812120882264,1.2280493898889149,0.3465308541795654
no_isolation,baseline_3f,47,pooled,0,6.688363671931339,0.3238239356430901,1.2839836771438566,0.5980849951674039
no_isolation,baseline_3f,47,macro,0,3.756642290239466,0.3238239356430903,1.303916006677785,0.5758189640070156
no_isolation,baseline_3f,48,follower,1,-0.1873390142125535,0.16456844646463642,0.20483174405093685,0.13764434567171402
no_isolation,baseline_3f,48,follower,2,1.7345430668616668,0.3456226515042755,1.8746302445939336,0.5691628780950461
no_isolation,baseline_3f,48,follower,3,1.6834162703057094,0.2670302499790234,1.3586955069522273,0.43266333766135184
no_isolation,baseline_3f,48,pooled,0,-0.08770586930065871,0.2590737826493119,1.0677090633988482,0.35391443439153836
no_isolation,baseline_3f,48,macro,0,1.0768734409849405,0.2590737826493117,1.146052498532366,0.3798235204760373
no_isolation,baseline_3f,49,follower,1,0.5369481991212228,0.1813751114085389,0.7537927240377018,0.22593041503513178
no_isolation,baseline_3f,49,follower,2,2.476118899853725,0.2655505883437921,1.7230280001744123,0.49155082567972275
no_isolation,baseline_3f,49,follower,3,2.650370990019759,0.2267820099399378,1.4877078440628742,0.4015413231082481
no_isolation,baseline_3f,49,pooled,0,2.108310380747765,0.22456923656408967,1.1659426103675925,0.36511219306999343
no_isolation,baseline_3f,49,macro,0,1.8878126963315691,0.22456923656408945,1.32150952275833,0.37300752127436754
no_isolation,baseline_3f,50,follower,1,4.84382390395329,0.28091618353899883,1.1176399017813863,0.5168773053799429
no_isolation,baseline_3f,50,follower,2,3.789781019517689,0.24870011385922508,1.0685014525848475,0.4448995023420468
no_isolation,baseline_3f,50,follower,3,1.323288269497184,0.18086779499137873,0.6630658115770516,0.24608434041824578
no_isolation,baseline_3f,50,pooled,0,4.805187105711438,0.23682803079653425,0.9132670210972751,0.4128690641942292
no_isolation,baseline_3f,50,macro,0,3.3189643976560554,0.23682803079653425,0.9497357219810951,0.4026203827134116
no_soft_weighting,baseline_3f,1,follower,1,-0.7327845994701647,0.019430904653946923,0.047055745961499085,0.01224168460955255
no_soft_weighting,baseline_3f,1,follower,2,0.25827313152760034,0.04665104532873687,0.17294764893291492,0.061771669201912904
no_soft_weighting,baseline_3f,1,follower,3,0.6568491365365041,0.027981447925608638,0.13627308749057243,0.040904225979737086
no_soft_weighting,baseline_3f,1,pooled,0,-0.7327845994701647,0.0313544659694307,0.12669087161452852,0.03684041090183798
no_soft_weighting,baseline_3f,1,macro,0,0.06077922286464643,0.03135446596943081,0.118758827461662,0.03830585993040081
no_soft_weighting,baseline_3f,2,follower,1,0.0,0.017372795301098587,0.0434089707295684,0.023308744828401284
no_soft_weighting,baseline_3f,2,follower,2,0.1466929268849575,0.025369933071373696,0.14215652079392216,0.03598274897628073
no_soft_weighting,baseline_3f,2,follower,3,0.5530687245543198,0.018947853495732248,0.06057247534702381,0.034214427074366505
no_soft_weighting,baseline_3f,2,pooled,0,0.1466929268849575,0.020563527289401584,0.10461986011585589,0.031383865921007725
no_soft_weighting,baseline_3f,2,macro,0,0.23325388381309242,0.020563527289401584,0.08204598895683812,0.03116864029301647
no_soft_weighting,baseline_3f,3,follower,1,0.12975417445716353,0.03602333008202763,0.12126271306656378,0.04728681009862912
no_soft_weighting,baseline_3f,3,follower,2,0.7099913498164958,0.028236727011137996,0.08916603785406974,0.04183851139791084
no_soft_weighting,baseline_3f,3,follower,3,0.40895924332183053,0.0304239848946552,0.1508572995349463,0.05390107680115086
no_soft_weighting,baseline_3f,3,pooled,0,0.7099913498164958,0.031561347329273515,0.12196622109514377,0.0459628465552262
no_soft_weighting,baseline_3f,3,macro,0,0.4162349225318298,0.031561347329273626,0.12042868348519331,0.047675466099230124
no_soft_weighting,baseline_3f,4,follower,1,-0.04581282446322188,0.013234056008512907,0.04780633270774981,0.014081171118661029
no_soft_weighting,baseline_3f,4,follower,2,0.6470830311789513,0.042497137494174275,0.21941405336527287,0.06060968416047019
no_soft_weighting,baseline_3f,4,follower,3,0.05968363728917492,0.009309075582905502,0.04583696318167707,0.009238105740809854
no_soft_weighting,baseline_3f,4,pooled,0,-0.04581282446322188,0.021680089695197413,0.08663860183013039,0.0265194766535346
no_soft_weighting,baseline_3f,4,macro,0,0.22031794800163462,0.021680089695197413,0.10435244975156688,0.02797632033998032
no_soft_weighting,baseline_3f,5,follower,1,0.1254464239343962,0.015339283171071472,0.2082221108718767,0.02622008424467892
no_soft_weighting,baseline_3f,5,follower,2,-0.03149183217820717,0.055558650420498346,0.32294420250441624,0.09868298023907351
no_soft_weighting,baseline_3f,5,follower,3,0.27666573853412757,0.019421200076519263,0.15958354766974336,0.031586758072184695
no_soft_weighting,baseline_3f,5,pooled,0,0.1254464239343962,0.03010637788936288,0.06646847427192348,0.0420130197656321
no_soft_weighting,baseline_3f,5,macro,0,0.12354011009677146,0.0301063778893631,0.23024995368201195,0.052163274185312414
no_soft_weighting,baseline_3f,6,follower,1,-0.016348795280107797,0.02280106253321934,0.060204931421578456,0.026086619509568143
no_soft_weighting,baseline_3f,6,follower,2,0.2708406488402524,0.022035225750077547,0.05247502636980794,0.02539372950603802
no_soft_weighting,baseline_3f,6,follower,3,0.0,0.013724019841162338,0.029921649577272946,0.017167668333423425
no_soft_weighting,baseline_3f,6,pooled,0,0.2708406488402524,0.019520102708153075,0.036246844131582634,0.022998405059536875
no_soft_weighting,baseline_3f,6,macro,0,0.08483061785338153,0.019520102708153075,0.04753386912288615,0.022882672449676456
no_soft_weighting,baseline_3f,7,follower,1,-0.3390802351574669,0.012497247808049061,0.15448869474185756,0.01615583526295472
no_soft_weighting,baseline_3f,7,follower,2,0.5801477752985784,0.0275534551509784,0.11847157924706186,0.03373615765758542
no_soft_weighting,baseline_3f,7,follower,3,0.32974397643875597,0.007937880120071128,0.06252721884767798,0.014653875048707521
no_soft_weighting,baseline_3f,7,pooled,0,-0.3390802351574669,0.015996194359699567,0.057862808162573165,0.02287445011181899
no_soft_weighting,baseline_3f,7,macro,0,0.19027050552662228,0.015996194359699678,0.11182916427886558,0.021515289323082665
no_soft_weighting,baseline_3f,8,follower,1,-0.522293964157484,-0.008551248810085399,0.05390217606703107,-0.05294134777804005
no_soft_weighting,baseline_3f,8,follower,2,-0.04998565799746313,0.025306827636843332,0.29232183201423556,0.034104431365787224
no_soft_weighting,baseline_3f,8,follower,3,0.10790542503995137,0.01574846701151067,0.09211721243049631,0.02275157978373088
no_soft_weighting,baseline_3f,8,pooled,0,-0.522293964157484,0.010834681946089497,0.06758699976778382,-0.008721470971774004
no_soft_weighting,baseline_3f,8,macro,0,-0.1547913990383316,0.010834681946089497,0.14611374017058765,0.0013048877904926481
no_soft_weighting,baseline_3f,9,follower,1,0.25445469426899203,0.024541844066062968,0.03735930153590883,0.030126701905619502
no_soft_weighting,baseline_3f,9,follower,2,0.21593141133734806,0.03696854208161937,0.0794596047041729,0.048206680366368104
no_soft_weighting,baseline_3f,9,follower,3,0.27838496962672155,0.007251213041169935,-0.007025075320303609,0.0075735671422979545
no_soft_weighting,baseline_3f,9,pooled,0,0.27838496962672155,0.022920533062951054,0.044274917237699496,0.028900680596514072
no_soft_weighting,baseline_3f,9,macro,0,0.2495903584110204,0.02292053306295072,0.03659794363992597,0.028635649804761965
no_soft_weighting,baseline_3f,10,follower,1,0.04740306731886301,0.03755258062431821,0.12397050890348882,0.048537055488066416
no_soft_weighting,baseline_3f,10,follower,2,0.7264318978060942,0.028145918090612065,0.07161421266169143,0.03726489743530226
no_soft_weighting,baseline_3f,10,follower,3,0.7583397623772596,0.03157184063252999,0.12990745659105007,0.05312918470362754
no_soft_weighting,baseline_3f,10,pooled,0,0.4224795430694792,0.03242344644915374,0.07242480355442238,0.042346021779678944
no_soft_weighting,baseline_3f,10,macro,0,0.5107249091674055,0.032423446449153515,0.10849739271874337,0.04631037920899883
no_soft_weighting,baseline_3f,11,follower,1,0.16793690482020596,0.026868689654797828,0.10629216975853684,0.03702396613710279
no_soft_weighting,baseline_3f,11,follower,2,0.3642543211152294,0.06778558549879432,0.3463358407209469,0.09460046576343029
no_soft_weighting,baseline_3f,11,follower,3,0.11572329656818692,0.029924201062532574,0.17045717930667426,0.050904996996187446
no_soft_weighting,baseline_3f,11,pooled,0,0.3642543211152294,0.04152615873870802,0.1970584681910701,0.06289378422090275
no_soft_weighting,baseline_3f,11,macro,0,0.21597150750120697,0.04152615873870824,0.20769506326205267,0.060843142965573915
no_soft_weighting,baseline_3f,12,follower,1,-0.209269950153109,0.01525931152900628,0.10316373154492808,0.00629836382896154
no_soft_weighting,baseline_3f,12,follower,2,0.7778924720858309,0.03853421112335664,0.17353523322058018,0.05970206093732211
no_soft_weighting,baseline_3f,12,follower,3,0.38324308894977,0.0016478631987033587,-0.003500733210281215,0.005890672473677139
no_soft_weighting,baseline_3f,12,pooled,0,-0.209269950153109,0.018480461950355465,0.1013103608328425,0.02032445277041195
no_soft_weighting,baseline_3f,12,macro,0,0.3172885369608309,0.018480461950355354,0.09106607718507576,0.023963699079986855
no_soft_weighting,baseline_3f,13,follower,1,-0.4536189290597932,0.007421478881747712,0.05890008064936558,0.0033361490811578687
no_soft_weighting,baseline_3f,13,follower,2,0.6114619491842874,0.0363083630200971,0.13117325246989275,0.05569673818092635
no_soft_weighting,baseline_3f,13,follower,3,0.07032132160991367,0.021795237370340503,0.1253522353730856,0.034635699109520024
no_soft_weighting,baseline_3f,13,pooled,0,-0.4536189290597932,0.021841693090728365,0.07144152712798069,0.02631455205671318
no_soft_weighting,baseline_3f,13,macro,0,0.07605478057813597,0.021841693090728365,0.10514185616411487,0.031222862123867934
no_soft_weighting,baseline_3f,14,follower,1,-0.031632168298560526,0.013708195657119449,-0.06034435369614943,-0.006979870998303106
no_soft_weighting,baseline_3f,14,follower,2,0.362929443186192,0.03437109593351473,0.09411341873793977,0.04812177411259411
no_soft_weighting,baseline_3f,14,follower,3,0.336113586873946,0.017541158544001734,0.08322120549620271,0.025758892467738548
no_soft_weighting,baseline_3f,14,pooled,0,-0.031632168298560526,0.021873483378211933,0.06391188356884636,0.023335123552484793
no_soft_weighting,baseline_3f,14,macro,0,0.2224702872538593,0.021873483378212044,0.03899675684599746,0.02230026519400985
no_soft_weighting,baseline_3f,15,follower,1,-0.0053375554703420924,0.02193104490647224,0.08468912723381417,0.028367034929119184
no_soft_weighting,baseline_3f,15,follower,2,0.3778489912063674,0.017601255876305233,0.15263615779372453,0.024468277632035962
no_soft_weighting,baseline_3f,15,follower,3,0.4297132334560325,0.015042863879823343,0.03605502715318454,0.025446892409931254
no_soft_weighting,baseline_3f,15,pooled,0,0.3778489912063674,0.018191721554200346,0.08252140991388979,0.025082923155790526
no_soft_weighting,baseline_3f,15,macro,0,0.2674082230640189,0.018191721554200013,0.09112677072690767,0.02609406832369565
no_soft_weighting,baseline_3f,16,follower,1,0.12908628200022898,0.02976575293050865,0.050346660218697936,0.03406994559243792
no_soft_weighting,baseline_3f,16,follower,2,0.4367769889916753,0.039208294312632286,0.11311563334017549,0.0603605183493271
no_soft_weighting,baseline_3f,16,follower,3,0.29568029883500313,0.00602600001884801,0.01052155303424751,0.010941630596690288
no_soft_weighting,baseline_3f,16,pooled,0,0.4367769889916753,0.025000015753996463,0.05268717705565518,0.03635367595145933
no_soft_weighting,baseline_3f,16,macro,0,0.28718118994230224,0.025000015753996463,0.05799461553104024,0.0351240315128184
no_soft_weighting,baseline_3f,17,follower,1,0.11550797360162335,0.020828786749186978,0.07246269740005884,0.025356303093810206
no_soft_weighting,baseline_3f,17,follower,2,0.4954626050928055,0.04891193329784893,0.22759924414214483,0.06643145441898657
no_soft_weighting,baseline_3f,17,follower,3,0.345629255765209,0.022072452358817718,0.08276349011730488,0.02727050869716874
no_soft_weighting,baseline_3f,17,pooled,0,0.2058637158665899,0.030604390801951098,0.08108553462035539,0.03826567731628616
no_soft_weighting,baseline_3f,17,macro,0,0.31886661148654616,0.030604390801951098,0.12760847721983626,0.03968608873665502
no_soft_weighting,baseline_3f,18,follower,1,0.011662327964144126,0.0015917117933275104,0.175358244753975,0.01934181789250511
no_soft_weighting,baseline_3f,18,follower,2,1.3184822142021915,0.04088761747046932,0.24472291821151204,0.09540587123435063
no_soft_weighting,baseline_3f,18,follower,3,0.3709807950218331,0.024871571421919536,0.1314362575476571,0.04553521344594613
no_soft_weighting,baseline_3f,18,pooled,0,1.3184822142021915,0.022450300228572084,0.14485463823411004,0.051235054596855845
no_soft_weighting,baseline_3f,18,macro,0,0.5670417790627229,0.022450300228572084,0.18383914017104752,0.05342763419093388
no_soft_weighting,baseline_3f,19,follower,1,0.141744842922658,0.03380977997491186,0.14409787066809576,0.04678485105454189
no_soft_weighting,baseline_3f,19,follower,2,0.5343718887572289,0.06631120072185803,0.45440305145989246,0.10763886075565976
no_soft_weighting,baseline_3f,19,follower,3,0.18427999188109356,0.02607934257418243,0.1557742989239963,0.04480821464630602
no_soft_weighting,baseline_3f,19,pooled,0,0.4096776482981017,0.04206677442365081,0.201755901452906,0.06703377999380211
no_soft_weighting,baseline_3f,19,macro,0,0.2867989078536599,0.0420667744236507,0.2514250736839949,0.06641064215216919
no_soft_weighting,baseline_3f,20,follower,1,-0.20896588561640783,0.0037383840998006512,-0.0023423044016777084,-0.008436118219439681
no_soft_weighting,baseline_3f,20,follower,2,0.4546953170792736,0.056800894184398154,0.24288758133136867,0.07842519443187124
no_soft_weighting,baseline_3f,20,follower,3,0.782217405710401,0.02480412682865607,0.03772951262214974,0.03941644977937442
no_soft_weighting,baseline_3f,20,pooled,0,-0.20896588561640783,0.028447801704284847,0.08147817403079194,0.027570576639561084
no_soft_weighting,baseline_3f,20,macro,0,0.34264894572442195,0.028447801704284847,0.0927582631839472,0.03646850866393536
no_soft_weighting,baseline_3f,21,follower,1,-0.37268223055461647,-0.01636076289681654,-0.002160920417683343,-0.03890244493053019
no_soft_weighting,baseline_3f,21,follower,2,1.8003487983040758,0.05290782748472522,0.14715636736959659,0.18084144561374038
no_soft_weighting,baseline_3f,21,follower,3,2.738229835613958,0.09593833291589837,0.12700419918969508,0.3755992353237838
no_soft_weighting,baseline_3f,21,pooled,0,2.738229835613958,0.04416179916793572,0.0209140292436909,0.14616249387553415
no_soft_weighting,baseline_3f,21,macro,0,1.3886321344544719,0.04416179916793572,0.09066654871386937,0.17251274533566496
no_soft_weighting,baseline_3f,22,follower,1,-0.030485097741405287,0.024698438851921467,0.1301417820337749,0.031991435772721566
no_soft_weighting,baseline_3f,22,follower,2,-0.40004220217919695,0.007507212404629593,0.02297998599980966,0.0041525889734057575
no_soft_weighting,baseline_3f,22,follower,3,-0.2354474194108107,0.019524158231903455,0.13178531674288174,0.02970160498101948
no_soft_weighting,baseline_3f,22,pooled,0,-0.2354474194108107,0.017243269829484875,0.06320814551325826,0.021139670007001454
no_soft_weighting,baseline_3f,22,macro,0,-0.22199157311047113,0.017243269829484875,0.09496902825882203,0.021948543242382268
no_soft_weighting,baseline_3f,23,follower,1,0.6588582703187846,0.032764577839572206,0.2234938321464912,0.05767377156297426
no_soft_weighting,baseline_3f,23,follower,2,0.07344177482395109,0.012253219647211155,0.044522319268328614,0.015593575470469245
no_soft_weighting,baseline_3f,23,follower,3,0.5174956401568627,0.019189334773776157,0.06710603581650132,0.031150919531368504
no_soft_weighting,baseline_3f,23,pooled,0,0.6588582703187846,0.02140237742018658,0.06587760508438434,0.03308095193400862
no_soft_weighting,baseline_3f,23,macro,0,0.41659856176653287,0.02140237742018669,0.11170739574377375,0.0348060888549373
no_soft_weighting,baseline_3f,24,follower,1,-0.11174320983897124,0.026078819246508234,0.11284977132388141,0.030638776341752716
no_soft_weighting,baseline_3f,24,follower,2,0.0,0.02886056903722567,0.13987832968134595,0.05712468532564752
no_soft_weighting,baseline_3f,24,follower,3,-0.01922778511372014,0.016094845090877108,0.05334386599645047,0.0203382856803076
no_soft_weighting,baseline_3f,24,pooled,0,0.0,0.023678077791536967,0.12253749910898781,0.03475212055783661
no_soft_weighting,baseline_3f,24,macro,0,-0.0436569983175632,0.023678077791536745,0.10202398900055898,0.036033915782569315
no_soft_weighting,baseline_3f,25,follower,1,-0.4469539557342035,0.027131482412510177,0.19714580353030242,0.026128694544756303
no_soft_weighting,baseline_3f,25,follower,2,0.78148464833078,0.05058646901706987,0.2278927821752712,0.08793385904005269
no_soft_weighting,baseline_3f,25,follower,3,0.3046719131639566,0.02024390899655737,0.05306991881413836,0.030289975779952294
no_soft_weighting,baseline_3f,25,pooled,0,-0.22561594265230012,0.03265395347537914,0.16433730556189063,0.04838692186180038
no_soft_weighting,baseline_3f,25,macro,0,0.21306753525351096,0.03265395347537914,0.1593695015065706,0.04811750978825391
no_soft_weighting,baseline_3f,26,follower,1,-0.0965614947413922,0.018858292786425257,0.02050096984012839,0.007984055514450361
no_soft_weighting,baseline_3f,26,follower,2,0.3641230387991983,0.05094499759304283,0.28985317718876824,0.0739141647222833
no_soft_weighting,baseline_3f,26,follower,3,0.49238499497087274,0.0014310736412874725,-0.03575931663302967,0.002854069765290901
no_soft_weighting,baseline_3f,26,pooled,0,-0.0965614947413922,0.02374478800691837,0.10310295392031854,0.027532655657008798
no_soft_weighting,baseline_3f,26,macro,0,0.25331551300955946,0.023744788006918482,0.09153161013195543,0.02825076333400811
no_soft_weighting,baseline_3f,27,follower,1,0.10282023714454258,0.007244731301872864,0.04164421413766961,0.014349210084023234
no_soft_weighting,baseline_3f,27,follower,2,0.17751083488014796,0.018733149863035425,0.08555817376508079,0.031049221630053747
no_soft_weighting,baseline_3f,27,follower,3,0.17079778899941278,0.010693682045426423,0.023177496188594437,0.014114038725607014
no_soft_weighting,baseline_3f,27,pooled,0,0.10282023714454258,0.012223854403444978,0.015677463107091505,0.01815604621572442
no_soft_weighting,baseline_3f,27,macro,0,0.15037628700803474,0.012223854403444756,0.050126628030448206,0.019837490146561443
no_soft_weighting,baseline_3f,28,follower,1,-0.19609937954144385,0.00842725070857453,-0.01140403071732643,-0.013837519397893239
no_soft_weighting,baseline_3f,28,follower,2,-0.18945011501041975,0.006223675981433363,0.13430364756157154,0.011063187480814252
no_soft_weighting,baseline_3f,28,follower,3,0.011204237725140676,0.0033242912137978475,0.03628611766453105,0.004967024077644155
no_soft_weighting,baseline_3f,28,pooled,0,-0.19609937954144385,0.005991739301268506,0.057468443187377316,0.0005323326182955501
no_soft_weighting,baseline_3f,28,macro,0,-0.12478175227557475,0.005991739301268506,0.053061911502925385,0.0007308973868551671
no_soft_weighting,baseline_3f,29,follower,1,0.5185791429195055,0.017473343126599872,0.04744800444181463,0.03596410263672012
no_soft_weighting,baseline_3f,29,follower,2,0.5232478061029493,0.03964547492099624,0.1369589483186071,0.05722869566357547
no_soft_weighting,baseline_3f,29,follower,3,0.2834600665626459,0.015487635394953903,0.04597181106988857,0.019431944838801063
no_soft_weighting,baseline_3f,29,pooled,0,0.5185791429195055,0.02420215114751678,0.03955152389357286,0.03428394679619462
no_soft_weighting,baseline_3f,29,macro,0,0.4417623385283669,0.02420215114751678,0.07679292127676995,0.037541581046365735
no_soft_weighting,baseline_3f,30,follower,1,0.1492635225764003,0.026078077771123365,0.1818321733414412,0.03834168612611921
no_soft_weighting,baseline_3f,30,follower,2,0.6690072192273449,0.032301906848789086,0.11090207321420942,0.050715025265173796
no_soft_weighting,baseline_3f,30,follower,3,0.24152175435223366,0.033300128055732015,0.23184112441328986,0.0585996662214876
no_soft_weighting,baseline_3f,30,pooled,0,0.24152175435223366,0.03056003755854808,0.13265636265825553,0.04676883406038801
no_soft_weighting,baseline_3f,30,macro,0,0.35326416538532657,0.030560037558548192,0.17485845698964697,0.049218792537593536
no_soft_weighting,baseline_3f,31,follower,1,0.07718128544638692,0.0024309539783655687,0.07083719906612007,0.011777042327280718
no_soft_weighting,baseline_3f,31,follower,2,0.608719672805881,0.04942341461907285,0.24315727733105086,0.05947899226620068
no_soft_weighting,baseline_3f,31,follower,3,0.1724876836276379,0.026112842654525847,0.060091064784830506,0.03319784317446739
no_soft_weighting,baseline_3f,31,pooled,0,0.07718128544638692,0.025989070417321347,0.04049113103324853,0.030715858648427297
no_soft_weighting,baseline_3f,31,macro,0,0.28612954729330253,0.025989070417321347,0.12469518039400018,0.034817959255982744
no_soft_weighting,baseline_3f,32,follower,1,-0.05495493394438178,0.029559318168874915,0.107600406657828,0.048260907781605744
no_soft_weighting,baseline_3f,32,follower,2,0.7478061222048087,0.06854450048714744,0.24731701918222093,0.11804625071321317
no_soft_weighting,baseline_3f,32,follower,3,0.26205426158289535,0.02890734120054872,0.0991248013684336,0.041082928406942054
no_soft_weighting,baseline_3f,32,pooled,0,0.7478061222048087,0.04233705328552384,0.21333196275693833,0.07239800083368908
no_soft_weighting,baseline_3f,32,macro,0,0.3183018166144409,0.04233705328552373,0.15134740906949418,0.06913002896725362
no_soft_weighting,baseline_3f,33,follower,1,-0.07283002331965882,0.0002597560683499367,0.020616128767479314,0.00019161770021103308
no_soft_weighting,baseline_3f,33,follower,2,0.19102084153646715,0.04103539913095977,0.3896961633460352,0.05896920180703691
no_soft_weighting,baseline_3f,33,follower,3,0.33853416853485996,0.010138012808153518,0.038202037402427225,0.014083766655582863
no_soft_weighting,baseline_3f,33,pooled,0,-0.07283002331965882,0.017144389335820742,0.03977250276514521,0.018726371676665687
no_soft_weighting,baseline_3f,33,macro,0,0.15224166225055624,0.017144389335820742,0.14950477650531369,0.02441486205427701
no_soft_weighting,baseline_3f,34,follower,1,0.1586368117797079,0.021816719604495383,0.20145455733907758,0.043207790950017255
no_soft_weighting,baseline_3f,34,follower,2,0.22279991893398865,0.030356416538143582,0.18634791193999356,0.04989052503045599
no_soft_weighting,baseline_3f,34,follower,3,0.3651905492774272,0.003129631282672518,0.01860665777557413,0.005047245239927722
no_soft_weighting,baseline_3f,34,pooled,0,0.1586368117797079,0.01843425580843716,0.08391721431231325,0.033099896519624084
no_soft_weighting,baseline_3f,34,macro,0,0.2488757599970408,0.01843425580843716,0.1354697090182153,0.03271518707346677
no_soft_weighting,baseline_3f,35,follower,1,0.17304029279710442,0.05114174508535607,0.1331341914377644,0.06362270500629674
no_soft_weighting,baseline_3f,35,follower,2,0.760026263911425,0.05841720631197256,0.33238045906416636,0.0860737437217991
no_soft_weighting,baseline_3f,35,follower,3,0.6001128320659621,0.021782896821547104,0.13453410200800442,0.03756863160693191
no_soft_weighting,baseline_3f,35,pooled,0,0.760026263911425,0.04378061607295858,0.12333266387466835,0.0637033753372458
no_soft_weighting,baseline_3f,35,macro,0,0.5110597962581638,0.04378061607295858,0.20001625083664476,0.06242169344500936
no_soft_weighting,baseline_3f,36,follower,1,-0.30492281092923434,-0.005741546214850013,0.1092301584260551,-0.00779734771383489
no_soft_weighting,baseline_3f,36,follower,2,0.5986706612880068,0.044379094845319544,0.3306717594730322,0.0646024846850668
no_soft_weighting,baseline_3f,36,follower,3,0.21717417912454007,0.025722538573066056,0.09352514513470722,0.040376555022155425
no_soft_weighting,baseline_3f,36,pooled,0,-0.30492281092923434,0.021453362401178344,0.13691781499552125,0.027209368970397385
no_soft_weighting,baseline_3f,36,macro,0,0.17030734316110463,0.021453362401178566,0.1778090210112646,0.03239389733112885
no_soft_weighting,baseline_3f,37,follower,1,-0.08171806858446962,0.010308699098036334,0.04502994801334781,0.008616341895815394
no_soft_weighting,baseline_3f,37,follower,2,0.14624064060367736,0.018076279948713303,0.09832511699961133,0.02700980297542821
no_soft_weighting,baseline_3f,37,follower,3,0.10083616268582185,0.00976175693506498,0.0768008667016784,0.01734051506451162
no_soft_weighting,baseline_3f,37,pooled,0,0.14624064060367736,0.01271557866060502,0.03839315185737813,0.01811647838507069
no_soft_weighting,baseline_3f,37,macro,0,0.05511957823500957,0.012715578660604798,0.07338531057154563,0.01765555331191848
no_soft_weighting,baseline_3f,38,follower,1,0.1615555763443881,0.010794463756474859,0.022504847327993627,0.014094479763915091
no_soft_weighting,baseline_3f,38,follower,2,0.3824609415023428,0.03427649344577366,0.09665063692003129,0.05402519683114004
no_soft_weighting,baseline_3f,38,follower,3,0.57192075014268,0.005777098255911994,0.043766490892850785,0.010818027282682885
no_soft_weighting,baseline_3f,38,pooled,0,0.1615555763443881,0.01694935181938695,0.04411948510012631,0.024607351317909698
no_soft_weighting,baseline_3f,38,macro,0,0.3719790893298036,0.016949351819386838,0.054307325046958344,0.02631256795924608
no_soft_weighting,baseline_3f,39,follower,1,0.3410961826788572,0.02036659396335838,0.07125792774161721,0.03481849459338915
no_soft_weighting,baseline_3f,39,follower,2,0.5820676335170609,0.03433423291332005,0.08532516760499487,0.05333902787185785
no_soft_weighting,baseline_3f,39,follower,3,0.5718747569234028,0.027364495487008367,0.09219329831644574,0.04339717557743772
no_soft_weighting,baseline_3f,39,pooled,0,0.3410961826788572,0.027355107454562377,0.09854484066942737,0.042337605416750135
no_soft_weighting,baseline_3f,39,macro,0,0.49834619103977396,0.027355107454562377,0.08292546455435246,0.04385156601422824
no_soft_weighting,baseline_3f,40,follower,1,-0.07874048349109275,0.026519459588992822,0.0641149588917207,0.031946232655429174
no_soft_weighting,baseline_3f,40,follower,2,0.6216272607624642,0.0324787898907295,0.177389771742388,0.05723928454007465
no_soft_weighting,baseline_3f,40,follower,3,0.1299460960410488,0.02178090104940944,0.10824301643501011,0.03841513942189023
no_soft_weighting,baseline_3f,40,pooled,0,0.6216272607624642,0.02692638350971066,0.04605517450508989,0.042698930542758085
no_soft_weighting,baseline_3f,40,macro,0,0.224277624437474,0.02692638350971055,0.11658258235637264,0.04253355220579813
no_soft_weighting,baseline_3f,41,follower,1,-0.03080552906984746,0.011589046956636873,0.040102655828354816,0.015489689575177268
no_soft_weighting,baseline_3f,41,follower,2,2.559907737905166,0.0682107802193237,0.19582310897196087,0.15487516788528177
no_soft_weighting,baseline_3f,41,follower,3,0.46416114527332963,0.021678395575510767,0.06979814256363936,0.03830877729039006
no_soft_weighting,baseline_3f,41,pooled,0,1.7148562082277072,0.033826074250490334,0.11420209143357041,0.05719537694744137
no_soft_weighting,baseline_3f,41,macro,0,0.9977544513695489,0.033826074250490334,0.10190796912131872,0.06955787825028303
no_soft_weighting,baseline_3f,42,follower,1,-0.09900250822490975,-0.010074974638071721,0.010820968504098083,-0.01460272685650743
no_soft_weighting,baseline_3f,42,follower,2,0.7053210344141285,0.054363033806060446,0.14875917074095635,0.09052115519545578
no_soft_weighting,baseline_3f,42,follower,3,0.6248129457464868,0.025417991432202136,0.17410163712853732,0.04512445096119466
no_soft_weighting,baseline_3f,42,pooled,0,-0.09900250822490975,0.023235350200063842,0.11125843430543125,0.03577416170874692
no_soft_weighting,baseline_3f,42,macro,0,0.41037715731190216,0.02323535020006362,0.11122725879119733,0.04034762643338097
no_soft_weighting,baseline_3f,43,follower,1,0.021509120042465746,0.021938180458796697,0.039646751811203806,0.02374478664673385
no_soft_weighting,baseline_3f,43,follower,2,0.9957723251372426,0.020140947072976312,0.13295810656355767,0.03393160783808691
no_soft_weighting,baseline_3f,43,follower,3,0.6603771279864763,0.029742809128191494,0.12570862413951467,0.06242812322113145
no_soft_weighting,baseline_3f,43,pooled,0,0.021509120042465746,0.023940645553321427,0.07220676865134878,0.035201173536950514
no_soft_weighting,baseline_3f,43,macro,0,0.5592195243887281,0.023940645553321538,0.09943782750475871,0.040034839235317254
no_soft_weighting,baseline_3f,44,follower,1,-0.6297943815931615,0.0017190942025584466,-0.022694656165626714,-0.004482143591864496
no_soft_weighting,baseline_3f,44,follower,2,0.33710014248279796,0.043210987744424,0.09409818095172096,0.05042015958507129
no_soft_weighting,baseline_3f,44,follower,3,0.0,0.01878048131232013,0.08744963449595744,0.025669797419926366
no_soft_weighting,baseline_3f,44,pooled,0,-0.15065197538940112,0.021236854419767415,0.06064505072443782,0.023240238127119284
no_soft_weighting,baseline_3f,44,macro,0,-0.09756474637012147,0.021236854419767637,0.05295105309401693,0.02386927113771109
no_soft_weighting,baseline_3f,45,follower,1,-0.047911807704367426,0.010123764504310406,0.03401633736357601,0.009659963798641646
no_soft_weighting,baseline_3f,45,follower,2,0.2404368718958283,0.033559003208055715,0.08151816235855902,0.045389126380689926
no_soft_weighting,baseline_3f,45,follower,3,-0.01908133499223963,0.005058175212967697,0.008130835741940068,0.005572541718138924
no_soft_weighting,baseline_3f,45,pooled,0,-0.047911807704367426,0.016246980975111347,0.03682932506573966,0.015751364839372117
no_soft_weighting,baseline_3f,45,macro,0,0.05781457639973997,0.016246980975111125,0.041221778488024885,0.020207210632489758
no_soft_weighting,baseline_3f,46,follower,1,0.1652537691779088,0.02427998960238731,0.17413527657303662,0.03776125806927744
no_soft_weighting,baseline_3f,46,follower,2,0.4117465020639526,0.023014574432872914,0.09175301738464015,0.03625502565358074
no_soft_weighting,baseline_3f,46,follower,3,0.10912747725810057,0.027591268831083093,0.13146945239133645,0.04174775711605594
no_soft_weighting,baseline_3f,46,pooled,0,0.1652537691779088,0.02496194428878118,0.11700766284881103,0.03803458321241249
no_soft_weighting,baseline_3f,46,macro,0,0.2287092494999876,0.02496194428878118,0.1324525821163378,0.03858801361297126
no_soft_weighting,baseline_3f,47,follower,1,0.1555813763660976,0.028997707774769288,0.10863599981307392,0.040415397486448845
no_soft_weighting,baseline_3f,47,follower,2,0.38662952327254496,0.029593343270089334,0.1326176198907334,0.05767165219153436
no_soft_weighting,baseline_3f,47,follower,3,0.3010318025231964,0.02042869468862818,0.05854009395082094,0.029373311321333695
no_soft_weighting,baseline_3f,47,pooled,0,0.21737185778569756,0.02633991524449575,0.11368609113148498,0.042811068052269974
no_soft_weighting,baseline_3f,47,macro,0,0.2810809007206134,0.026339915244495526,0.09993123788487601,0.042486786999772486
no_soft_weighting,baseline_3f,48,follower,1,-0.2094407392809563,0.012192931471951773,0.03142801336083356,-0.006854774993764412
no_soft_weighting,baseline_3f,48,follower,2,0.08354801482705643,0.03122873713151686,0.178628670713616,0.05178102786961902
no_soft_weighting,baseline_3f,48,follower,3,0.16357162308082107,0.02632316668423762,0.11628903501110288,0.040591330203554155
no_soft_weighting,baseline_3f,48,pooled,0,-0.2094407392809563,0.02324827842923549,0.1773825323367182,0.021607257403506552
no_soft_weighting,baseline_3f,48,macro,0,0.012559632875639881,0.02324827842923538,0.10878190636185092,0.02850586102646968
no_soft_weighting,baseline_3f,49,follower,1,0.25026066832139016,0.02895146856160702,0.1138363271272207,0.03973924432242315
no_soft_weighting,baseline_3f,49,follower,2,0.5279060049235786,0.03362435068178904,0.16413757602880996,0.06016081235933357
no_soft_weighting,baseline_3f,49,follower,3,0.17822841979768844,0.004098391024855985,0.05257699659215964,0.00665245016387539
no_soft_weighting,baseline_3f,49,pooled,0,0.25026066832139016,0.02222473675608394,0.10064460676033771,0.03414356064933477
no_soft_weighting,baseline_3f,49,macro,0,0.31879836434755227,0.02222473675608372,0.11018363324939684,0.03551750228187722
no_soft_weighting,baseline_3f,50,follower,1,0.0453222974539651,0.009886383167855506,0.06602328040400396,0.012477888097385259
no_soft_weighting,baseline_3f,50,follower,2,0.5399873710285581,0.02670107870643923,0.21223868316560957,0.03765297050210181
no_soft_weighting,baseline_3f,50,follower,3,0.03205744821239298,0.011402551779476133,0.08221720611518668,0.014022969991002499
no_soft_weighting,baseline_3f,50,pooled,0,0.5399873710285581,0.015996671217923808,0.09019086412057686,0.021654516124443468
no_soft_weighting,baseline_3f,50,macro,0,0.2057890388983057,0.015996671217923586,0.12015972322826673,0.02138460953016308
