Point,Scenario,Method,Aggregation,Follower,Maximum_N,Maximum_Mean,Maximum_SD,Mean_N,Mean_Mean,Mean_SD,CDF95_N,CDF95_Mean,CDF95_SD,RMSE3D_N,RMSE3D_Mean,RMSE3D_SD
runtime,baseline_3f,cusum_ekf,follower,1,10,9.018806434685208,2.7800272077461377,10,1.3715170946102633,0.19738680286600924,10,3.022219379383956,0.543035182042965,10,1.731172700502882,0.3017491186376486
runtime,baseline_3f,cusum_ekf,follower,2,10,7.95227563144593,1.2364820076900374,10,1.3860899305299905,0.2562124294517364,10,3.2061852286857744,0.6067415158152905,10,1.7128623275994177,0.2995736684996427
runtime,baseline_3f,cusum_ekf,follower,3,10,7.037038843536171,1.8013246576144324,10,1.1555185218247657,0.17231734757284964,10,2.42451269495258,0.41057138079250993,10,1.40780378833476,0.24446363664525153
runtime,baseline_3f,cusum_ekf,macro,0,10,8.002706969889102,1.243627392162331,10,1.3043751823216732,0.14265997163369395,10,2.8843057676741033,0.3283688285115111,10,1.6172796054790197,0.17718679901187784
runtime,baseline_3f,cusum_ekf,pooled,0,10,9.694861266195435,2.5359569680578216,10,1.3043751823216732,0.14265997163369393,10,2.939768673616327,0.36429227371694867,10,1.6365084160368002,0.18737152263616258
runtime,baseline_3f,cusum_fgo,follower,1,10,3.4764093030272463,1.664816973168895,10,1.0241833221123557,0.3342015081060452,10,1.74566586064883,0.5091344426089799,10,1.134665874399482,0.36939680770232225
runtime,baseline_3f,cusum_fgo,follower,2,10,2.840693038782341,0.7005112606969319,10,0.9896439500313262,0.3103870467868392,10,1.6550044325336948,0.3713519050657848,10,1.0747884399585281,0.29951884451921873
runtime,baseline_3f,cusum_fgo,follower,3,10,2.19104286415178,0.5193097397368485,10,0.7450239145984388,0.19834466183925684,10,1.2412800838883493,0.25519009119836056,10,0.8038213053207371,0.20061677043425244
runtime,baseline_3f,cusum_fgo,macro,0,10,2.8360484019871217,0.8084782816975102,10,0.9196170622473735,0.17304472999321607,10,1.547316792356958,0.2426975482519975,10,1.0044252065595825,0.18132926149488615
runtime,baseline_3f,cusum_fgo,pooled,0,10,3.6871232499809956,1.5347976577050813,10,0.9196170622473737,0.17304472999321613,10,1.70886462293001,0.3161982135754842,10,1.036974693918285,0.1949238655836871
runtime,baseline_3f,ekf,follower,1,10,11.458009216662953,1.8784534306186274,10,1.7777132205265176,0.19113382847121924,10,7.271862666154119,1.9494715817289616,10,2.6736283006633697,0.39421816152790135
runtime,baseline_3f,ekf,follower,2,10,11.251116111595781,2.585931247988713,10,1.8076674478817367,0.1809715733139189,10,6.656700330446332,1.6878204691361745,10,2.7234367129785166,0.4218369079755188
runtime,baseline_3f,ekf,follower,3,10,9.389461549112616,2.8030652455577862,10,1.542439692552682,0.248583817946602,10,5.695995447277467,1.6896383443308567,10,2.2720358531287266,0.49941404130578976
runtime,baseline_3f,ekf,macro,0,10,10.699528959123784,1.5391496171710064,10,1.7092734536536454,0.12880572824183212,10,6.5415194812926405,0.932553074853969,10,2.5563669555902044,0.2725319682678344
runtime,baseline_3f,ekf,pooled,0,10,12.695499972838933,1.8353498735743636,10,1.7092734536536454,0.1288057282418322,10,6.187889854285648,1.1851441333445683,10,2.585812908854122,0.2671865676623537
runtime,baseline_3f,fgo,follower,1,10,9.940008378311799,1.8550223330935725,10,2.0852286702972265,0.30333939464109877,10,6.29792007923127,0.8570245657709221,10,2.7910460683255582,0.3329486229277572
runtime,baseline_3f,fgo,follower,2,10,10.675449057051676,2.3421947634558724,10,2.1954746975528945,0.2991727493634865,10,6.577404171919196,1.1823499150025707,10,2.970211087337943,0.35860978036051544
runtime,baseline_3f,fgo,follower,3,10,8.47334674539903,2.3001814408812655,10,1.5517432044685238,0.25786929642247564,10,5.356045359092347,1.204016012149919,10,2.2113849442143065,0.4190688536582958
runtime,baseline_3f,fgo,macro,0,10,9.69626806025417,1.546810229830355,10,1.9441488574395482,0.2431685566441832,10,6.07712320341427,0.8819922555462069,10,2.657547366625936,0.332189124360097
runtime,baseline_3f,fgo,pooled,0,10,11.61727144505415,1.8564695223292673,10,1.9441488574395482,0.243168556644183,10,6.060209433395977,0.8759322770790211,10,2.6827395231168256,0.3246698616354347
runtime,size_2f,cusum_ekf,follower,1,10,11.0148233077451,4.9233769606095565,10,1.480964057880996,0.3153032541193224,10,3.71628432841124,1.4894426336055808,10,2.0172270922195823,0.6025797236421389
runtime,size_2f,cusum_ekf,follower,2,10,10.647672236924215,2.7322895771317457,10,1.4317398499482665,0.3267236141996722,10,3.83099508800832,1.3127698963305996,10,1.9820285695336934,0.5009653349976879
runtime,size_2f,cusum_ekf,macro,0,10,10.831247772334658,3.2997883897138336,10,1.4563519539146312,0.27560851617266613,10,3.7736397082097803,1.2670599492836623,10,1.9996278308766382,0.48830346342461217
runtime,size_2f,cusum_ekf,pooled,0,10,12.560944576479956,4.124879785890247,10,1.4563519539146315,0.27560851617266624,10,3.7826422631699805,1.368455321251697,10,2.014130088210403,0.492648228543193
runtime,size_2f,cusum_fgo,follower,1,10,6.144018627810165,1.7077710613942554,10,1.1998011491548135,0.3596296538717795,10,2.6030533106091687,0.983420522413062,10,1.468985223844845,0.41668412878516103
runtime,size_2f,cusum_fgo,follower,2,10,6.595126263982498,1.493018454428565,10,1.0308141041692243,0.3645908419347691,10,1.9010559863641352,0.4948665473778725,10,1.3094266226987386,0.35642932937150185
runtime,size_2f,cusum_fgo,macro,0,10,6.369572445896331,0.9090069022319277,10,1.115307626662019,0.2543776338371567,10,2.252054648486652,0.5835578496663343,10,1.3892059232717915,0.2631933229476166
runtime,size_2f,cusum_fgo,pooled,0,10,7.2640211015039595,1.3748784846669881,10,1.1153076266620188,0.2543776338371567,10,2.194826212277928,0.5165990879536526,10,1.4152563627316757,0.27609911728462605
runtime,size_2f,ekf,follower,1,10,11.230546076229478,2.1003303615432793,10,1.7829316154298058,0.198395925925212,10,7.095050966438407,1.944590660022837,10,2.661351938662487,0.40126588563238635
runtime,size_2f,ekf,follower,2,10,11.175447685438618,2.6413435481934093,10,1.8008871015572976,0.22473180194915465,10,6.763365977507713,1.8403350649825865,10,2.736876436848876,0.4712929272924135
runtime,size_2f,ekf,macro,0,10,11.202996880834046,1.6593911875877116,10,1.7919093584935517,0.14474404772259264,10,6.92920847197306,1.084095070420961,10,2.6991141877556815,0.3081047383996567
runtime,size_2f,ekf,pooled,0,10,12.34421662662989,2.116107077868307,10,1.7919093584935513,0.14474404772259264,10,6.7000815645124545,1.252653164017042,10,2.7157064234114827,0.3054888764512281
runtime,size_2f,fgo,follower,1,10,10.268428407366319,2.538905091472895,10,1.8428725413704257,0.34102298382335905,10,5.242217236506698,1.1150669540900373,10,2.4816039972671406,0.3946966463411657
runtime,size_2f,fgo,follower,2,10,10.82220718775098,2.5951594078365705,10,1.8630703594866609,0.34503310988750374,10,5.913647062393097,1.3196498353447428,10,2.6622460501225844,0.45592853372996667
runtime,size_2f,fgo,macro,0,10,10.54531779755865,2.211567199746859,10,1.8529714504285433,0.2875515748732151,10,5.577932149449897,1.1190810234268254,10,2.5719250236948628,0.385520599915885
runtime,size_2f,fgo,pooled,0,10,11.597300716167426,2.2134528732718874,10,1.8529714504285433,0.2875515748732152,10,5.464644732337257,1.0645513533532416,10,2.579417088812815,0.38472070531628516
runtime,size_5f,cusum_ekf,follower,1,10,7.832714318910872,0.9880691381889369,10,1.3177077123357148,0.170335698154392,10,2.8214667813222976,0.37807539297634407,10,1.6151207533990746,0.22402808017280995
runtime,size_5f,cusum_ekf,follower,2,10,8.259560545732077,2.366327465070332,10,1.3712983752922516,0.3393909227190076,10,3.15032669041583,0.7774392622164409,10,1.7170496902842298,0.5020189091869629
runtime,size_5f,cusum_ekf,follower,3,10,6.276106307310039,1.2992911706171686,10,1.1264657676109597,0.16316330277230867,10,2.3514213063417198,0.3552213183201159,10,1.3285059908030845,0.18733374012725
runtime,size_5f,cusum_ekf,follower,4,10,6.248974930023296,0.9410029088679696,10,0.9931632538659851,0.14991800379324385,10,2.0716116437701726,0.4185066046222118,10,1.203027167664764,0.2029415884558019
runtime,size_5f,cusum_ekf,follower,5,10,7.528918567189247,1.1532527768854488,10,1.099036787136456,0.11870046017773335,10,2.387027185660049,0.3845112155241257,10,1.3506318167223408,0.1521737390247862
runtime,size_5f,cusum_ekf,macro,0,10,7.229254933833107,0.7833929675096075,10,1.1815343792482733,0.10212045188949952,10,2.556370721502014,0.25806789691760823,10,1.4428670837746986,0.1507650847238318
runtime,size_5f,cusum_ekf,pooled,0,10,9.042219483625962,2.0220505162170177,10,1.1815343792482733,0.10212045188949943,10,2.6768970736020914,0.4265088290566716,10,1.4702311283622767,0.18065838796916234
runtime,size_5f,cusum_fgo,follower,1,10,2.4912596098146533,0.4150326907952692,10,0.9435444904632165,0.2990024758752073,10,1.5261006173888636,0.3716596409767651,10,1.0071490900870503,0.30213942231594715
runtime,size_5f,cusum_fgo,follower,2,10,2.664844463746107,0.3538257807757285,10,0.9859839882217243,0.25151482710032824,10,1.5924891924306421,0.30417450743218366,10,1.056840685199389,0.2594865898260425
runtime,size_5f,cusum_fgo,follower,3,10,1.7740407729327745,0.3533475080058778,10,0.690829888844677,0.27517032141327896,10,1.0853680198428242,0.3169499658762832,10,0.7332459947082917,0.2738425092891254
runtime,size_5f,cusum_fgo,follower,4,10,1.5472385415895054,0.19191991569768593,10,0.5967532217005683,0.19355328743623224,10,0.9966915921924746,0.22643177845067228,10,0.6423207447260589,0.19213178750654392
runtime,size_5f,cusum_fgo,follower,5,10,2.0643632720803824,0.29379085451105563,10,0.7284945285463499,0.12295714654948435,10,1.202714748116739,0.12548463731889697,10,0.779801822919884,0.11726895856665509
runtime,size_5f,cusum_fgo,macro,0,10,2.1083493320326845,0.13846322027658145,10,0.7891212235553071,0.1430985339011337,10,1.2806728339943088,0.15407247192740453,10,0.8438716675281348,0.14101246897267253
runtime,size_5f,cusum_fgo,pooled,0,10,2.8516952529142983,0.30616561012141774,10,0.7891212235553071,0.14309853390113375,10,1.4771973186949798,0.2819032402423673,10,0.8757350955842849,0.15696307567791223
runtime,size_5f,ekf,follower,1,10,11.27955139411338,1.4539999055501218,10,1.7711076902891338,0.17906382330973997,10,7.241255010857534,1.8684765624099027,10,2.671200350591721,0.3714488070295947
runtime,size_5f,ekf,follower,2,10,10.91717912388877,2.619422995157034,10,1.811078589986952,0.1726523032739562,10,6.546866429394582,1.669378414427375,10,2.685448577902153,0.39998456377691366
runtime,size_5f,ekf,follower,3,10,8.876241661618984,2.568108216767257,10,1.5275400327409596,0.2448572525700969,10,5.548026535556511,1.5950758475531506,10,2.216998895808607,0.4708117939630756
runtime,size_5f,ekf,follower,4,10,8.199187345562484,1.9661018365008214,10,1.2743947807132354,0.15299357006172798,10,4.4272804318755075,1.0536095465360642,10,1.8597311998941646,0.30361671364336196
runtime,size_5f,ekf,follower,5,10,9.528645929711844,1.7316435650066306,10,1.5593149081045925,0.10911822499475964,10,6.181040143289655,1.1683502380891377,10,2.3611921092336057,0.23128617823633632
runtime,size_5f,ekf,macro,0,10,9.760161090979093,1.140443948661344,10,1.5886872003669747,0.09814906563928073,10,5.988893710194758,0.6722603900308876,10,2.3589142266860503,0.20081816939490696
runtime,size_5f,ekf,pooled,0,10,12.275785603263973,1.5352650859504706,10,1.5886872003669747,0.0981490656392807,10,5.837708708935625,0.9582550633651493,10,2.3959084942352766,0.20695788433301884
runtime,size_5f,fgo,follower,1,10,13.128852911395631,2.563519414062616,10,2.1352200683104767,0.2692168857518184,10,6.2712451423882065,1.4778515441376598,10,3.0395239524798012,0.2929286096743287
runtime,size_5f,fgo,follower,2,10,9.922413801453004,2.9530587752188597,10,2.1054396050550204,0.23057520196186698,10,6.129178240047345,0.8928485477633159,10,2.8333134769611474,0.3304798899819183
runtime,size_5f,fgo,follower,3,10,6.252851054220039,1.2005793366157127,10,1.3652718053887527,0.29113256476293353,10,3.8944473378539897,0.7523075329021373,10,1.7893588147242112,0.29256165824451175
runtime,size_5f,fgo,follower,4,10,6.187684386413382,0.6305061875877757,10,1.184373491798406,0.1309543746808792,10,3.5794493261627793,0.3773940916176995,10,1.6149238833773043,0.08149100722662829
runtime,size_5f,fgo,follower,5,10,7.926525804062768,1.3367889896403498,10,1.5499859689470825,0.1860430581777804,10,4.94099153871437,0.8108947842913621,10,2.1432026330010165,0.24535757357348773
runtime,size_5f,fgo,macro,0,10,8.683665591508964,0.9684971585553788,10,1.6680581878999476,0.16304044639118928,10,4.963062317033338,0.5829061386035459,10,2.284064552108696,0.19102456568440598
runtime,size_5f,fgo,pooled,0,10,13.389764198527752,2.680044438673599,10,1.6680581878999476,0.1630404463911894,10,4.976456226046267,0.5027921376066677,10,2.3581079358183334,0.19934302774628293
