Scenario,Method,Phase,Updates_N,Updates_Mean,Updates_SD,AlgorithmSeconds_Mean_N,AlgorithmSeconds_Mean_Mean,AlgorithmSeconds_Mean_SD,AlgorithmSeconds_Median_N,AlgorithmSeconds_Median_Mean,AlgorithmSeconds_Median_SD,AlgorithmSeconds_P95_N,AlgorithmSeconds_P95_Mean,AlgorithmSeconds_P95_SD,AlgorithmSeconds_P99_N,AlgorithmSeconds_P99_Mean,AlgorithmSeconds_P99_SD,AlgorithmSeconds_Max_N,AlgorithmSeconds_Max_Mean,AlgorithmSeconds_Max_SD,AlgorithmSeconds_Over1s_N,AlgorithmSeconds_Over1s_Mean,AlgorithmSeconds_Over1s_SD,AlgorithmSeconds_Over1sRate_N,AlgorithmSeconds_Over1sRate_Mean,AlgorithmSeconds_Over1sRate_SD,EndToEndSeconds_Mean_N,EndToEndSeconds_Mean_Mean,EndToEndSeconds_Mean_SD,EndToEndSeconds_Median_N,EndToEndSeconds_Median_Mean,EndToEndSeconds_Median_SD,EndToEndSeconds_P95_N,EndToEndSeconds_P95_Mean,EndToEndSeconds_P95_SD,EndToEndSeconds_P99_N,EndToEndSeconds_P99_Mean,EndToEndSeconds_P99_SD,EndToEndSeconds_Max_N,EndToEndSeconds_Max_Mean,EndToEndSeconds_Max_SD,EndToEndSeconds_Over1s_N,EndToEndSeconds_Over1s_Mean,EndToEndSeconds_Over1s_SD,EndToEndSeconds_Over1sRate_N,EndToEndSeconds_Over1sRate_Mean,EndToEndSeconds_Over1sRate_SD,SINSSeconds_Mean_N,SINSSeconds_Mean_Mean,SINSSeconds_Mean_SD,SINSSeconds_Median_N,SINSSeconds_Median_Mean,SINSSeconds_Median_SD,SINSSeconds_P95_N,SINSSeconds_P95_Mean,SINSSeconds_P95_SD,SINSSeconds_P99_N,SINSSeconds_P99_Mean,SINSSeconds_P99_SD,SINSSeconds_Max_N,SINSSeconds_Max_Mean,SINSSeconds_Max_SD,SINSSeconds_Over1s_N,SINSSeconds_Over1s_Mean,SINSSeconds_Over1s_SD,SINSSeconds_Over1sRate_N,SINSSeconds_Over1sRate_Mean,SINSSeconds_Over1sRate_SD,KeyframeSeconds_Mean_N,KeyframeSeconds_Mean_Mean,KeyframeSeconds_Mean_SD,KeyframeSeconds_Median_N,KeyframeSeconds_Median_Mean,KeyframeSeconds_Median_SD,KeyframeSeconds_P95_N,KeyframeSeconds_P95_Mean,KeyframeSeconds_P95_SD,KeyframeSeconds_P99_N,KeyframeSeconds_P99_Mean,KeyframeSeconds_P99_SD,KeyframeSeconds_Max_N,KeyframeSeconds_Max_Mean,KeyframeSeconds_Max_SD,KeyframeSeconds_Over1s_N,KeyframeSeconds_Over1s_Mean,KeyframeSeconds_Over1s_SD,KeyframeSeconds_Over1sRate_N,KeyframeSeconds_Over1sRate_Mean,KeyframeSeconds_Over1sRate_SD,GraphSolveSeconds_Mean_N,GraphSolveSeconds_Mean_Mean,GraphSolveSeconds_Mean_SD,GraphSolveSeconds_Median_N,GraphSolveSeconds_Median_Mean,GraphSolveSeconds_Median_SD,GraphSolveSeconds_P95_N,GraphSolveSeconds_P95_Mean,GraphSolveSeconds_P95_SD,GraphSolveSeconds_P99_N,GraphSolveSeconds_P99_Mean,GraphSolveSeconds_P99_SD,GraphSolveSeconds_Max_N,GraphSolveSeconds_Max_Mean,GraphSolveSeconds_Max_SD,GraphSolveSeconds_Over1s_N,GraphSolveSeconds_Over1s_Mean,GraphSolveSeconds_Over1s_SD,GraphSolveSeconds_Over1sRate_N,GraphSolveSeconds_Over1sRate_Mean,GraphSolveSeconds_Over1sRate_SD,GNMean_N,GNMean_Mean,GNMean_SD,GNMax_N,GNMax_Mean,GNMax_SD,GNCapHits_N,GNCapHits_Mean,GNCapHits_SD,GNCapHitRate_N,GNCapHitRate_Mean,GNCapHitRate_SD,GNUnconverged_N,GNUnconverged_Mean,GNUnconverged_SD,GNUnconvergedRate_N,GNUnconvergedRate_Mean,GNUnconvergedRate_SD,GNFinalStepMean_N,GNFinalStepMean_Mean,GNFinalStepMean_SD,GNFinalStepMax_N,GNFinalStepMax_Mean,GNFinalStepMax_SD
baseline_3f,cusum_ekf,all,10,600.0,0.0,10,0.0008431099000000001,2.139422331764889e-05,10,0.00081531,1.0829147909436127e-05,10,0.0010041400000000002,9.556455584228563e-05,10,0.0012925499999999997,0.00018974598517198957,10,0.0018806,0.00013707808804554512,10,0.0,0.0,10,0.0,0.0,10,0.0015887383499999998,3.1881976209084166e-05,10,0.001547305,1.3092203999157567e-05,10,0.001805695,0.00015684523413933313,10,0.0023136499999999996,0.00037015012645021626,10,0.00283254,0.00029149325587776845,10,0.0,0.0,10,0.0,0.0,10,0.0006609809833333332,9.19450117855946e-06,10,0.0006429599999999999,3.4355817880268435e-06,10,0.0007516849999999999,4.533781258508195e-05,10,0.00095502,0.00015490140269072957,10,0.0011852000000000002,0.00010730252145737817,10,0.0,0.0,10,0.0,0.0,10,0.0009277573666666667,2.3960387265234242e-05,10,0.00089899,1.1615956458443042e-05,10,0.001100735,0.00010952522299553754,10,0.00141426,0.000216397152630682,10,0.0020423,0.0002351823784026156,10,0.0,0.0,10,0.0,0.0,10,0.0004095683833333334,1.0438436599819766e-05,10,0.000395645,5.3810082698319575e-06,10,0.00050381,5.096752669865173e-05,10,0.000647875,8.09584092468335e-05,10,0.00075494,9.213625417463708e-05,10,0.0,0.0,10,0.0,0.0,0,,,0,,,0,,,0,,,0,,,0,,,0,,,0,,
baseline_3f,cusum_ekf,filling,10,9.0,0.0,10,0.0009620255555555556,4.101517402969135e-05,10,0.0008361600000000001,2.1404319397936675e-05,10,0.0018204000000000002,0.00010445799793856537,10,0.0018204000000000002,0.00010445799793856537,10,0.0018204000000000002,0.00010445799793856537,10,0.0,0.0,10,0.0,0.0,10,0.0017194355555555554,5.2944164962406724e-05,10,0.0015712299999999998,3.663568539613306e-05,10,0.00268324,0.00011536542135512033,10,0.00268324,0.00011536542135512033,10,0.00268324,0.00011536542135512033,10,0.0,0.0,10,0.0,0.0,10,0.0006687555555555555,2.0094914015068e-05,10,0.0006511099999999999,9.896402264347183e-06,10,0.0007647300000000001,7.987804662942966e-05,10,0.0007647300000000001,7.987804662942966e-05,10,0.0007647300000000001,7.987804662942966e-05,10,0.0,0.0,10,0.0,0.0,10,0.0010506799999999998,4.359925176488884e-05,10,0.0009205099999999999,2.517840565069821e-05,10,0.0019347,0.00011048462939854269,10,0.0019347,0.00011048462939854269,10,0.0019347,0.00011048462939854269,10,0.0,0.0,10,0.0,0.0,10,0.0004276944444444444,1.905157770812496e-05,10,0.0004067899999999999,1.1233031647778791e-05,10,0.00054827,9.127416635852908e-05,10,0.00054827,9.127416635852908e-05,10,0.00054827,9.127416635852908e-05,10,0.0,0.0,10,0.0,0.0,0,,,0,,,0,,,0,,,0,,,0,,,0,,,0,,
baseline_3f,cusum_ekf,steady,10,591.0,0.0,10,0.0008412990016920474,2.1356285115792826e-05,10,0.00081493,1.0518454681600774e-05,10,0.0009945439999999995,8.871258810212719e-05,10,0.0012719355000000002,0.00019753287860182236,10,0.00157172,0.00033300596190859205,10,0.0,0.0,10,0.0,0.0,10,0.001586748037225042,3.1850315665752504e-05,10,0.0015469099999999999,1.2770143129799043e-05,10,0.0017993364999999994,0.00015454398076006278,10,0.0022747886000000013,0.0003859591972980214,10,0.00267606,0.0004258580937354599,10,0.0,0.0,10,0.0,0.0,10,0.0006608625888324872,9.212968964010595e-06,10,0.0006428599999999998,3.5113150433040588e-06,10,0.0007505889999999996,4.3300349934434025e-05,10,0.0009550141000000002,0.00015563243614394778,10,0.0011852000000000002,0.00010730252145737817,10,0.0,0.0,10,0.0,0.0,10,0.000925885448392555,2.3893532348413862e-05,10,0.0008986400000000002,1.1396997655328188e-05,10,0.0010973289999999995,0.0001064037070626138,10,0.0013859251000000006,0.00022143760463663614,10,0.001734,0.0004303954047668776,10,0.0,0.0,10,0.0,0.0,10,0.00040929235194585447,1.0410572994165343e-05,10,0.00039548000000000003,5.331416322141802e-06,10,0.0005025299999999995,5.1824133856727145e-05,10,0.0006482904000000003,8.123951278671133e-05,10,0.00075494,9.213625417463708e-05,10,0.0,0.0,10,0.0,0.0,0,,,0,,,0,,,0,,,0,,,0,,,0,,,0,,
baseline_3f,cusum_fgo,all,10,600.0,0.0,10,0.01781663145,0.00038563253565543083,10,0.017436200000000002,6.736301326065802e-05,10,0.021110345000000003,0.002494244791119705,10,0.0246728,0.0027778397489976107,10,0.028867399999999998,0.0024014513079478506,10,0.0,0.0,10,0.0,0.0,10,0.018607246949999996,0.00040954606782754046,10,0.018199964999999995,6.95055795122477e-05,10,0.021976555,0.002619317980829064,10,0.02570171,0.0029710502005744254,10,0.030068079999999997,0.002430834380664839,10,0.0,0.0,10,0.0,0.0,10,0.0006993595666666666,2.1034355399714092e-05,10,0.0006705649999999999,4.208856403136431e-06,10,0.00087347,0.00016958061046135083,10,0.0011362499999999997,0.00013750312117669672,10,0.00131743,9.99936336862392e-05,10,0.0,0.0,10,0.0,0.0,10,0.01790788738333333,0.0003895365973111879,10,0.017524025000000002,6.876250694318193e-05,10,0.021213330000000002,0.002504943799236489,10,0.024789155,0.0028047898243154213,10,0.029016510000000002,0.002397348681101223,10,0.0,0.0,10,0.0,0.0,10,0.017317550216666668,0.00035708774427513845,10,0.016967535,5.883525044090908e-05,10,0.02052671,0.002390965626849908,10,0.023968165000000003,0.002628937428363406,10,0.028032160000000007,0.0024080794953655494,10,0.0,0.0,10,0.0,0.0,10,5.1485,0.03898757320220816,10,7.4,0.6992058987801011,10,0.0,0.0,10,0.0,0.0,10,0.0,0.0,10,0.0,0.0,10,1.9763166281034433e-06,2.0647683640959789e-07,10,9.8327801842532e-06,1.645635503930213e-07
baseline_3f,cusum_fgo,filling,10,9.0,0.0,10,0.007242694444444446,0.001393692885926167,10,0.00618168,0.001227627269528047,10,0.01562714,0.0028374525461328077,10,0.01562714,0.0028374525461328077,10,0.01562714,0.0028374525461328077,10,0.0,0.0,10,0.0,0.0,10,0.008054435555555555,0.0015718213932958468,10,0.00699274,0.0014095414748539097,10,0.01643834,0.0030656806067603758,10,0.01643834,0.0030656806067603758,10,0.01643834,0.0030656806067603758,10,0.0,0.0,10,0.0,0.0,10,0.000716671111111111,0.00015882222768078455,10,0.0007124899999999999,0.00016709864318885278,10,0.0007861100000000001,0.00018998840578659886,10,0.0007861100000000001,0.00018998840578659886,10,0.0007861100000000001,0.00018998840578659886,10,0.0,0.0,10,0.0,0.0,10,0.007337764444444445,0.0014136756598175171,10,0.00627022,0.0012448659917169132,10,0.01571956,0.0028623134851219756,10,0.01571956,0.0028623134851219756,10,0.01571956,0.0028623134851219756,10,0.0,0.0,10,0.0,0.0,10,0.006653512222222223,0.001271703272156243,10,0.00570665,0.0011190328624406981,10,0.01513391,0.0027108800795026776,10,0.01513391,0.0027108800795026776,10,0.01513391,0.0027108800795026776,10,0.0,0.0,10,0.0,0.0,10,4.933333333333334,0.10734353145325516,10,5.0,0.0,10,0.0,0.0,10,0.0,0.0,10,0.0,0.0,10,0.0,0.0,10,1.3287855402495314e-06,1.2298709270534712e-06,10,2.808033686517983e-06,3.1780754966983356e-06
baseline_3f,cusum_fgo,steady,10,591.0,0.0,10,0.017977655871404402,0.000390844717174949,10,0.017440419999999998,6.953919438385595e-05,10,0.021146407499999992,0.002541775339901056,10,0.02471226140000001,0.002760673668433608,10,0.028867399999999998,0.0024014513079478506,10,0.0,0.0,10,0.0,0.0,10,0.018767949661590528,0.00041496839517215703,10,0.018206280000000002,7.031253720986657e-05,10,0.02201742199999999,0.0026877770949059465,10,0.025752174800000017,0.002968801813517993,10,0.030068079999999997,0.002430834380664839,10,0.0,0.0,10,0.0,0.0,10,0.0006990959390862942,2.108611114244844e-05,10,0.00067068,4.1208952641116885e-06,10,0.0008661839999999996,0.00016365883743663537,10,0.0011384434000000013,0.00013413439737666028,10,0.00131743,9.99936336862392e-05,10,0.0,0.0,10,0.0,0.0,10,0.018068853722504226,0.00039480469039992604,10,0.01752882,7.069931321370003e-05,10,0.02125170449999999,0.0025494440240967173,10,0.024830469500000014,0.0027892543337182073,10,0.029016510000000002,0.002397348681101223,10,0.0,0.0,10,0.0,0.0,10,0.017479946734348557,0.00036190379755580943,10,0.0169736,5.939064647643492e-05,10,0.020567479499999992,0.0024422990598050613,10,0.023998598500000006,0.0026112495428523234,10,0.028032160000000007,0.0024080794953655494,10,0.0,0.0,10,0.0,0.0,10,5.151776649746194,0.03981847637688295,10,7.4,0.6992058987801011,10,0.0,0.0,10,0.0,0.0,10,0.0,0.0,10,0.0,0.0,10,1.9861775076139087e-06,2.0339788289633453e-07,10,9.8327801842532e-06,1.645635503930213e-07
baseline_3f,ekf,all,10,600.0,0.0,10,0.0006034204166666667,5.776633951133288e-05,10,0.00057729,2.948641683517643e-05,10,0.000748185,0.00017423447810669136,10,0.0009396299999999998,0.00016031605277631365,10,0.00115519,0.0003407626689582583,10,0.0,0.0,10,0.0,0.0,10,0.0013564950666666666,9.872922146191843e-05,10,0.0013077499999999999,3.9666085429915125e-05,10,0.0016184149999999998,0.0003796361957702253,10,0.0019117250000000002,0.00036171279525336135,10,0.00236658,0.0004858224019353394,10,0.0,0.0,10,0.0,0.0,10,0.0006680911333333331,3.3895062916537635e-05,10,0.0006423249999999998,1.0175876975583927e-05,10,0.0007965799999999999,0.0001782763058351339,10,0.0009614700000000001,0.0001641944007030149,10,0.0011896699999999999,0.00012611826944931045,10,0.0,0.0,10,0.0,0.0,10,0.0006884039333333333,6.588059306231218e-05,10,0.0006606650000000001,3.402943211398037e-05,10,0.0008432450000000001,0.00019628423190476725,10,0.0010533500000000002,0.00019880682695633083,10,0.0013065700000000002,0.0003759283236942325,10,0.0,0.0,10,0.0,0.0,10,0.0004196297999999999,4.0256185637400345e-05,10,0.0003997700000000001,2.1150639601571283e-05,10,0.000528985,0.00011931916128602311,10,0.0006737749999999999,9.434170236727531e-05,10,0.0008164400000000001,0.00020202978988258138,10,0.0,0.0,10,0.0,0.0,0,,,0,,,0,,,0,,,0,,,0,,,0,,,0,,
baseline_3f,ekf,filling,10,9.0,0.0,10,0.0007104244444444444,0.00017792193181750677,10,0.00068689,0.00020376600114401378,10,0.0009025900000000002,0.0002400881664444682,10,0.0009025900000000002,0.0002400881664444682,10,0.0009025900000000002,0.0002400881664444682,10,0.0,0.0,10,0.0,0.0,10,0.0015645099999999999,0.0003723987682092761,10,0.0015013499999999998,0.0003624253555331545,10,0.00187136,0.0005192724508600686,10,0.00187136,0.0005192724508600686,10,0.00187136,0.0005192724508600686,10,0.0,0.0,10,0.0,0.0,10,0.0007526388888888888,0.00016964085400758425,10,0.0007396099999999999,0.00016604836945902242,10,0.0008673299999999998,0.0002647894427653792,10,0.0008673299999999998,0.0002647894427653792,10,0.0008673299999999998,0.0002647894427653792,10,0.0,0.0,10,0.0,0.0,10,0.000811871111111111,0.00020534643645060647,10,0.0007854800000000001,0.0002307144545873872,10,0.00103922,0.0002875314661041466,10,0.00103922,0.0002875314661041466,10,0.00103922,0.0002875314661041466,10,0.0,0.0,10,0.0,0.0,10,0.0004912344444444445,0.00012287118456287777,10,0.00047522,0.00013779476526099723,10,0.0006234400000000001,0.00015707200189014518,10,0.0006234400000000001,0.00015707200189014518,10,0.0006234400000000001,0.00015707200189014518,10,0.0,0.0,10,0.0,0.0,0,,,0,,,0,,,0,,,0,,,0,,,0,,,0,,
baseline_3f,ekf,steady,10,591.0,0.0,10,0.0006017909137055838,5.6242302144055145e-05,10,0.00057708,2.9296598209803604e-05,10,0.0007412059999999997,0.00017452515891221336,10,0.0009277056000000004,0.00016026959704697582,10,0.00111859,0.0003445509878410193,10,0.0,0.0,10,0.0,0.0,10,0.0013533273265651435,9.522350678583345e-05,10,0.0013071299999999999,3.898384423208036e-05,10,0.0016018244999999993,0.00037833941935963913,10,0.0018909206000000008,0.0003595788411526894,10,0.00229445,0.0004766494338376769,10,0.0,0.0,10,0.0,0.0,10,0.0006668036040609136,3.21372609483506e-05,10,0.0006420699999999998,1.0110835771586786e-05,10,0.0007918814999999999,0.00017776577187489655,10,0.0009569280000000003,0.00016183015470822753,10,0.0011611899999999999,0.00012115484536557143,10,0.0,0.0,10,0.0,0.0,10,0.00068652372250423,6.410101770150118e-05,10,0.0006603900000000001,3.385693593801882e-05,10,0.0008368109999999998,0.00019730911123581364,10,0.0010375022000000005,0.0001938819794948578,10,0.0012618599999999998,0.00037911368626193274,10,0.0,0.0,10,0.0,0.0,10,0.00041853937394247036,3.923390070602002e-05,10,0.00039962,2.1162955055158688e-05,10,0.0005252874999999997,0.0001196728577843689,10,0.0006652676000000006,9.482797168229294e-05,10,0.0008043,0.00020330759399928415,10,0.0,0.0,10,0.0,0.0,0,,,0,,,0,,,0,,,0,,,0,,,0,,,0,,
baseline_3f,fgo,all,10,600.0,0.0,10,0.0008487562833333333,0.00014240272824226298,10,0.00082909,0.00017431957848860363,10,0.00108586,0.0002895355349521022,10,0.0012908,0.00030660604654471146,10,0.00157898,0.00029864733866031504,10,0.0,0.0,10,0.0,0.0,10,0.0016318185166666666,0.0002431243030802217,10,0.0016136349999999998,0.0003150243809347674,10,0.00196526,0.0005059862551932062,10,0.00225655,0.0004985721791052704,10,0.00274191,0.0005013118888365695,10,0.0,0.0,10,0.0,0.0,10,0.0006961112499999999,8.805209494283791e-05,10,0.0006891999999999998,0.00012379535981251935,10,0.0008246749999999999,0.00018815053407370976,10,0.000958735,0.00015226733262040595,10,0.0011346000000000001,0.0001113178831594957,10,0.0,0.0,10,0.0,0.0,10,0.0009357072666666668,0.00015519454961954152,10,0.000917455,0.000191967170876805,10,0.001190235,0.00032660641370343935,10,0.0014041099999999999,0.0003373914432821318,10,0.00172443,0.0003467408832415224,10,0.0,0.0,10,0.0,0.0,10,0.0006481270666666666,0.00010941806987312697,10,0.000629005,0.000129768234535438,10,0.00086266,0.00022827568712706424,10,0.00103147,0.0002486212393715924,10,0.00124669,0.00023177098107111393,10,0.0,0.0,10,0.0,0.0,10,5.081833333333333,0.048447820983246494,10,7.6,0.5163977794943222,10,0.0,0.0,10,0.0,0.0,10,0.0,0.0,10,0.0,0.0,10,2.0637346562413254e-06,1.1715900821192584e-07,10,9.976635648728224e-06,2.131206559582055e-08
baseline_3f,fgo,filling,10,9.0,0.0,10,0.0008918666666666667,0.00024784654402011755,10,0.00085367,0.00022111700798948554,10,0.0011527800000000002,0.0003630536011849123,10,0.0011527800000000002,0.0003630536011849123,10,0.0011527800000000002,0.0003630536011849123,10,0.0,0.0,10,0.0,0.0,10,0.0017016099999999999,0.0004004268360651572,10,0.0016575299999999997,0.00039438970025428753,10,0.00210073,0.0006149125900845133,10,0.00210073,0.0006149125900845133,10,0.00210073,0.0006149125900845133,10,0.0,0.0,10,0.0,0.0,10,0.0007133711111111111,0.00012627000032536375,10,0.0006935299999999998,0.0001135601852176486,10,0.0008283499999999999,0.00021017962820195295,10,0.0008283499999999999,0.00021017962820195295,10,0.0008283499999999999,0.00021017962820195295,10,0.0,0.0,10,0.0,0.0,10,0.000988238888888889,0.0002747277718921661,10,0.0009472800000000002,0.00025009969478856494,10,0.0012746099999999998,0.00040916883353126176,10,0.0012746099999999998,0.00040916883353126176,10,0.0012746099999999998,0.00040916883353126176,10,0.0,0.0,10,0.0,0.0,10,0.000667838888888889,0.00017185575149231307,10,0.00064311,0.0001552590627163373,10,0.0008871900000000002,0.0002668100591556973,10,0.0008871900000000002,0.0002668100591556973,10,0.0008871900000000002,0.0002668100591556973,10,0.0,0.0,10,0.0,0.0,10,4.722222222222223,0.18332398030762365,10,5.0,0.0,10,0.0,0.0,10,0.0,0.0,10,0.0,0.0,10,0.0,0.0,10,1.8373907265102325e-06,9.177240822126478e-07,10,6.522395320399847e-06,2.1538296347638236e-06
baseline_3f,fgo,steady,10,591.0,0.0,10,0.0008480997800338411,0.00014087638503439742,10,0.00082854,0.0001729158446566807,10,0.0010843369999999999,0.0002895901464253689,10,0.0012871812000000008,0.00030470238170924853,10,0.00157898,0.00029864733866031504,10,0.0,0.0,10,0.0,0.0,10,0.0016307557021996617,0.00024085179625304322,10,0.00161315,0.0003133339299639709,10,0.0019635439999999994,0.0005088289056079869,10,0.002252155100000001,0.0004909524911564935,10,0.00272734,0.0004692799358828611,10,0.0,0.0,10,0.0,0.0,10,0.0006958484094754652,8.750994274566744e-05,10,0.0006894799999999999,0.00012499680707033203,10,0.0008241235000000001,0.00018819304204061328,10,0.0009568439000000007,0.00015375268871538846,10,0.0011319700000000002,0.00010482385277746234,10,0.0,0.0,10,0.0,0.0,10,0.0009349072927241963,0.00015345987928651095,10,0.00091602,0.00018787077000486857,10,0.0011895314999999995,0.0003293164695669734,10,0.0014024582000000008,0.0003366761207506898,10,0.00171715,0.00033186708601152013,10,0.0,0.0,10,0.0,0.0,10,0.0006478268866328258,0.0001085301063533025,10,0.0006280400000000001,0.0001269647037565953,10,0.0008616394999999997,0.00022914471992425788,10,0.0010277325000000008,0.0002481580192503915,10,0.00124669,0.00023177098107111393,10,0.0,0.0,10,0.0,0.0,10,5.08730964467005,0.047985779478471706,10,7.6,0.5163977794943222,10,0.0,0.0,10,0.0,0.0,10,0.0,0.0,10,0.0,0.0,10,2.0671815181154035e-06,1.2281470442619184e-07,10,9.976635648728224e-06,2.131206559582055e-08
size_2f,cusum_ekf,all,10,600.0,0.0,10,0.0005643636166666666,2.9071299441164264e-05,10,0.000540055,5.418714997323818e-06,10,0.000696645,0.00013457818555686425,10,0.000833655,9.60465062410451e-05,10,0.0012390699999999999,6.098774102682895e-05,10,0.0,0.0,10,0.0,0.0,10,0.001090603183333333,5.9371552318587944e-05,10,0.0010470949999999996,9.959346531441343e-06,10,0.0013249199999999998,0.00030587766635989925,10,0.0015401999999999998,0.0002483300917014377,10,0.0019170300000000001,0.0001966444284037111,10,0.0,0.0,10,0.0,0.0,10,0.0004607177499999997,2.7244217408566693e-05,10,0.00044042999999999963,3.5403389668222804e-06,10,0.0005686249999999999,0.0001403729402737975,10,0.000658215,0.00012634699145606915,10,0.0007936,8.877271853196548e-05,10,0.0,0.0,10,0.0,0.0,10,0.0006298854333333333,3.226254534708693e-05,10,0.00060395,6.165044831773547e-06,10,0.00077772,0.0001506564767940629,10,0.0009220000000000001,0.00011071469339402668,10,0.00134344,8.411204432184494e-05,10,0.0,0.0,10,0.0,0.0,10,0.00025218304999999997,1.3906318694167981e-05,10,0.00024049500000000002,2.6131558188009686e-06,10,0.00031371,6.254246912654189e-05,10,0.00040461,3.551470587423377e-05,10,0.00047467000000000006,5.109351013365375e-05,10,0.0,0.0,10,0.0,0.0,0,,,0,,,0,,,0,,,0,,,0,,,0,,,0,,
size_2f,cusum_ekf,filling,10,9.0,0.0,10,0.0006271366666666667,1.1309533288773518e-05,10,0.0005474599999999999,7.394772928675121e-06,10,0.00121537,3.50506633318115e-05,10,0.00121537,3.50506633318115e-05,10,0.00121537,3.50506633318115e-05,10,0.0,0.0,10,0.0,0.0,10,0.0011480011111111108,9.259542884544845e-06,10,0.0010660499999999996,1.1683820722121159e-05,10,0.00179029,4.9308427271613526e-05,10,0.00179029,4.9308427271613526e-05,10,0.00179029,4.9308427271613526e-05,10,0.0,0.0,10,0.0,0.0,10,0.0004530466666666664,6.112870229417723e-06,10,0.0004472399999999997,4.147609753420267e-06,10,0.0004905899999999997,2.2699899657144894e-05,10,0.0004905899999999997,2.2699899657144894e-05,10,0.0004905899999999997,2.2699899657144894e-05,10,0.0,0.0,10,0.0,0.0,10,0.0006949544444444444,1.128850058873355e-05,10,0.00061365,1.0275780586732395e-05,10,0.00130882,4.4331674154416156e-05,10,0.00130882,4.4331674154416156e-05,10,0.00130882,4.4331674154416156e-05,10,0.0,0.0,10,0.0,0.0,10,0.0002560233333333333,4.12961285497342e-06,10,0.00024421999999999996,3.7711772403027978e-06,10,0.00033419,1.010956093122853e-05,10,0.00033419,1.010956093122853e-05,10,0.00033419,1.010956093122853e-05,10,0.0,0.0,10,0.0,0.0,0,,,0,,,0,,,0,,,0,,,0,,,0,,,0,,
size_2f,cusum_ekf,steady,10,591.0,0.0,10,0.000563407681895093,2.9400802628197588e-05,10,0.0005399399999999999,5.430203597574485e-06,10,0.0006945394999999999,0.00013546423151211058,10,0.0008269752000000002,9.909255301406071e-05,10,0.0010209200000000002,0.00017771296332381984,10,0.0,0.0,10,0.0,0.0,10,0.0010897291032148895,6.018633902956059e-05,10,0.0010467399999999998,9.944311606809832e-06,10,0.0013233174999999996,0.00030642879712413544,10,0.0015185279000000005,0.00025863566634444154,10,0.00183759,0.00027521414066545034,10,0.0,0.0,10,0.0,0.0,10,0.00046083456852791845,2.7689836675153576e-05,10,0.00044036999999999955,3.755011466175733e-06,10,0.0005687879999999998,0.00014041335153752298,10,0.0006590295000000002,0.0001262767970709584,10,0.0007936,8.877271853196548e-05,10,0.0,0.0,10,0.0,0.0,10,0.0006288945346869712,3.2631469124740546e-05,10,0.00060379,6.160167746633717e-06,10,0.0007752814999999996,0.0001509691598942205,10,0.0009110932000000003,0.00011525960841393359,10,0.00113001,0.0002049665091884255,10,0.0,0.0,10,0.0,0.0,10,0.00025212456852791875,1.4074499021442235e-05,10,0.00024044000000000002,2.633206748012356e-06,10,0.0003133604999999999,6.275424206334142e-05,10,0.00040504920000000017,3.564020134249156e-05,10,0.00047467000000000006,5.109351013365375e-05,10,0.0,0.0,10,0.0,0.0,0,,,0,,,0,,,0,,,0,,,0,,,0,,,0,,
size_2f,cusum_fgo,all,10,600.0,0.0,10,0.01157383045,0.0006636456249280224,10,0.011133575000000001,9.843467165248931e-05,10,0.015120900000000001,0.0019343943022731077,10,0.018493444999999997,0.0033597322396989055,10,0.021688970000000002,0.004096916741499366,10,0.0,0.0,10,0.0,0.0,10,0.012130514883333334,0.0007093157113568799,10,0.01166282,0.00010267708064066187,10,0.015785305,0.002141004716696501,10,0.019117275000000003,0.0034832767915865593,10,0.02232468,0.004156284985363198,10,0.0,0.0,10,0.0,0.0,10,0.00048500021666666646,3.837948512319177e-05,10,0.0004576099999999998,7.405133354639882e-06,10,0.00060522,0.00015616944536837765,10,0.0007599150000000001,0.00013697509516129,10,0.00090886,0.00017647230944258652,10,0.0,0.0,10,0.0,0.0,10,0.011645514666666669,0.0006714409456404091,10,0.011200489999999999,9.90549252799788e-05,10,0.015205749999999999,0.001962116098615075,10,0.018571265,0.003382706942101087,10,0.02177591,0.0041116640374130225,10,0.0,0.0,10,0.0,0.0,10,0.011204081033333334,0.0006131781249452874,10,0.010795385000000001,9.64252158410862e-05,10,0.014687909999999998,0.001775922085659541,10,0.018042355000000003,0.0031925896222041368,10,0.021218619999999997,0.003975416603968836,10,0.0,0.0,10,0.0,0.0,10,5.218166666666667,0.048651253266945214,10,11.6,1.07496769977314,10,0.0,0.0,10,0.0,0.0,10,0.0,0.0,10,0.0,0.0,10,1.4399490196004318e-06,2.1630432186268368e-07,10,9.90117681515708e-06,1.0230117121913022e-07
size_2f,cusum_fgo,filling,10,9.0,0.0,10,0.004462098888888889,0.00015601416817322025,10,0.0039043899999999998,0.0002080030472533195,10,0.00953595,0.00017347174121452757,10,0.00953595,0.00017347174121452757,10,0.00953595,0.00017347174121452757,10,0.0,0.0,10,0.0,0.0,10,0.004995625555555555,0.00017288013283946156,10,0.00441442,0.00020793405364842653,10,0.010061049999999998,0.00018220616070813815,10,0.010061049999999998,0.00018220616070813815,10,0.010061049999999998,0.00018220616070813815,10,0.0,0.0,10,0.0,0.0,10,0.0004626855555555553,2.0430612638504976e-05,10,0.0004531499999999997,7.641734823396604e-06,10,0.00052887,0.00010487158337700449,10,0.00052887,0.00010487158337700449,10,0.00052887,0.00010487158337700449,10,0.0,0.0,10,0.0,0.0,10,0.00453294,0.00015665153085102517,10,0.003971239999999999,0.00020943287548361015,10,0.0096012,0.0001738659189656724,10,0.0096012,0.0001738659189656724,10,0.0096012,0.0001738659189656724,10,0.0,0.0,10,0.0,0.0,10,0.004059527777777777,0.00014432909765309008,10,0.0035618900000000003,0.00021194446049220856,10,0.00919964,0.00016221308482637528,10,0.00919964,0.00016221308482637528,10,0.00919964,0.00016221308482637528,10,0.0,0.0,10,0.0,0.0,10,4.655555555555557,0.2983723564610789,10,5.0,0.0,10,0.0,0.0,10,0.0,0.0,10,0.0,0.0,10,0.0,0.0,10,1.482044549397412e-06,1.4368426142509769e-06,10,4.426526492521414e-06,3.637023495177778e-06
size_2f,cusum_fgo,steady,10,591.0,0.0,10,0.011682130930626058,0.0006743048231613217,10,0.011141790000000002,0.00010853064544173667,10,0.015145784999999995,0.0019514189123344735,10,0.018542303300000017,0.003434258404784838,10,0.021688970000000002,0.004096916741499366,10,0.0,0.0,10,0.0,0.0,10,0.012239168020304569,0.0007207160058578956,10,0.011671899999999999,0.00011368796476906993,10,0.015815342499999992,0.0021383164761393874,10,0.019162065300000013,0.0035594092168036336,10,0.02232468,0.004156284985363198,10,0.0,0.0,10,0.0,0.0,10,0.0004853400338409473,3.902863631104665e-05,10,0.00045777999999999975,7.691958282662688e-06,10,0.0006058929999999998,0.00015685196230487173,10,0.0007562470000000007,0.00013900906067431518,10,0.00090565,0.00017853800249059958,10,0.0,0.0,10,0.0,0.0,10,0.011753827986463622,0.0006822151067439377,10,0.011208489999999998,0.00010794539205851574,10,0.015229555,0.0019779624721021466,10,0.018620267300000017,0.0034577674044163195,10,0.02177591,0.0041116640374130225,10,0.0,0.0,10,0.0,0.0,10,0.011312881336717427,0.000622932208096594,10,0.010800810000000001,9.804221823049262e-05,10,0.014710247999999995,0.0017959492373041397,10,0.018085791700000013,0.0032614367164562033,10,0.021218619999999997,0.003975416603968836,10,0.0,0.0,10,0.0,0.0,10,5.22673434856176,0.05115470882514714,10,11.6,1.07496769977314,10,0.0,0.0,10,0.0,0.0,10,0.0,0.0,10,0.0,0.0,10,1.4393079709233206e-06,2.2031102316110323e-07,10,9.90117681515708e-06,1.0230117121913022e-07
size_2f,ekf,all,10,600.0,0.0,10,0.00039363535000000005,6.618320591148646e-06,10,0.00038181500000000003,3.188264069643185e-06,10,0.000468235,5.8223325079673454e-05,10,0.00059716,4.197282718881612e-05,10,0.00070914,0.00014634922616809425,10,0.0,0.0,10,0.0,0.0,10,0.0009086308666666664,1.2729180376376185e-05,10,0.0008862799999999997,5.536053548231695e-06,10,0.0010477999999999998,9.0091931442894e-05,10,0.0012544350000000001,0.00015754518760942505,10,0.00149745,0.0002357782915744743,10,0.0,0.0,10,0.0,0.0,10,0.000451285933333333,5.528821250032842e-06,10,0.00043956499999999967,2.4727458871105786e-06,10,0.0005183549999999999,4.7051959753730524e-05,10,0.0006328049999999998,8.888767709243448e-05,10,0.0007808,8.889764401327575e-05,10,0.0,0.0,10,0.0,0.0,10,0.00045734493333333324,7.777954897268999e-06,10,0.0004443600000000001,4.1670533153936675e-06,10,0.0005415800000000001,5.8176251359315205e-05,10,0.000683035,5.492108505240345e-05,10,0.00081813,0.00016282094493986674,10,0.0,0.0,10,0.0,0.0,10,0.0002471138833333333,4.186133373125198e-06,10,0.00023824000000000002,1.749888885361329e-06,10,0.000302635,3.549118865609071e-05,10,0.000400005,2.726574417754916e-05,10,0.0004711600000000001,5.947154688495068e-05,10,0.0,0.0,10,0.0,0.0,0,,,0,,,0,,,0,,,0,,,0,,,0,,,0,,
size_2f,ekf,filling,10,9.0,0.0,10,0.00044029444444444455,4.610714582087686e-05,10,0.00042339000000000005,7.241249815390219e-05,10,0.0005841900000000001,4.704986598162518e-05,10,0.0005841900000000001,4.704986598162518e-05,10,0.0005841900000000001,4.704986598162518e-05,10,0.0,0.0,10,0.0,0.0,10,0.0009906611111111109,0.00010991803371513916,10,0.0009616099999999997,0.00013615227137290083,10,0.0012353499999999999,0.0001612245862833032,10,0.0012353499999999999,0.0001612245862833032,10,0.0012353499999999999,0.0001612245862833032,10,0.0,0.0,10,0.0,0.0,10,0.000479862222222222,5.626865627516223e-05,10,0.0004630699999999997,4.995124400630864e-05,10,0.00057266,0.00012141323559553882,10,0.00057266,0.00012141323559553882,10,0.00057266,0.00012141323559553882,10,0.0,0.0,10,0.0,0.0,10,0.000510798888888889,5.4273140545176565e-05,10,0.0004928999999999999,8.546125827921484e-05,10,0.0006745499999999999,4.8044175274197184e-05,10,0.0006745499999999999,4.8044175274197184e-05,10,0.0006745499999999999,4.8044175274197184e-05,10,0.0,0.0,10,0.0,0.0,10,0.00027905666666666666,3.0151660296834292e-05,10,0.00026369,4.6817694897928874e-05,10,0.00038272999999999996,5.5707251672371054e-05,10,0.00038272999999999996,5.5707251672371054e-05,10,0.00038272999999999996,5.5707251672371054e-05,10,0.0,0.0,10,0.0,0.0,0,,,0,,,0,,,0,,,0,,,0,,,0,,,0,,
size_2f,ekf,steady,10,591.0,0.0,10,0.0003929248054145516,6.127951219089033e-06,10,0.00038164000000000004,3.1612936873656393e-06,10,0.00046180199999999976,4.845675014324039e-05,10,0.0005947024000000003,4.35782938022028e-05,10,0.0007064399999999999,0.00014782366522312994,10,0.0,0.0,10,0.0,0.0,10,0.0009073816751269031,1.1456497667740187e-05,10,0.0008858499999999997,5.579575850068397e-06,10,0.0010256104999999995,4.464211548215692e-05,10,0.0012479424000000003,0.00015853693051301622,10,0.00149745,0.0002357782915744743,10,0.0,0.0,10,0.0,0.0,10,0.0004508507614213194,4.925978402801441e-06,10,0.0004394899999999997,2.4601038821788166e-06,10,0.0005144479999999997,3.714767834827196e-05,10,0.0006299599000000002,8.705604786757925e-05,10,0.0007808,8.889764401327575e-05,10,0.0,0.0,10,0.0,0.0,10,0.0004565309137055837,7.194696509058536e-06,10,0.00044419999999999996,4.198147739711452e-06,10,0.000534398,4.971292863363927e-05,10,0.0006820984000000005,5.679427068561689e-05,10,0.0008158400000000002,0.000164695349728589,10,0.0,0.0,10,0.0,0.0,10,0.0002466274450084602,3.8562739462662275e-06,10,0.00023816,1.7417743188420782e-06,10,0.00029817749999999996,3.449858227763374e-05,10,0.0003988785000000004,2.749654179569179e-05,10,0.00046792000000000003,5.786011483646474e-05,10,0.0,0.0,10,0.0,0.0,0,,,0,,,0,,,0,,,0,,,0,,,0,,,0,,
size_2f,fgo,all,10,600.0,0.0,10,0.0005724296999999999,1.213177716231428e-05,10,0.0005574050000000001,7.294649865940575e-06,10,0.0007156700000000001,4.7517459948949274e-05,10,0.0008882849999999999,0.00010224050635090231,10,0.0010678200000000001,0.0001030690146347474,10,0.0,0.0,10,0.0,0.0,10,0.0010945318833333333,1.7291499801970455e-05,10,0.0010683799999999999,1.0118305743112858e-05,10,0.0012736049999999997,7.204258559275125e-05,10,0.00160284,0.0002321059741200606,10,0.00185723,0.0002036072529269143,10,0.0,0.0,10,0.0,0.0,10,0.0004583493999999998,5.2530805255019315e-06,10,0.0004452999999999997,2.155483962155892e-06,10,0.0005292249999999999,3.0365278508337345e-05,10,0.0006930899999999999,0.00011117809986183823,10,0.00079627,7.84551400483103e-05,10,0.0,0.0,10,0.0,0.0,10,0.0006361824833333333,1.3063346595508487e-05,10,0.00061893,8.173609293873113e-06,10,0.0007825099999999999,4.9736102469824556e-05,10,0.00096942,0.00011650622348660658,10,0.0011696200000000001,0.00010973067838019494,10,0.0,0.0,10,0.0,0.0,10,0.0004133033333333333,1.005586191645033e-05,10,0.000399185,9.464760664932026e-06,10,0.00053516,3.499961745822692e-05,10,0.0006778199999999999,7.531101144218186e-05,10,0.00081613,9.36753026861047e-05,10,0.0,0.0,10,0.0,0.0,10,4.5713333333333335,0.04333190880849415,10,7.2,0.4216370213557839,10,0.0,0.0,10,0.0,0.0,10,0.0,0.0,10,0.0,0.0,10,2.1525959231761092e-06,9.500883944479558e-08,10,9.908642000792964e-06,7.257670157994076e-08
size_2f,fgo,filling,10,9.0,0.0,10,0.0005851266666666666,2.0332898329017488e-05,10,0.0005578299999999999,1.7997657254950332e-05,10,0.00074555,6.63273908560994e-05,10,0.00074555,6.63273908560994e-05,10,0.00074555,6.63273908560994e-05,10,0.0,0.0,10,0.0,0.0,10,0.0011198788888888884,3.5118728447816774e-05,10,0.0010816599999999995,2.2593715940499948e-05,10,0.0013325799999999999,7.798116296758967e-05,10,0.0013325799999999999,7.798116296758967e-05,10,0.0013325799999999999,7.798116296758967e-05,10,0.0,0.0,10,0.0,0.0,10,0.0004665011111111109,1.533835259591635e-05,10,0.0004537099999999998,6.286219496291553e-06,10,0.0005288199999999999,5.596137159783635e-05,10,0.0005288199999999999,5.596137159783635e-05,10,0.0005288199999999999,5.596137159783635e-05,10,0.0,0.0,10,0.0,0.0,10,0.0006533777777777779,2.1162093734984884e-05,10,0.00062556,2.008665670981058e-05,10,0.0008366399999999999,7.330936274901497e-05,10,0.0008366399999999999,7.330936274901497e-05,10,0.0008366399999999999,7.330936274901497e-05,10,0.0,0.0,10,0.0,0.0,10,0.00041694777777777776,1.6440541787487363e-05,10,0.0003959,1.8556640021536477e-05,10,0.00052688,4.7023677251170204e-05,10,0.00052688,4.7023677251170204e-05,10,0.00052688,4.7023677251170204e-05,10,0.0,0.0,10,0.0,0.0,10,4.3,0.12883353430315633,10,5.0,0.0,10,0.0,0.0,10,0.0,0.0,10,0.0,0.0,10,0.0,0.0,10,2.1319320539564908e-06,7.847412034648488e-07,10,7.255164696513171e-06,2.0316434165801368e-06
size_2f,fgo,steady,10,591.0,0.0,10,0.000572236345177665,1.2165417458302111e-05,10,0.00055744,7.299193258314391e-06,10,0.0007153689999999996,4.6935728679404e-05,10,0.0008871394000000002,0.00010510076281169405,10,0.0010678200000000001,0.0001030690146347474,10,0.0,0.0,10,0.0,0.0,10,0.0010941458883248728,1.7333904189841518e-05,10,0.0010683099999999998,1.0159992344704082e-05,10,0.0012713179999999991,7.012500719746423e-05,10,0.0016023960000000003,0.0002358848860680425,10,0.00185723,0.0002036072529269143,10,0.0,0.0,10,0.0,0.0,10,0.0004582252622673432,5.290795738602718e-06,10,0.0004451699999999998,2.1929432277193033e-06,10,0.0005299589999999996,3.0051477944797597e-05,10,0.0006911266000000003,0.00011395163758191422,10,0.00079627,7.84551400483103e-05,10,0.0,0.0,10,0.0,0.0,10,0.0006359206260575296,1.3107917012933583e-05,10,0.00061882,8.31809273010745e-06,10,0.0007816654999999997,4.924433596589766e-05,10,0.0009693121000000006,0.00011884407605434583,10,0.0011696200000000001,0.00010973067838019494,10,0.0,0.0,10,0.0,0.0,10,0.00041324783417935704,1.0089582297450495e-05,10,0.00039912000000000004,9.553917172203946e-06,10,0.0005363619999999996,3.5155250690488616e-05,10,0.0006789630000000005,7.558353764176733e-05,10,0.00081613,9.36753026861047e-05,10,0.0,0.0,10,0.0,0.0,10,4.575465313028765,0.044442511861006354,10,7.2,0.4216370213557839,10,0.0,0.0,10,0.0,0.0,10,0.0,0.0,10,0.0,0.0,10,2.152910601387576e-06,9.538779462964565e-08,10,9.908642000792964e-06,7.257670157994076e-08
size_5f,cusum_ekf,all,10,600.0,0.0,10,0.0016344749333333335,2.649202550433286e-05,10,0.0015834,7.755858001106833e-06,10,0.0019228749999999999,0.0003579507587566263,10,0.0025666050000000004,0.00029354747718403416,10,0.00326577,8.224590567317022e-05,10,0.0,0.0,10,0.0,0.0,10,0.002852553616666667,4.754475885805585e-05,10,0.0027790249999999996,9.97104836792785e-06,10,0.0033227449999999998,0.0006661600468564426,10,0.00432418,0.0005451608428304032,10,0.004951120000000001,0.0003838662174363472,10,0.0,0.0,10,0.0,0.0,10,0.0010939916166666666,2.055126776150916e-05,10,0.0010617999999999995,6.294662642094334e-06,10,0.0012875699999999996,0.0002697890144785984,10,0.00168326,0.00020612035157483458,10,0.00192104,0.0002019769744852671,10,0.0,0.0,10,0.0,0.0,10,0.0017585619999999995,2.830013796546213e-05,10,0.001705315,8.303916412017746e-06,10,0.00206376,0.00038503856646661605,10,0.00274852,0.00031170257921436735,10,0.0034224299999999997,8.359371387849695e-05,10,0.0,0.0,10,0.0,0.0,10,0.0008743162166666666,1.6063608294675015e-05,10,0.0008467700000000002,5.843049051841172e-06,10,0.0010805950000000002,0.00019167893504213988,10,0.00138376,0.0001538611040300092,10,0.00158698,0.000122509054540652,10,0.0,0.0,10,0.0,0.0,0,,,0,,,0,,,0,,,0,,,0,,,0,,,0,,
size_5f,cusum_ekf,filling,10,9.0,0.0,10,0.001814551111111111,4.593724179588331e-05,10,0.00161947,3.9859894909824114e-05,10,0.00326577,8.224590567317022e-05,10,0.00326577,8.224590567317022e-05,10,0.00326577,8.224590567317022e-05,10,0.0,0.0,10,0.0,0.0,10,0.0030451966666666663,7.122603792671607e-05,10,0.00283722,6.31361104633826e-05,10,0.004626610000000001,0.00013682830644440688,10,0.004626610000000001,0.00013682830644440688,10,0.004626610000000001,0.00013682830644440688,10,0.0,0.0,10,0.0,0.0,10,0.0011031944444444442,2.5553267342539393e-05,10,0.0010856999999999998,2.596386377683846e-05,10,0.00124154,0.00011675425474045902,10,0.00124154,0.00011675425474045902,10,0.00124154,0.00011675425474045902,10,0.0,0.0,10,0.0,0.0,10,0.0019420022222222221,5.0777527027503126e-05,10,0.00174133,4.304493904953022e-05,10,0.0034224299999999997,8.359371387849695e-05,10,0.0034224299999999997,8.359371387849695e-05,10,0.0034224299999999997,8.359371387849695e-05,10,0.0,0.0,10,0.0,0.0,10,0.0008862144444444445,3.35584648603897e-05,10,0.00086462,1.9457749099009382e-05,10,0.00101527,0.00010338060262931338,10,0.00101527,0.00010338060262931338,10,0.00101527,0.00010338060262931338,10,0.0,0.0,10,0.0,0.0,0,,,0,,,0,,,0,,,0,,,0,,,0,,,0,,
size_5f,cusum_ekf,steady,10,591.0,0.0,10,0.0016317326565143825,2.6761852117150102e-05,10,0.0015830199999999999,7.963918633436608e-06,10,0.0019181094999999998,0.0003580173484425489,10,0.0025206553000000015,0.0003023627882855112,10,0.0029051,0.00021225866819101218,10,0.0,0.0,10,0.0,0.0,10,0.002849619966159052,4.8024158969111454e-05,10,0.0027785500000000003,1.0132264197985377e-05,10,0.0033072664999999985,0.0006759811116076224,10,0.004227383800000003,0.0005819394612482934,10,0.0048604,0.0004958646522321727,10,0.0,0.0,10,0.0,0.0,10,0.0010938514720812182,2.0758224761101244e-05,10,0.0010615399999999997,6.427060845449613e-06,10,0.0012876309999999996,0.00027187236593666496,10,0.001685277800000001,0.00020546872144862658,10,0.00192104,0.0002019769744852671,10,0.0,0.0,10,0.0,0.0,10,0.0017557684940778344,2.859370941390176e-05,10,0.0017050700000000002,8.49575711098712e-06,10,0.0020575324999999997,0.0003857881426324989,10,0.002696103200000002,0.00032263062995692096,10,0.00310331,0.00021666532025222673,10,0.0,0.0,10,0.0,0.0,10,0.0008741350253807106,1.6297153389734735e-05,10,0.00084659,5.928546758411078e-06,10,0.0010808819999999998,0.0001917752665839194,10,0.0013857454000000006,0.00015363064780483514,10,0.00158698,0.000122509054540652,10,0.0,0.0,10,0.0,0.0,0,,,0,,,0,,,0,,,0,,,0,,,0,,,0,,
size_5f,cusum_fgo,all,10,600.0,0.0,10,0.040958107416666674,0.0005557319667037039,10,0.04014865499999999,0.0001235540669999255,10,0.047560825,0.0032706161159507335,10,0.053310035,0.005936005529490256,10,0.06184171000000001,0.007375741755910988,10,0.0,0.0,10,0.0,0.0,10,0.0422191052,0.0005780755424763545,10,0.041378269999999995,0.00011354365582355584,10,0.048942315,0.0035065312145932297,10,0.05490969,0.00619196860729912,10,0.06376435,0.007522451209582921,10,0.0,0.0,10,0.0,0.0,10,0.0011214777666666666,2.2078968081372662e-05,10,0.0010825549999999998,5.284907757000056e-06,10,0.001370125,0.0002152504732863556,10,0.0017617499999999999,0.00021034177611158877,10,0.00214088,0.00015929177142729134,10,0.0,0.0,10,0.0,0.0,10,0.04109762743333333,0.0005587813104108478,10,0.040285535,0.0001220039936732507,10,0.047715745,0.003296525815616766,10,0.053483825000000006,0.0059635394520112335,10,0.06205588999999999,0.007402417381346899,10,0.0,0.0,10,0.0,0.0,10,0.0400278511,0.0005346798984707853,10,0.039253794999999994,0.00012178844236808667,10,0.04650888,0.003124610910728635,10,0.05207939500000001,0.005785907242336042,10,0.060428760000000005,0.0072428730277425135,10,0.0,0.0,10,0.0,0.0,10,5.182666666666667,0.02917804011052428,10,6.6,0.6992058987801011,10,0.0,0.0,10,0.0,0.0,10,0.0,0.0,10,0.0,0.0,10,2.389666135480048e-06,2.01484830042241e-07,10,9.702056176369149e-06,3.624825898949595e-07
size_5f,cusum_fgo,filling,10,9.0,0.0,10,0.01340411,0.00027062251446379203,10,0.011053219999999999,0.00043465955975785145,10,0.030355699999999996,0.0012753775449733393,10,0.030355699999999996,0.0012753775449733393,10,0.030355699999999996,0.0012753775449733393,10,0.0,0.0,10,0.0,0.0,10,0.01463893,0.0002742754312910226,10,0.01226823,0.0004323155510349666,10,0.03158367,0.0012607794573640206,10,0.03158367,0.0012607794573640206,10,0.03158367,0.0012607794573640206,10,0.0,0.0,10,0.0,0.0,10,0.0011068511111111108,2.988548248063168e-05,10,0.0010913299999999997,1.4735750178845078e-05,10,0.00121855,0.00021572565010010095,10,0.00121855,0.00021572565010010095,10,0.00121855,0.00021572565010010095,10,0.0,0.0,10,0.0,0.0,10,0.013532078888888887,0.0002706969902559083,10,0.01117866,0.0004317323455825642,10,0.03048034,0.0012736191007431455,10,0.03048034,0.0012736191007431455,10,0.03048034,0.0012736191007431455,10,0.0,0.0,10,0.0,0.0,10,0.012449392222222222,0.0002454277398229925,10,0.01026406,0.00035985967079775244,10,0.029538219999999997,0.0012673458782475723,10,0.029538219999999997,0.0012673458782475723,10,0.029538219999999997,0.0012673458782475723,10,0.0,0.0,10,0.0,0.0,10,5.0,0.09072184232530281,10,5.1,0.31622776601683794,10,0.0,0.0,10,0.0,0.0,10,0.0,0.0,10,0.0,0.0,10,1.3514802424529587e-06,1.010799729754781e-06,10,2.866999293711663e-06,2.038118521392189e-06
size_5f,cusum_fgo,steady,10,591.0,0.0,10,0.041377711438240275,0.0005624347066206995,10,0.04016478,0.00012530582854227746,10,0.047623577499999986,0.003306441506374961,10,0.05340674090000004,0.00598344901448748,10,0.06184171000000001,0.007375741755910988,10,0.0,0.0,10,0.0,0.0,10,0.0426391078680203,0.0005848403141846339,10,0.04139085,0.00011636720853497333,10,0.049016524499999985,0.003557378726558237,10,0.05501787540000004,0.006243718314871647,10,0.06376435,0.007522451209582921,10,0.0,0.0,10,0.0,0.0,10,0.001121700507614213,2.2182469671053712e-05,10,0.0010824599999999997,5.355620101040334e-06,10,0.0013750519999999992,0.00021602101690704897,10,0.0017640198000000006,0.0002094533202462487,10,0.00214088,0.00015929177142729134,10,0.0,0.0,10,0.0,0.0,10,0.041517407360406086,0.0005655475108136629,10,0.04029861,0.00012437968260308602,10,0.04778593149999999,0.003335404412968574,10,0.05358158390000004,0.006011998755880007,10,0.06205588999999999,0.007402417381346899,10,0.0,0.0,10,0.0,0.0,10,0.04044782763113368,0.00054111728186618,10,0.03926714,0.00012105276351886965,10,0.046580367,0.0031887836374053947,10,0.052170810700000035,0.0058326288689735575,10,0.060428760000000005,0.0072428730277425135,10,0.0,0.0,10,0.0,0.0,10,5.185448392554991,0.02906952933639447,10,6.6,0.6992058987801011,10,0.0,0.0,10,0.0,0.0,10,0.0,0.0,10,0.0,0.0,10,2.4054760729373132e-06,2.042711821795459e-07,10,9.702056176369149e-06,3.624825898949595e-07
size_5f,ekf,all,10,600.0,0.0,10,0.0011401023500000002,4.796985379770454e-05,10,0.0010913099999999998,9.822502509826893e-06,10,0.001380375,0.00024108002503779163,10,0.0017597600000000002,0.0001897670264649087,10,0.00200499,0.0001730261666145712,10,0.0,0.0,10,0.0,0.0,10,0.0023461512833333337,0.00010952826391043933,10,0.00226265,3.232476690643793e-05,10,0.00276126,0.0005532695288514954,10,0.003360685,0.0005142929083541141,10,0.0038386799999999997,0.000291416707368218,10,0.0,0.0,10,0.0,0.0,10,0.0010814842833333333,5.6959836178501936e-05,10,0.00104176,2.300474347221058e-05,10,0.001279765,0.00026662009598553014,10,0.001550525,0.00025773070490339327,10,0.0018166199999999997,0.00016910152637460792,10,0.0,0.0,10,0.0,0.0,10,0.001264667,5.377735872162251e-05,10,0.0012127449999999999,1.0640657091238917e-05,10,0.0015225899999999999,0.00026825762058141047,10,0.001933375,0.00021207823667746345,10,0.00220198,0.00023431460712279784,10,0.0,0.0,10,0.0,0.0,10,0.0008854241000000002,3.528619170004879e-05,10,0.0008451049999999999,6.83201003447087e-06,10,0.001093765,0.0001780741590992048,10,0.0013805599999999999,0.00014125320605997666,10,0.00157131,7.211035447300355e-05,10,0.0,0.0,10,0.0,0.0,0,,,0,,,0,,,0,,,0,,,0,,,0,,,0,,
size_5f,ekf,filling,10,9.0,0.0,10,0.0011762177777777777,7.3957322287183e-05,10,0.00112254,1.9573519526816492e-05,10,0.00143297,0.0002284077788615012,10,0.00143297,0.0002284077788615012,10,0.00143297,0.0002284077788615012,10,0.0,0.0,10,0.0,0.0,10,0.0024055766666666667,0.0001654506727554359,10,0.0023160600000000004,4.321394322309505e-05,10,0.00281644,0.00042113961052785766,10,0.00281644,0.00042113961052785766,10,0.00281644,0.00042113961052785766,10,0.0,0.0,10,0.0,0.0,10,0.00110159,8.9740904823989e-05,10,0.00105231,3.430080821853095e-05,10,0.0012820700000000002,0.00023907749115669136,10,0.0012820700000000002,0.00023907749115669136,10,0.0012820700000000002,0.00023907749115669136,10,0.0,0.0,10,0.0,0.0,10,0.0013039866666666666,7.944776506916728e-05,10,0.00124407,2.1883278750883928e-05,10,0.00159259,0.00023736363313139053,10,0.00159259,0.00023736363313139053,10,0.00159259,0.00023736363313139053,10,0.0,0.0,10,0.0,0.0,10,0.0009044444444444444,5.799226995458617e-05,10,0.0008665400000000001,1.5718580654046913e-05,10,0.0010911500000000001,0.00018900575094131102,10,0.0010911500000000001,0.00018900575094131102,10,0.0010911500000000001,0.00018900575094131102,10,0.0,0.0,10,0.0,0.0,0,,,0,,,0,,,0,,,0,,,0,,,0,,,0,,
size_5f,ekf,steady,10,591.0,0.0,10,0.0011395523688663282,4.769455544482727e-05,10,0.00109081,9.433327444050018e-06,10,0.0013785254999999995,0.00024270592608763295,10,0.001757530100000001,0.00019156226585308138,10,0.00200499,0.0001730261666145712,10,0.0,0.0,10,0.0,0.0,10,0.002345246328257191,0.00010878310448297009,10,0.00226218,3.240345660573854e-05,10,0.0027555615,0.0005554128102994402,10,0.0033567881000000008,0.0005210416113722904,10,0.0038386799999999997,0.000291416707368218,10,0.0,0.0,10,0.0,0.0,10,0.0010811781049069372,5.649787818688857e-05,10,0.00104166,2.2963071803804036e-05,10,0.0012793224999999998,0.0002669503404739666,10,0.001552903700000001,0.0002565295315570895,10,0.0018166199999999997,0.00016910152637460792,10,0.0,0.0,10,0.0,0.0,10,0.0012640682233502538,5.3494478488506094e-05,10,0.00121224,1.0438199078385061e-05,10,0.0015195639999999997,0.0002701755702810057,10,0.0019305490000000012,0.00021494247758463696,10,0.00220198,0.00023431460712279784,10,0.0,0.0,10,0.0,0.0,10,0.0008851344500846025,3.507154688402496e-05,10,0.0008447400000000001,6.6119756670924125e-06,10,0.0010937784999999998,0.00017806577804673444,10,0.0013809201000000006,0.0001409519723605249,10,0.00157131,7.211035447300355e-05,10,0.0,0.0,10,0.0,0.0,0,,,0,,,0,,,0,,,0,,,0,,,0,,,0,,
size_5f,fgo,all,10,600.0,0.0,10,0.0014433484166666666,1.7337289872377055e-05,10,0.001365965,7.862641978933592e-06,10,0.00186614,0.00012663297973101458,10,0.00223332,0.00021256886622666275,10,0.0026741299999999994,0.00032266178043820985,10,0.0,0.0,10,0.0,0.0,10,0.002659803783333333,2.821653659308588e-05,10,0.0025770699999999994,1.3578275131825632e-05,10,0.003183825,0.00034526625494762095,10,0.0037385599999999997,0.0005013915141328624,10,0.0044149,0.0005014878352352021,10,0.0,0.0,10,0.0,0.0,10,0.0010941565666666663,1.1667517598385795e-05,10,0.0010680449999999997,4.2543082738431196e-06,10,0.0012613549999999998,0.00018685151777399203,10,0.00153661,0.00021331312248012838,10,0.0018107600000000002,0.00014879918757245352,10,0.0,0.0,10,0.0,0.0,10,0.0015656472166666667,1.8487844847667337e-05,10,0.0014874999999999999,7.6200393699770956e-06,10,0.001993725,0.00014108362226786722,10,0.00238748,0.00022242743785583457,10,0.00284442,0.0003436341749916941,10,0.0,0.0,10,0.0,0.0,10,0.00118183945,1.549088280905941e-05,10,0.001105155,6.779112118198898e-06,10,0.0015865,0.00010033637592285926,10,0.0018855500000000002,0.0001601339664850097,10,0.00228153,0.00028532808425857186,10,0.0,0.0,10,0.0,0.0,10,5.338333333333333,0.0506622805119022,10,9.2,0.7888106377466155,10,0.0,0.0,10,0.0,0.0,10,0.0,0.0,10,0.0,0.0,10,1.7951569383581357e-06,1.0090830389634007e-07,10,9.875187102563368e-06,1.2834353314254882e-07
size_5f,fgo,filling,10,9.0,0.0,10,0.0014049099999999999,3.9854174670705764e-05,10,0.0013709599999999998,2.5660224299703846e-05,10,0.0016495300000000002,0.00010215281635319157,10,0.0016495300000000002,0.00010215281635319157,10,0.0016495300000000002,0.00010215281635319157,10,0.0,0.0,10,0.0,0.0,10,0.0026266599999999994,4.2693354629174434e-05,10,0.00258007,4.9927415092089226e-05,10,0.0029704600000000003,0.00011223418176097503,10,0.0029704600000000003,0.00011223418176097503,10,0.0029704600000000003,0.00011223418176097503,10,0.0,0.0,10,0.0,0.0,10,0.00109556,2.1748026541187948e-05,10,0.0010741499999999996,2.4907172104079273e-05,10,0.00122036,6.0949108096655185e-05,10,0.00122036,6.0949108096655185e-05,10,0.00122036,6.0949108096655185e-05,10,0.0,0.0,10,0.0,0.0,10,0.0015311,4.0906925034461306e-05,10,0.0014923399999999998,2.373956846935318e-05,10,0.00180208,9.848522506221706e-05,10,0.00180208,9.848522506221706e-05,10,0.00180208,9.848522506221706e-05,10,0.0,0.0,10,0.0,0.0,10,0.0011308388888888888,3.681876171181983e-05,10,0.0011060200000000003,2.0976007458257892e-05,10,0.0013187000000000001,0.00010496758229726608,10,0.0013187000000000001,0.00010496758229726608,10,0.0013187000000000001,0.00010496758229726608,10,0.0,0.0,10,0.0,0.0,10,4.9222222222222225,0.13907395078161905,10,5.1,0.31622776601683794,10,0.0,0.0,10,0.0,0.0,10,0.0,0.0,10,0.0,0.0,10,1.1851607637466754e-06,7.121874106199782e-07,10,5.084156500804413e-06,2.7748287799750234e-06
size_5f,fgo,steady,10,591.0,0.0,10,0.0014439337732656515,1.7537246432151942e-05,10,0.0013660100000000002,8.01615729497479e-06,10,0.0018683134999999992,0.00012767031224233597,10,0.002236828200000001,0.00021205310224867917,10,0.0026741299999999994,0.00032266178043820985,10,0.0,0.0,10,0.0,0.0,10,0.0026603085109983076,2.8602716586985247e-05,10,0.00257715,1.3851694641611252e-05,10,0.0031842289999999994,0.00034584846212531387,10,0.0037425668000000017,0.0005008906944582264,10,0.0044149,0.0005014878352352021,10,0.0,0.0,10,0.0,0.0,10,0.0010941351945854482,1.1884160564879145e-05,10,0.0010679299999999997,4.188887415266496e-06,10,0.0012607689999999993,0.00018861213487236474,10,0.0015377764000000006,0.00021312380652996563,10,0.0018107600000000002,0.00014879918757245352,10,0.0,0.0,10,0.0,0.0,10,0.0015661733164128596,1.870998971215304e-05,10,0.0014875,7.801139517902392e-06,10,0.0019956935000000004,0.00014054732322938253,10,0.002390493200000001,0.0002219698343052747,10,0.00284442,0.0003436341749916941,10,0.0,0.0,10,0.0,0.0,10,0.001182616108291032,1.5692180600567136e-05,10,0.00110516,6.676858875582468e-06,10,0.0015891319999999994,0.00010027256532405405,10,0.001888881800000001,0.00016270780291867545,10,0.00228153,0.00028532808425857186,10,0.0,0.0,10,0.0,0.0,10,5.344670050761421,0.05077426672088755,10,9.2,0.7888106377466155,10,0.0,0.0,10,0.0,0.0,10,0.0,0.0,10,0.0,0.0,10,1.804446220205011e-06,1.0650849322613431e-07,10,9.875187102563368e-06,1.2834353314254882e-07
