Scenario,Aggregation,Follower,Comparison,MaximumDifference_N,MaximumDifference_Mean,MaximumDifference_SD,MeanDifference_N,MeanDifference_Mean,MeanDifference_SD,CDF95Difference_N,CDF95Difference_Mean,CDF95Difference_SD,RMSE3DDifference_N,RMSE3DDifference_Mean,RMSE3DDifference_SD
baseline_3f,follower,1,cusum_fgo_minus_cusum_ekf,50,-5.674895640637526,3.3246865232060205,50,-0.3451990977208408,0.2660389439282219,50,-1.3705053103875855,0.8831744916989197,50,-0.6443045928503257,0.42610757020187423
baseline_3f,follower,1,cusum_fgo_minus_ekf,50,-7.631116717822352,2.6493894711106396,50,-0.6339395610243654,0.2612942711047438,50,-4.466566390377127,1.7971966178115029,50,-1.343055101543508,0.4894573860119867
baseline_3f,follower,1,cusum_fgo_minus_fgo,50,-6.218715624961452,1.995500983133683,50,-0.9742195300575837,0.22839072200912983,50,-4.1041374541889235,1.0896451109891039,50,-1.5124565441534192,0.39227999936683294
baseline_3f,follower,2,cusum_fgo_minus_cusum_ekf,50,-5.405067805254667,1.5686593256676635,50,-0.42348074962996557,0.2866841794969906,50,-1.8655101505734717,0.9096297146282112,50,-0.7276941113154942,0.36419422683656894
baseline_3f,follower,2,cusum_fgo_minus_ekf,50,-8.700607567738551,2.5381968026382182,50,-0.8238551885271107,0.25483514624884596,50,-5.45560949410219,1.9302355823620418,50,-1.728352242003648,0.5184836420205688
baseline_3f,follower,2,cusum_fgo_minus_fgo,50,-7.8640623062441355,2.5432450848677877,50,-1.1657292447448253,0.26343287506761026,50,-4.923415167825642,1.4214301017410955,50,-1.8800302179651802,0.46395649856387317
baseline_3f,follower,3,cusum_fgo_minus_cusum_ekf,50,-4.628168780568185,1.6049346257304549,50,-0.39649340802912614,0.14449777608704398,50,-1.2029697206904724,0.3922590602497045,50,-0.5814618441478528,0.18900848756784114
baseline_3f,follower,3,cusum_fgo_minus_ekf,50,-6.954988917445234,2.37874227134231,50,-0.741311824497509,0.18281730375073305,50,-4.136703974153795,1.3374047013131192,50,-1.3604889765728192,0.3640918943606019
baseline_3f,follower,3,cusum_fgo_minus_fgo,50,-6.50224421896442,2.0767156905686077,50,-0.7893613761227014,0.18013843638306726,50,-4.034608765098762,1.1765946218044294,50,-1.3865298903478362,0.3622481444794575
baseline_3f,macro,0,cusum_fgo_minus_cusum_ekf,50,-5.236044075486792,1.4961526536405707,50,-0.38839108512664405,0.12690502511939133,50,-1.479661727217177,0.5074282966572977,50,-0.6511535161045575,0.20169277585050147
baseline_3f,macro,0,cusum_fgo_minus_ekf,50,-7.762237734335379,1.6827757683587574,50,-0.733035524682995,0.14940552839462787,50,-4.686293286211038,1.0146265250788786,50,-1.4772987733733247,0.28425529868600796
baseline_3f,macro,0,cusum_fgo_minus_fgo,50,-6.861674050056671,1.5367559342663437,50,-0.9764367169750366,0.1925378457740228,50,-4.354053795704442,0.9647998926912199,50,-1.5930055508221452,0.3275690209174678
baseline_3f,pooled,0,cusum_fgo_minus_cusum_ekf,50,-6.3632565702000115,3.0228612555353886,50,-0.38839108512664405,0.12690502511939128,50,-1.4095611460896915,0.6320318684669807,50,-0.6550866433080018,0.2349477540490993
baseline_3f,pooled,0,cusum_fgo_minus_ekf,50,-9.05434639901645,2.2234860866444963,50,-0.733035524682995,0.14940552839462787,50,-4.309301423860046,1.129761798383543,50,-1.4783729118611477,0.3001720291333176
baseline_3f,pooled,0,cusum_fgo_minus_fgo,50,-7.833033990761582,2.0142648416262614,50,-0.9764367169750366,0.19253784577402283,50,-4.206454544731437,1.0060234157217205,50,-1.5886386817664828,0.336882962113589
nlos_strong,follower,1,cusum_fgo_minus_cusum_ekf,50,-7.556053391250991,2.899202792271169,50,-0.38725645823107085,0.2620842177741457,50,-1.4729564459336888,0.8783819822095691,50,-0.7700697282464062,0.4271673004515092
nlos_strong,follower,1,cusum_fgo_minus_ekf,50,-12.400503934008174,3.63024917216341,50,-0.9768024842193683,0.3076058914414671,50,-7.5960480121265075,2.7675787115045103,50,-2.3152550628872803,0.7127159062103061
nlos_strong,follower,1,cusum_fgo_minus_fgo,50,-10.959018253580876,2.8924486253598363,50,-1.6780139072955016,0.3440868820966307,50,-6.939384511648381,1.6067541052653245,50,-2.665805414215132,0.5901273393050956
nlos_strong,follower,2,cusum_fgo_minus_cusum_ekf,50,-7.999162133228862,2.2948136498694636,50,-0.4714328976529207,0.2803714037098332,50,-2.0878458975356087,0.959153348965306,50,-0.8725344903655922,0.35260249373584995
nlos_strong,follower,2,cusum_fgo_minus_ekf,50,-13.572826430752068,3.818914284090059,50,-1.2769583615496993,0.33858220755188007,50,-9.052468518804368,2.9617469074270732,50,-2.9003579951353995,0.7938943372253086
nlos_strong,follower,2,cusum_fgo_minus_fgo,50,-12.923366664156799,3.6895064600793344,50,-1.9439361786623275,0.39307314944842886,50,-8.079725999580983,2.1002770183282684,50,-3.1801915770935216,0.6968239620062324
nlos_strong,follower,3,cusum_fgo_minus_cusum_ekf,50,-6.857482702765027,2.0252158607265445,50,-0.42520334728988773,0.1461155708652434,50,-1.2381318616364845,0.41503323350543225,50,-0.68385524721913,0.20633286635694387
nlos_strong,follower,3,cusum_fgo_minus_ekf,50,-10.720692607732722,3.1579837739598835,50,-1.0427920992453625,0.22437595575196947,50,-6.836618791703091,2.0181657917664237,50,-2.1920809246837187,0.539439927702976
nlos_strong,follower,3,cusum_fgo_minus_fgo,50,-10.845443829385932,2.971527049623911,50,-1.3226239475838093,0.2699768500205423,50,-6.597852175979565,1.7335111739233424,50,-2.37121007939702,0.5392986570058592
nlos_strong,macro,0,cusum_fgo_minus_cusum_ekf,50,-7.470899409081627,1.5740453655526565,50,-0.427964234391293,0.12313827367251318,50,-1.5996447350352607,0.533255408206302,50,-0.7754864886103762,0.20136004388750722
nlos_strong,macro,0,cusum_fgo_minus_ekf,50,-12.231340990830986,2.338792542219349,50,-1.0988509816714767,0.18622726741041903,50,-7.828378440877989,1.5019695447354984,50,-2.4692313275688,0.4164629121922111
nlos_strong,macro,0,cusum_fgo_minus_fgo,50,-11.57594291570787,2.2074739538794446,50,-1.6481913445138796,0.29309947454683555,50,-7.2056542290696415,1.432412216509291,50,-2.7390690235685584,0.49541224984362303
nlos_strong,pooled,0,cusum_fgo_minus_cusum_ekf,50,-8.64526050874995,2.6663451256480135,50,-0.427964234391293,0.12313827367251319,50,-1.5537045111800885,0.6580454796114072,50,-0.7783845113378248,0.23068359437911637
nlos_strong,pooled,0,cusum_fgo_minus_ekf,50,-14.510848872022647,3.0100940975510526,50,-1.0988509816714767,0.186227267410419,50,-7.203596542503507,1.6713917672430667,50,-2.4944950062564595,0.4348402076345528
nlos_strong,pooled,0,cusum_fgo_minus_fgo,50,-13.303221504071239,2.7082206685633468,50,-1.6481913445138792,0.2930994745468355,50,-7.085198661424849,1.4673988618462768,50,-2.7452304395855505,0.5070112243825631
nlos_weak,follower,1,cusum_fgo_minus_cusum_ekf,50,-4.094901118574976,3.6013615529801446,50,-0.372172494343884,0.4569043766854125,50,-1.6522513138998327,2.484160719366246,50,-0.6423417894992157,0.7789673384046034
nlos_weak,follower,1,cusum_fgo_minus_ekf,50,-2.392841102393551,2.7381910517569006,50,-0.22994641271915162,0.3267468196191916,50,-1.290624066911243,1.0908187532342604,50,-0.39864896739861067,0.4637032908096726
nlos_weak,follower,1,cusum_fgo_minus_fgo,50,-1.0272160865802538,2.459913206634753,50,-0.26715943829636124,0.2669295095624362,50,-1.0950744374290233,1.0530066223654524,50,-0.36889373604641196,0.4202295871627565
nlos_weak,follower,2,cusum_fgo_minus_cusum_ekf,50,-3.3747384707337953,1.6916064579478514,50,-0.437004360979567,0.473310726760228,50,-1.661624501249105,1.5094945803580269,50,-0.6693579714700705,0.6521554934478265
nlos_weak,follower,2,cusum_fgo_minus_ekf,50,-3.198641489378381,1.9467766331961125,50,-0.2874932063109447,0.26386009618651834,50,-1.6648824061681362,1.2230622527558574,50,-0.5271292094202426,0.40067674252469737
nlos_weak,follower,2,cusum_fgo_minus_fgo,50,-2.1073750779747353,1.9887628843601721,50,-0.3379465125886601,0.24670284139742477,50,-1.40163649717104,1.096348360843357,50,-0.5085874496222754,0.38823132279735967
nlos_weak,follower,3,cusum_fgo_minus_cusum_ekf,50,-2.6832837413424984,2.272151919263964,50,-0.37187366844731373,0.20923864335623432,50,-1.204656652895698,1.3867032135067425,50,-0.5067983537076418,0.3866280613091937
nlos_weak,follower,3,cusum_fgo_minus_ekf,50,-2.516379711171371,2.1105169392031793,50,-0.40116241163698035,0.16077812494586796,50,-1.4909041860383183,0.6123358666029586,50,-0.5574910371320422,0.23499273685141503
nlos_weak,follower,3,cusum_fgo_minus_fgo,50,-1.531793969640792,2.0263619107057194,50,-0.25069968423110395,0.11289686853659013,50,-1.3066234875923695,0.6580431535818121,50,-0.3934231956356865,0.2273032032025643
nlos_weak,macro,0,cusum_fgo_minus_cusum_ekf,50,-3.384307776883756,1.8446459481117579,50,-0.3936835079235882,0.2683080508024389,50,-1.506177489348212,1.3944069927083944,50,-0.6061660382256427,0.4482285319385412
nlos_weak,macro,0,cusum_fgo_minus_ekf,50,-2.702620767647768,1.715070987119965,50,-0.3062006768890256,0.20042660777184562,50,-1.4821368863725661,0.7463117877160939,50,-0.4944230713169652,0.29777556338447364
nlos_weak,macro,0,cusum_fgo_minus_fgo,50,-1.5554617113985933,1.5810022106034285,50,-0.28526854503870847,0.18524783390412988,50,-1.267778140730811,0.76442108993586,50,-0.42363479376812463,0.29178897877749865
nlos_weak,pooled,0,cusum_fgo_minus_cusum_ekf,50,-4.3780045924373665,3.4770687283063224,50,-0.39368350792358825,0.2683080508024389,50,-1.5867312856417808,1.5655133862301918,50,-0.6381348916967078,0.5335907338932219
nlos_weak,pooled,0,cusum_fgo_minus_ekf,50,-2.59010721306572,2.652733671499719,50,-0.3062006768890255,0.2004266077718457,50,-1.288984033440196,0.8534941553353418,50,-0.47360758778707784,0.32088022017045803
nlos_weak,pooled,0,cusum_fgo_minus_fgo,50,-1.3007628667075644,2.5819209279073463,50,-0.2852685450387084,0.18524783390412994,50,-1.159900803591694,0.8472805322504309,50,-0.41127403327364365,0.3126994817907718
size_2f,follower,1,cusum_fgo_minus_cusum_ekf,50,-3.776549223004612,4.428511804232219,50,-0.22654916316608623,0.30956461393402895,50,-1.0901926455889035,1.2010322250447178,50,-0.48670984662420624,0.559473080393925
size_2f,follower,1,cusum_fgo_minus_ekf,50,-4.127638864152155,3.5767889114336966,50,-0.44777231090244046,0.35562115559456536,50,-3.575926782859016,2.078951876490129,50,-0.957925149499813,0.6212877574770926
size_2f,follower,1,cusum_fgo_minus_fgo,50,-2.5160193797046064,3.5255169484749023,50,-0.5304912032414798,0.28648239819762583,50,-2.336615324166469,1.4852429187348004,50,-0.810234178601996,0.5250041267854959
size_2f,follower,2,cusum_fgo_minus_cusum_ekf,50,-4.545844740180912,3.870959934668007,50,-0.3732032972377356,0.17633275611295277,50,-1.9654706808461742,0.9956520510018981,50,-0.7287722842775587,0.41396086502621177
size_2f,follower,2,cusum_fgo_minus_ekf,50,-5.22837849247974,3.946857655337986,50,-0.7222143835362048,0.3280024968492619,50,-5.169691517604601,2.1922625856243916,50,-1.4746891195129836,0.6542549163374713
size_2f,follower,2,cusum_fgo_minus_fgo,50,-4.840966218527785,4.09717078902032,50,-0.8060356957012204,0.3133270592304405,50,-4.117006711411924,1.806198822974238,50,-1.3971247973168337,0.6257235859866829
size_2f,macro,0,cusum_fgo_minus_cusum_ekf,50,-4.161196981592761,3.3885006180957395,50,-0.29987623020191095,0.18762924315225532,50,-1.5278316632175393,0.8900491480463728,50,-0.6077410654508825,0.3993474551382588
size_2f,macro,0,cusum_fgo_minus_ekf,50,-4.678008678315947,2.9062376293744943,50,-0.5849933472193226,0.24378310773927092,50,-4.372809150231809,1.4615194219241145,50,-1.2163071345063983,0.4596456936960183
size_2f,macro,0,cusum_fgo_minus_fgo,50,-3.6784927991161958,2.889330090717473,50,-0.6682634494713501,0.24026356643795885,50,-3.2268110177891964,1.3886370238837393,50,-1.103679487959415,0.4587746858343545
size_2f,pooled,0,cusum_fgo_minus_cusum_ekf,50,-4.776032337739615,4.960454589080579,50,-0.29987623020191095,0.18762924315225535,50,-1.582143821280322,0.9374197589623171,50,-0.6016404533926036,0.42783852038434217
size_2f,pooled,0,cusum_fgo_minus_ekf,50,-4.703790886600296,3.799413887190929,50,-0.5849933472193226,0.24378310773927092,50,-4.164191908850961,1.5456608804543743,50,-1.205178605007481,0.4791479599607721
size_2f,pooled,0,cusum_fgo_minus_fgo,50,-4.06661477277182,3.803396635250934,50,-0.66826344947135,0.2402635664379588,50,-3.091891891350693,1.429057958643938,50,-1.0867266372994353,0.47124241012580365
size_5f,follower,1,cusum_fgo_minus_cusum_ekf,50,-5.026339629086734,1.1853453739382074,50,-0.3269228103732337,0.16925428803307707,50,-1.2801291633931244,0.41615904656865577,50,-0.5482948850100074,0.21957045183625457
size_5f,follower,1,cusum_fgo_minus_ekf,50,-8.587231991057207,2.068152985464695,50,-0.7182679038385722,0.24343773585220788,50,-4.7989380845311125,1.836617976268359,50,-1.4697911449062997,0.47140857408272485
size_5f,follower,1,cusum_fgo_minus_fgo,50,-9.907393365541369,2.1236990713717545,50,-1.1460738456706183,0.20425889507757897,50,-4.9181494092895015,1.3055152029163457,50,-1.9370955811539172,0.3791240173546363
size_5f,follower,2,cusum_fgo_minus_cusum_ekf,50,-5.5779983485017866,1.446364815620737,50,-0.37279805201947447,0.21897160271921698,50,-1.5190723570454672,0.6797498133159139,50,-0.633453139052692,0.28162247263341184
size_5f,follower,2,cusum_fgo_minus_ekf,50,-8.856187630906437,2.436038625951454,50,-0.8490667489270562,0.20151886414364864,50,-5.481442847556369,1.8282632812089694,50,-1.7395664829501667,0.4505957751223021
size_5f,follower,2,cusum_fgo_minus_fgo,50,-8.09017363805814,2.5152640326099633,50,-1.117678422270678,0.19209621202696733,50,-4.725058020464466,1.015708465185067,50,-1.8300660890402667,0.36482859995518807
size_5f,follower,3,cusum_fgo_minus_cusum_ekf,50,-4.8357329888113165,1.229064946534016,50,-0.4337189476687211,0.14199755034871173,50,-1.2731466957396251,0.3135613629396295,50,-0.5982660485858532,0.1588020744004081
size_5f,follower,3,cusum_fgo_minus_ekf,50,-7.253002514380403,1.9959581748602582,50,-0.7902545338764918,0.19946709534266482,50,-4.216576831433655,1.3456446464217995,50,-1.4106684730452077,0.3841378224037317
size_5f,follower,3,cusum_fgo_minus_fgo,50,-4.599915375475529,1.2305460997958972,50,-0.6725571132957393,0.1247594866282736,50,-2.8670811693702105,0.6932514643365346,50,-1.0594305231467311,0.2177936676773744
size_5f,follower,4,cusum_fgo_minus_cusum_ekf,50,-4.504348455900312,0.9991884019328909,50,-0.37783437063328884,0.13092291701797606,50,-1.057047112239915,0.37402427212595124,50,-0.526971488354799,0.16365009638673736
size_5f,follower,4,cusum_fgo_minus_ekf,50,-6.653555641291048,1.7081663907697284,50,-0.6761580813952328,0.14752414741637604,50,-3.5015691420740565,0.9569949680000481,50,-1.2243154485727512,0.28695422598228376
size_5f,follower,4,cusum_fgo_minus_fgo,50,-4.738427871294887,1.0443071271178004,50,-0.6228180785995058,0.11292149527871953,50,-2.7332284527629738,0.6520134522459407,50,-1.0220883490857524,0.2128398206107488
size_5f,follower,5,cusum_fgo_minus_cusum_ekf,50,-5.23441155732443,1.0842184915186577,50,-0.4211532554533948,0.15773846065369268,50,-1.3005232532818551,0.3905506217663013,50,-0.6198786300917694,0.16835396929204427
size_5f,follower,5,cusum_fgo_minus_ekf,50,-7.306629562557891,1.7052056194528027,50,-0.8312078495822088,0.1711663253717694,50,-4.780085546840615,1.4731993875231932,50,-1.5549608241808934,0.3540067373831771
size_5f,follower,5,cusum_fgo_minus_fgo,50,-5.556989113346065,1.6783512795363171,50,-0.7908503415386707,0.17793265071692985,50,-3.503188836887415,0.8428438750689903,50,-1.309526523155125,0.32507026285665847
size_5f,macro,0,cusum_fgo_minus_cusum_ekf,50,-5.035766195924916,0.6502649616317592,50,-0.3864854872296226,0.08614291862645208,50,-1.2859837163399974,0.2567544042566436,50,-0.5853728382190241,0.11149172404641476
size_5f,macro,0,cusum_fgo_minus_ekf,50,-7.7313214680385975,1.0051979431892835,50,-0.7729910235239125,0.10181828941645263,50,-4.555722490487161,0.7084899257614798,50,-1.4798604747310637,0.18963979386122126
size_5f,macro,0,cusum_fgo_minus_fgo,50,-6.578579872743198,0.9156503219413585,50,-0.8699955602750424,0.10971579754357397,50,-3.7493411777549137,0.5970408005761346,50,-1.4316414131163586,0.18773672154515558
size_5f,pooled,0,cusum_fgo_minus_cusum_ekf,50,-6.017691248261982,1.2527381376938,50,-0.3864854872296226,0.0861429186264521,50,-1.140253913858592,0.30301043804576167,50,-0.5734739447077356,0.1269107148726572
size_5f,pooled,0,cusum_fgo_minus_ekf,50,-9.727764170149408,1.570007629875433,50,-0.7729910235239125,0.10181828941645261,50,-4.170803181830004,0.8482972033206765,50,-1.4808107057210804,0.20496257046929123
size_5f,pooled,0,cusum_fgo_minus_fgo,50,-10.247821957621104,1.8118389485964523,50,-0.8699955602750424,0.10971579754357401,50,-3.4782672042723304,0.5909405597798922,50,-1.4690981188899317,0.20196871426032345
