Point,Scenario,Method,Events_N,Events_Mean,Events_SD,Detection_detected_N,Detection_detected_Mean,Detection_detected_SD,Detection_missed_N,Detection_missed_Mean,Detection_missed_SD,Detection_preexisting_N,Detection_preexisting_Mean,Detection_preexisting_SD,Detection_unobservable_N,Detection_unobservable_Mean,Detection_unobservable_SD,DetectionDelay_N,DetectionDelay_Mean,DetectionDelay_SD,Alarm_detected_N,Alarm_detected_Mean,Alarm_detected_SD,Alarm_missed_N,Alarm_missed_Mean,Alarm_missed_SD,Alarm_preexisting_N,Alarm_preexisting_Mean,Alarm_preexisting_SD,Alarm_unobservable_N,Alarm_unobservable_Mean,Alarm_unobservable_SD,AlarmDelay_N,AlarmDelay_Mean,AlarmDelay_SD,Isolation_detected_N,Isolation_detected_Mean,Isolation_detected_SD,Isolation_missed_N,Isolation_missed_Mean,Isolation_missed_SD,Isolation_preexisting_N,Isolation_preexisting_Mean,Isolation_preexisting_SD,Isolation_unobservable_N,Isolation_unobservable_Mean,Isolation_unobservable_SD,IsolationDelay_N,IsolationDelay_Mean,IsolationDelay_SD,Recovery_recovered_N,Recovery_recovered_Mean,Recovery_recovered_SD,Recovery_failed_N,Recovery_failed_Mean,Recovery_failed_SD,Recovery_censored_N,Recovery_censored_Mean,Recovery_censored_SD,Recovery_not_applicable_N,Recovery_not_applicable_Mean,Recovery_not_applicable_SD,RecoveryFailureRate_N,RecoveryFailureRate_Mean,RecoveryFailureRate_SD,RecoveryDelay_N,RecoveryDelay_Mean,RecoveryDelay_SD,ReisolatedAfterRecovery_N,ReisolatedAfterRecovery_Mean,ReisolatedAfterRecovery_SD
h3_k0p25,baseline_3f,cusum_fgo,50,13.0,0.0,50,12.88,0.328260722659316,50,0.0,0.0,50,0.12,0.3282607226593159,50,0.0,0.0,50,0.18525641025641026,0.10129918911236367,50,12.88,0.328260722659316,50,0.0,0.0,50,0.12,0.3282607226593159,50,0.0,0.0,50,1.1852564102564103,0.10129918911236371,50,12.86,0.4045657788144656,50,0.02,0.1414213562373095,50,0.12,0.3282607226593159,50,0.0,0.0,50,1.2797086247086247,0.2285680268026562,50,12.56,0.7045044574821687,50,0.42,0.6417450698633201,50,0.0,0.0,50,0.02,0.1414213562373095,50,0.03256410256410256,0.050037890351447054,50,3.150944055944056,0.303782542235231,50,0.52,0.8388524717658972
h3_k0p25,healthy_maneuver,cusum_fgo,50,0.0,0.0,50,0.0,0.0,50,0.0,0.0,50,0.0,0.0,50,0.0,0.0,0,,,50,0.0,0.0,50,0.0,0.0,50,0.0,0.0,50,0.0,0.0,0,,,50,0.0,0.0,50,0.0,0.0,50,0.0,0.0,50,0.0,0.0,0,,,50,0.0,0.0,50,0.0,0.0,50,0.0,0.0,50,0.0,0.0,0,,,0,,,50,0.0,0.0
h3_k0p5,baseline_3f,cusum_fgo,50,13.0,0.0,50,12.94,0.2398979374820952,50,0.0,0.0,50,0.06,0.23989793748209523,50,0.0,0.0,50,0.2848717948717948,0.13387614421081917,50,12.94,0.2398979374820952,50,0.0,0.0,50,0.06,0.23989793748209523,50,0.0,0.0,50,1.2848717948717947,0.13387614421081923,50,12.92,0.34046786536608525,50,0.02,0.1414213562373095,50,0.06,0.23989793748209523,50,0.0,0.0,50,1.3219114219114219,0.19684770450528194,50,12.58,0.7024737630368142,50,0.4,0.6388765649999399,50,0.0,0.0,50,0.02,0.1414213562373095,50,0.03102564102564103,0.04982829538846939,50,3.1426107226107223,0.3020545698545713,50,0.06,0.3136356914300021
h3_k0p5,healthy_maneuver,cusum_fgo,50,0.0,0.0,50,0.0,0.0,50,0.0,0.0,50,0.0,0.0,50,0.0,0.0,0,,,50,0.0,0.0,50,0.0,0.0,50,0.0,0.0,50,0.0,0.0,0,,,50,0.0,0.0,50,0.0,0.0,50,0.0,0.0,50,0.0,0.0,0,,,50,0.0,0.0,50,0.0,0.0,50,0.0,0.0,50,0.0,0.0,0,,,0,,,50,0.0,0.0
h3_k0p75,baseline_3f,cusum_fgo,50,13.0,0.0,50,12.94,0.2398979374820952,50,0.0,0.0,50,0.06,0.23989793748209523,50,0.0,0.0,50,0.3899999999999999,0.13938896140351534,50,12.94,0.2398979374820952,50,0.0,0.0,50,0.06,0.23989793748209523,50,0.0,0.0,50,1.3900000000000003,0.13938896140351537,50,12.92,0.34046786536608525,50,0.02,0.1414213562373095,50,0.06,0.23989793748209523,50,0.0,0.0,50,1.407937062937063,0.16847375479428536,50,12.58,0.7024737630368142,50,0.4,0.6388765649999399,50,0.0,0.0,50,0.02,0.1414213562373095,50,0.03102564102564103,0.04982829538846939,50,3.1426107226107223,0.3020545698545713,50,0.0,0.0
h3_k0p75,healthy_maneuver,cusum_fgo,50,0.0,0.0,50,0.0,0.0,50,0.0,0.0,50,0.0,0.0,50,0.0,0.0,0,,,50,0.0,0.0,50,0.0,0.0,50,0.0,0.0,50,0.0,0.0,0,,,50,0.0,0.0,50,0.0,0.0,50,0.0,0.0,50,0.0,0.0,0,,,50,0.0,0.0,50,0.0,0.0,50,0.0,0.0,50,0.0,0.0,0,,,0,,,50,0.0,0.0
h5_k0p25,baseline_3f,cusum_fgo,50,13.0,0.0,50,12.84,0.42185208743524005,50,0.0,0.0,50,0.16,0.42185208743524,50,0.0,0.0,50,0.7044289044289045,0.1937100461492032,50,12.84,0.42185208743524005,50,0.0,0.0,50,0.16,0.42185208743524,50,0.0,0.0,50,1.7044289044289043,0.19371004614920323,50,12.84,0.42185208743524005,50,0.02,0.1414213562373095,50,0.14,0.3505098327538656,50,0.0,0.0,50,1.7976456876456877,0.2727952050764976,50,12.56,0.6439672954048369,50,0.42,0.6091144458665099,50,0.0,0.0,50,0.02,0.1414213562373095,50,0.032435897435897434,0.04698810665129396,50,3.1526923076923077,0.30640008487536585,50,0.32,0.6207303137828695
h5_k0p25,healthy_maneuver,cusum_fgo,50,0.0,0.0,50,0.0,0.0,50,0.0,0.0,50,0.0,0.0,50,0.0,0.0,0,,,50,0.0,0.0,50,0.0,0.0,50,0.0,0.0,50,0.0,0.0,0,,,50,0.0,0.0,50,0.0,0.0,50,0.0,0.0,50,0.0,0.0,0,,,50,0.0,0.0,50,0.0,0.0,50,0.0,0.0,50,0.0,0.0,0,,,0,,,50,0.0,0.0
h5_k0p5,baseline_3f,cusum_fgo,50,13.0,0.0,50,12.94,0.2398979374820952,50,0.0,0.0,50,0.06,0.23989793748209523,50,0.0,0.0,50,0.798076923076923,0.2323743887330644,50,12.94,0.2398979374820952,50,0.0,0.0,50,0.06,0.23989793748209523,50,0.0,0.0,50,1.7980769230769231,0.23237438873306443,50,12.92,0.34046786536608525,50,0.02,0.1414213562373095,50,0.06,0.23989793748209523,50,0.0,0.0,50,1.8198018648018648,0.2564298056496669,50,12.58,0.6417450698633201,50,0.4,0.6060915267313265,50,0.0,0.0,50,0.02,0.1414213562373095,50,0.030897435897435904,0.046760540943143955,50,3.139615384615384,0.30544779081291257,50,0.04,0.19794866372215741
h5_k0p5,healthy_maneuver,cusum_fgo,50,0.0,0.0,50,0.0,0.0,50,0.0,0.0,50,0.0,0.0,50,0.0,0.0,0,,,50,0.0,0.0,50,0.0,0.0,50,0.0,0.0,50,0.0,0.0,0,,,50,0.0,0.0,50,0.0,0.0,50,0.0,0.0,50,0.0,0.0,0,,,50,0.0,0.0,50,0.0,0.0,50,0.0,0.0,50,0.0,0.0,0,,,0,,,50,0.0,0.0
h5_k0p75,baseline_3f,cusum_fgo,50,13.0,0.0,50,12.96,0.1979486637221574,50,0.0,0.0,50,0.04,0.19794866372215741,50,0.0,0.0,50,0.9328205128205128,0.27947733769199684,50,12.94,0.2398979374820952,50,0.0,0.0,50,0.06,0.23989793748209523,50,0.0,0.0,50,1.9343589743589744,0.27963428502272125,50,12.92,0.34046786536608525,50,0.02,0.1414213562373095,50,0.06,0.23989793748209523,50,0.0,0.0,50,1.9415967365967364,0.2846920440921912,50,12.6,0.6388765649999399,50,0.38,0.6023762469230862,50,0.0,0.0,50,0.02,0.1414213562373095,50,0.02935897435897436,0.04647992983446559,50,3.1389743589743584,0.3048876117499916,50,0.02,0.1414213562373095
h5_k0p75,healthy_maneuver,cusum_fgo,50,0.0,0.0,50,0.0,0.0,50,0.0,0.0,50,0.0,0.0,50,0.0,0.0,0,,,50,0.0,0.0,50,0.0,0.0,50,0.0,0.0,50,0.0,0.0,0,,,50,0.0,0.0,50,0.0,0.0,50,0.0,0.0,50,0.0,0.0,0,,,50,0.0,0.0,50,0.0,0.0,50,0.0,0.0,50,0.0,0.0,0,,,0,,,50,0.0,0.0
h7_k0p25,baseline_3f,cusum_fgo,50,13.0,0.0,50,12.82,0.43752550946038726,50,0.0,0.0,50,0.18,0.4375255094603873,50,0.0,0.0,50,1.283111888111888,0.26810962195344307,50,12.82,0.43752550946038726,50,0.0,0.0,50,0.18,0.4375255094603873,50,0.0,0.0,50,2.2831118881118884,0.268109621953443,50,12.82,0.43752550946038726,50,0.02,0.1414213562373095,50,0.16,0.3703280399090206,50,0.0,0.0,50,2.388834498834499,0.37385675322469314,50,12.54,0.676425177242955,50,0.44,0.6439672954048369,50,0.0,0.0,50,0.02,0.1414213562373095,50,0.03397435897435897,0.04965785471185655,50,3.149055944055944,0.3093142764214881,50,0.2,0.5345224838248488
h7_k0p25,healthy_maneuver,cusum_fgo,50,0.0,0.0,50,0.0,0.0,50,0.0,0.0,50,0.0,0.0,50,0.0,0.0,0,,,50,0.0,0.0,50,0.0,0.0,50,0.0,0.0,50,0.0,0.0,0,,,50,0.0,0.0,50,0.0,0.0,50,0.0,0.0,50,0.0,0.0,0,,,50,0.0,0.0,50,0.0,0.0,50,0.0,0.0,50,0.0,0.0,0,,,0,,,50,0.0,0.0
h7_k0p5,baseline_3f,cusum_fgo,50,13.0,0.0,50,12.96,0.1979486637221574,50,0.0,0.0,50,0.04,0.19794866372215741,50,0.0,0.0,50,1.49,0.3269863268762381,50,12.94,0.2398979374820952,50,0.0,0.0,50,0.06,0.23989793748209523,50,0.0,0.0,50,2.492051282051282,0.32564586703282505,50,12.92,0.34046786536608525,50,0.02,0.1414213562373095,50,0.06,0.23989793748209523,50,0.0,0.0,50,2.500909090909091,0.33264993969525847,50,12.58,0.6417450698633201,50,0.4,0.6060915267313265,50,0.0,0.0,50,0.02,0.1414213562373095,50,0.030897435897435904,0.046760540943143955,50,3.139615384615384,0.30544779081291257,50,0.02,0.1414213562373095
h7_k0p5,healthy_maneuver,cusum_fgo,50,0.0,0.0,50,0.0,0.0,50,0.0,0.0,50,0.0,0.0,50,0.0,0.0,0,,,50,0.0,0.0,50,0.0,0.0,50,0.0,0.0,50,0.0,0.0,0,,,50,0.0,0.0,50,0.0,0.0,50,0.0,0.0,50,0.0,0.0,0,,,50,0.0,0.0,50,0.0,0.0,50,0.0,0.0,50,0.0,0.0,0,,,0,,,50,0.0,0.0
h7_k0p75,baseline_3f,cusum_fgo,50,13.0,0.0,50,12.98,0.1414213562373095,50,0.0,0.0,50,0.02,0.1414213562373095,50,0.0,0.0,50,1.717948717948718,0.39216384772542856,50,12.94,0.2398979374820952,50,0.0,0.0,50,0.06,0.23989793748209523,50,0.0,0.0,50,2.723717948717949,0.3944713330514536,50,12.92,0.34046786536608525,50,0.02,0.1414213562373095,50,0.06,0.23989793748209523,50,0.0,0.0,50,2.722832167832168,0.39736845618188327,50,12.6,0.6388765649999399,50,0.38,0.6023762469230862,50,0.0,0.0,50,0.02,0.1414213562373095,50,0.02935897435897436,0.04647992983446559,50,3.1389743589743584,0.3048876117499916,50,0.02,0.1414213562373095
h7_k0p75,healthy_maneuver,cusum_fgo,50,0.0,0.0,50,0.0,0.0,50,0.0,0.0,50,0.0,0.0,50,0.0,0.0,0,,,50,0.0,0.0,50,0.0,0.0,50,0.0,0.0,50,0.0,0.0,0,,,50,0.0,0.0,50,0.0,0.0,50,0.0,0.0,50,0.0,0.0,0,,,50,0.0,0.0,50,0.0,0.0,50,0.0,0.0,50,0.0,0.0,0,,,0,,,50,0.0,0.0
