Point,Scenario,Method,EdgeScope,Phase,HealthyEdgeEpochs_N,HealthyEdgeEpochs_Mean,HealthyEdgeEpochs_SD,AlarmNewHealthyEpisodes_N,AlarmNewHealthyEpisodes_Mean,AlarmNewHealthyEpisodes_SD,AlarmOccupiedHealthyEpochs_N,AlarmOccupiedHealthyEpochs_Mean,AlarmOccupiedHealthyEpochs_SD,AlarmHealthyOccupancy_N,AlarmHealthyOccupancy_Mean,AlarmHealthyOccupancy_SD,AlarmEpisodesPerEdgeHour_N,AlarmEpisodesPerEdgeHour_Mean,AlarmEpisodesPerEdgeHour_SD,IsolationNewHealthyEpisodes_N,IsolationNewHealthyEpisodes_Mean,IsolationNewHealthyEpisodes_SD,IsolationOccupiedHealthyEpochs_N,IsolationOccupiedHealthyEpochs_Mean,IsolationOccupiedHealthyEpochs_SD,IsolationHealthyOccupancy_N,IsolationHealthyOccupancy_Mean,IsolationHealthyOccupancy_SD,IsolationEpisodesPerEdgeHour_N,IsolationEpisodesPerEdgeHour_Mean,IsolationEpisodesPerEdgeHour_SD
h3_k0p25,baseline_3f,cusum_fgo,follower,all,50,1755.0,0.0,50,0.0,0.0,50,0.0,0.0,50,0.0,0.0,50,0.0,0.0,50,0.0,0.0,50,0.0,0.0,50,0.0,0.0,50,0.0,0.0
h3_k0p25,baseline_3f,cusum_fgo,leader,all,50,5044.0,0.0,50,1.2,1.577908716741037,50,141.68,175.25485116578903,50,0.028088818398096748,0.034745212364351505,50,0.8564631245043616,1.1261838581022467,50,1.74,2.0683227948445255,50,126.98,146.9476499871117,50,0.025174464710547184,0.02913315820521644,50,1.2418715305313242,1.4762018361301132
h3_k0p25,healthy_maneuver,cusum_fgo,follower,all,50,1755.0,0.0,50,3.4,1.616244071283537,50,415.84,109.14367239785271,50,0.23694586894586891,0.062190126722423196,50,6.974358974358977,3.3153724539149474,50,0.0,0.0,50,0.0,0.0,50,0.0,0.0,50,0.0,0.0
h3_k0p25,healthy_maneuver,cusum_fgo,follower,maneuver,50,603.0,0.0,50,2.6,0.9689042833036098,50,269.42,24.85803775072213,50,0.4467993366500829,0.041223943201860916,50,15.522388059701491,5.784503183902148,50,0.0,0.0,50,0.0,0.0,50,0.0,0.0,50,0.0,0.0
h3_k0p25,healthy_maneuver,cusum_fgo,follower,post,50,420.0,0.0,50,0.8,1.1605769149479945,50,146.42,94.16682764419447,50,0.3486190476190476,0.2242067324861773,50,6.857142857142858,9.947802128125666,50,0.0,0.0,50,0.0,0.0,50,0.0,0.0,50,0.0,0.0
h3_k0p25,healthy_maneuver,cusum_fgo,follower,pre,50,732.0,0.0,50,0.0,0.0,50,0.0,0.0,50,0.0,0.0,50,0.0,0.0,50,0.0,0.0,50,0.0,0.0,50,0.0,0.0,50,0.0,0.0
h3_k0p25,healthy_maneuver,cusum_fgo,leader,all,50,5265.0,0.0,50,4.56,1.786114240924318,50,287.2,124.12600576076895,50,0.05454890788224121,0.023575689603184985,50,3.1179487179487175,1.2212746946491064,50,4.02,1.83492200801838,50,232.12,91.52687572288173,50,0.04408736942070275,0.01738402197965465,50,2.7487179487179487,1.2546475268501744
h3_k0p25,healthy_maneuver,cusum_fgo,leader,maneuver,50,1809.0,0.0,50,4.24,1.5327712664001896,50,218.76,61.651608383938616,50,0.12092868988391378,0.03408049109117668,50,8.437810945273633,3.0502910774133127,50,3.76,1.5460284866821352,50,174.4,35.753121741824366,50,0.09640685461580983,0.01976402528569617,50,7.482587064676618,3.0766736053375827
h3_k0p25,healthy_maneuver,cusum_fgo,leader,post,50,1260.0,0.0,50,0.3,0.7354021529276429,50,68.36,88.10053626281692,50,0.05425396825396825,0.06992106052604517,50,0.8571428571428571,2.101149008364694,50,0.24,0.5910903104450629,50,57.64,68.39941520217845,50,0.04574603174603174,0.054285250160459084,50,0.6857142857142857,1.6888294584144654
h3_k0p25,healthy_maneuver,cusum_fgo,leader,pre,50,2196.0,0.0,50,0.02,0.1414213562373095,50,0.08,0.565685424949238,50,3.6429872495446266e-05,0.0002575980987929135,50,0.03278688524590164,0.23183828891362215,50,0.02,0.1414213562373095,50,0.08,0.565685424949238,50,3.6429872495446266e-05,0.0002575980987929135,50,0.03278688524590164,0.23183828891362215
h3_k0p5,baseline_3f,cusum_fgo,follower,all,50,1755.0,0.0,50,0.0,0.0,50,0.0,0.0,50,0.0,0.0,50,0.0,0.0,50,0.0,0.0,50,0.0,0.0,50,0.0,0.0,50,0.0,0.0
h3_k0p5,baseline_3f,cusum_fgo,leader,all,50,5044.0,0.0,50,0.18,0.48191793695522867,50,98.4,139.2327371778664,50,0.01950832672482157,0.027603635443668992,50,0.1284694686756542,0.34395411836614254,50,0.54,1.0343093919941686,50,89.84,119.9878157079599,50,0.017811260904044408,0.023788226746225202,50,0.3854084060269627,0.7382065446429434
h3_k0p5,healthy_maneuver,cusum_fgo,follower,all,50,1755.0,0.0,50,2.14,0.40456577881446565,50,330.24,92.19756072739469,50,0.1881709401709402,0.052534222636692135,50,4.389743589743591,0.8298785206450577,50,0.0,0.0,50,0.0,0.0,50,0.0,0.0,50,0.0,0.0
h3_k0p5,healthy_maneuver,cusum_fgo,follower,maneuver,50,603.0,0.0,50,2.08,0.27404751561786966,50,209.5,48.77614421925906,50,0.34742951907131014,0.08088912805847275,50,12.417910447761193,1.6361045708529531,50,0.0,0.0,50,0.0,0.0,50,0.0,0.0,50,0.0,0.0
h3_k0p5,healthy_maneuver,cusum_fgo,follower,post,50,420.0,0.0,50,0.06,0.3136356914300021,50,120.74,82.40661009746185,50,0.2874761904761905,0.1962062145177663,50,0.5142857142857143,2.6883059265428755,50,0.0,0.0,50,0.0,0.0,50,0.0,0.0,50,0.0,0.0
h3_k0p5,healthy_maneuver,cusum_fgo,follower,pre,50,732.0,0.0,50,0.0,0.0,50,0.0,0.0,50,0.0,0.0,50,0.0,0.0,50,0.0,0.0,50,0.0,0.0,50,0.0,0.0,50,0.0,0.0
h3_k0p5,healthy_maneuver,cusum_fgo,leader,all,50,5265.0,0.0,50,0.32,0.47121207149916117,50,43.44,76.70089268564944,50,0.008250712250712252,0.014568070785498467,50,0.2188034188034188,0.32219628820455465,50,0.32,0.47121207149916117,50,43.44,76.70089268564944,50,0.008250712250712252,0.014568070785498467,50,0.2188034188034188,0.32219628820455465
h3_k0p5,healthy_maneuver,cusum_fgo,leader,maneuver,50,1809.0,0.0,50,0.32,0.47121207149916117,50,32.24,50.07934928181272,50,0.017822001105583195,0.02768344349464495,50,0.63681592039801,0.9377354656699726,50,0.32,0.47121207149916117,50,32.24,50.07934928181272,50,0.017822001105583195,0.02768344349464495,50,0.63681592039801,0.9377354656699726
h3_k0p5,healthy_maneuver,cusum_fgo,leader,post,50,1260.0,0.0,50,0.0,0.0,50,11.2,38.36665218650175,50,0.008888888888888889,0.030449723957541076,50,0.0,0.0,50,0.0,0.0,50,11.2,38.36665218650175,50,0.008888888888888889,0.030449723957541076,50,0.0,0.0
h3_k0p5,healthy_maneuver,cusum_fgo,leader,pre,50,2196.0,0.0,50,0.0,0.0,50,0.0,0.0,50,0.0,0.0,50,0.0,0.0,50,0.0,0.0,50,0.0,0.0,50,0.0,0.0,50,0.0,0.0
h3_k0p75,baseline_3f,cusum_fgo,follower,all,50,1755.0,0.0,50,0.0,0.0,50,0.0,0.0,50,0.0,0.0,50,0.0,0.0,50,0.0,0.0,50,0.0,0.0,50,0.0,0.0,50,0.0,0.0
h3_k0p75,baseline_3f,cusum_fgo,leader,all,50,5044.0,0.0,50,0.02,0.1414213562373095,50,97.0,136.41413536188475,50,0.01923076923076923,0.02704483254597239,50,0.014274385408406025,0.10093514719554206,50,0.4,0.8571428571428572,50,89.28,119.6390899193683,50,0.01770023790642347,0.02371908999194455,50,0.2854877081681205,0.6117593746459726
h3_k0p75,healthy_maneuver,cusum_fgo,follower,all,50,1755.0,0.0,50,0.58,0.5746338674605362,50,84.14,103.97684396841758,50,0.04794301994301994,0.05924606493926927,50,1.18974358974359,1.1787361383805872,50,0.0,0.0,50,0.0,0.0,50,0.0,0.0,50,0.0,0.0
h3_k0p75,healthy_maneuver,cusum_fgo,follower,maneuver,50,603.0,0.0,50,0.58,0.5746338674605362,50,58.86,60.63541431694646,50,0.09761194029850745,0.10055624264833574,50,3.4626865671641793,3.430649954988275,50,0.0,0.0,50,0.0,0.0,50,0.0,0.0,50,0.0,0.0
h3_k0p75,healthy_maneuver,cusum_fgo,follower,post,50,420.0,0.0,50,0.0,0.0,50,25.28,61.22259153519814,50,0.06019047619047619,0.14576807508380507,50,0.0,0.0,50,0.0,0.0,50,0.0,0.0,50,0.0,0.0,50,0.0,0.0
h3_k0p75,healthy_maneuver,cusum_fgo,follower,pre,50,732.0,0.0,50,0.0,0.0,50,0.0,0.0,50,0.0,0.0,50,0.0,0.0,50,0.0,0.0,50,0.0,0.0,50,0.0,0.0,50,0.0,0.0
h3_k0p75,healthy_maneuver,cusum_fgo,leader,all,50,5265.0,0.0,50,0.0,0.0,50,0.0,0.0,50,0.0,0.0,50,0.0,0.0,50,0.0,0.0,50,0.0,0.0,50,0.0,0.0,50,0.0,0.0
h3_k0p75,healthy_maneuver,cusum_fgo,leader,maneuver,50,1809.0,0.0,50,0.0,0.0,50,0.0,0.0,50,0.0,0.0,50,0.0,0.0,50,0.0,0.0,50,0.0,0.0,50,0.0,0.0,50,0.0,0.0
h3_k0p75,healthy_maneuver,cusum_fgo,leader,post,50,1260.0,0.0,50,0.0,0.0,50,0.0,0.0,50,0.0,0.0,50,0.0,0.0,50,0.0,0.0,50,0.0,0.0,50,0.0,0.0,50,0.0,0.0
h3_k0p75,healthy_maneuver,cusum_fgo,leader,pre,50,2196.0,0.0,50,0.0,0.0,50,0.0,0.0,50,0.0,0.0,50,0.0,0.0,50,0.0,0.0,50,0.0,0.0,50,0.0,0.0,50,0.0,0.0
h5_k0p25,baseline_3f,cusum_fgo,follower,all,50,1755.0,0.0,50,0.0,0.0,50,0.0,0.0,50,0.0,0.0,50,0.0,0.0,50,0.0,0.0,50,0.0,0.0,50,0.0,0.0,50,0.0,0.0
h5_k0p25,baseline_3f,cusum_fgo,leader,all,50,5044.0,0.0,50,0.84,1.251285053740468,50,153.88,179.14076553802883,50,0.03050753370340999,0.03551561568953784,50,0.5995241871530531,0.8930662556434743,50,1.48,1.876166303929372,50,136.12,150.39711243428653,50,0.026986518636003175,0.029817032599977512,50,1.056304520222046,1.3390560456276246
h5_k0p25,healthy_maneuver,cusum_fgo,follower,all,50,1755.0,0.0,50,3.0,1.261680123761121,50,408.5,108.8886812205896,50,0.23276353276353276,0.062044832604324564,50,6.153846153846153,2.5880617923305045,50,0.0,0.0,50,0.0,0.0,50,0.0,0.0,50,0.0,0.0
h5_k0p25,healthy_maneuver,cusum_fgo,follower,maneuver,50,603.0,0.0,50,2.22,0.41845195759648035,50,261.72,25.133147475810034,50,0.4340298507462687,0.04168017823517419,50,13.25373134328358,2.498220642367046,50,0.0,0.0,50,0.0,0.0,50,0.0,0.0,50,0.0,0.0
h5_k0p25,healthy_maneuver,cusum_fgo,follower,post,50,420.0,0.0,50,0.78,1.1480240344493964,50,146.78,95.05471893513091,50,0.3494761904761905,0.2263207593693593,50,6.685714285714284,9.840206009566257,50,0.0,0.0,50,0.0,0.0,50,0.0,0.0,50,0.0,0.0
h5_k0p25,healthy_maneuver,cusum_fgo,follower,pre,50,732.0,0.0,50,0.0,0.0,50,0.0,0.0,50,0.0,0.0,50,0.0,0.0,50,0.0,0.0,50,0.0,0.0,50,0.0,0.0,50,0.0,0.0
h5_k0p25,healthy_maneuver,cusum_fgo,leader,all,50,5265.0,0.0,50,3.8,1.5386185163241441,50,298.06,120.82056352884872,50,0.056611585944919274,0.022947875314121315,50,2.598290598290598,1.0520468487686454,50,4.44,2.8005830296783647,50,240.02,89.9998843536672,50,0.04558784425451092,0.01709399512890165,50,3.0358974358974367,1.914928567301446
h5_k0p25,healthy_maneuver,cusum_fgo,leader,maneuver,50,1809.0,0.0,50,3.36,1.1021315155420521,50,218.44,57.525561310443834,50,0.1207517965726921,0.031799646937779896,50,6.686567164179105,2.193296548342392,50,3.68,1.504279609267221,50,171.34,30.957910861328468,50,0.09471531232725262,0.017113273002392744,50,7.323383084577116,2.9935912622233256
h5_k0p25,healthy_maneuver,cusum_fgo,leader,post,50,1260.0,0.0,50,0.44,1.0333223611442928,50,79.62,88.4953336715143,50,0.0631904761904762,0.07023439180278912,50,1.2571428571428571,2.9523496032694077,50,0.76,2.2457215557861243,50,68.68,70.79589518828195,50,0.0545079365079365,0.056187218403398374,50,2.1714285714285713,6.416347302246069
h5_k0p25,healthy_maneuver,cusum_fgo,leader,pre,50,2196.0,0.0,50,0.0,0.0,50,0.0,0.0,50,0.0,0.0,50,0.0,0.0,50,0.0,0.0,50,0.0,0.0,50,0.0,0.0,50,0.0,0.0
h5_k0p5,baseline_3f,cusum_fgo,follower,all,50,1755.0,0.0,50,0.0,0.0,50,0.0,0.0,50,0.0,0.0,50,0.0,0.0,50,0.0,0.0,50,0.0,0.0,50,0.0,0.0,50,0.0,0.0
h5_k0p5,baseline_3f,cusum_fgo,leader,all,50,5044.0,0.0,50,0.08,0.3404678653660853,50,106.64,148.15046956609035,50,0.02114195083267248,0.029371623625315296,50,0.0570975416336241,0.24299847647063977,50,0.52,1.129204162592543,50,97.8,129.91755627539885,50,0.01938937351308485,0.02575685096657392,50,0.37113402061855666,0.8059347710811171
h5_k0p5,healthy_maneuver,cusum_fgo,follower,all,50,1755.0,0.0,50,2.08,0.27404751561786966,50,324.56,92.08406984037656,50,0.1849344729344729,0.052469555464602025,50,4.2666666666666675,0.5621487499853736,50,0.0,0.0,50,0.0,0.0,50,0.0,0.0,50,0.0,0.0
h5_k0p5,healthy_maneuver,cusum_fgo,follower,maneuver,50,603.0,0.0,50,2.02,0.14142135623730948,50,202.9,48.52739600746475,50,0.3364842454394693,0.08047661029430307,50,12.059701492537311,0.8443066044018475,50,0.0,0.0,50,0.0,0.0,50,0.0,0.0,50,0.0,0.0
h5_k0p5,healthy_maneuver,cusum_fgo,follower,post,50,420.0,0.0,50,0.06,0.23989793748209523,50,121.66,81.37030747622569,50,0.2896666666666667,0.19373882732434689,50,0.5142857142857143,2.0562680355608163,50,0.0,0.0,50,0.0,0.0,50,0.0,0.0,50,0.0,0.0
h5_k0p5,healthy_maneuver,cusum_fgo,follower,pre,50,732.0,0.0,50,0.0,0.0,50,0.0,0.0,50,0.0,0.0,50,0.0,0.0,50,0.0,0.0,50,0.0,0.0,50,0.0,0.0,50,0.0,0.0
h5_k0p5,healthy_maneuver,cusum_fgo,leader,all,50,5265.0,0.0,50,0.32,0.47121207149916117,50,42.0,75.10754194581831,50,0.007977207977207978,0.01426544006568249,50,0.2188034188034188,0.32219628820455465,50,0.32,0.47121207149916117,50,42.0,75.10754194581831,50,0.007977207977207978,0.01426544006568249,50,0.2188034188034188,0.32219628820455465
h5_k0p5,healthy_maneuver,cusum_fgo,leader,maneuver,50,1809.0,0.0,50,0.32,0.47121207149916117,50,30.8,48.09514380000186,50,0.017025981205085684,0.026586591376452105,50,0.63681592039801,0.9377354656699726,50,0.32,0.47121207149916117,50,30.8,48.09514380000186,50,0.017025981205085684,0.026586591376452105,50,0.63681592039801,0.9377354656699726
h5_k0p5,healthy_maneuver,cusum_fgo,leader,post,50,1260.0,0.0,50,0.0,0.0,50,11.2,38.36665218650175,50,0.008888888888888889,0.030449723957541076,50,0.0,0.0,50,0.0,0.0,50,11.2,38.36665218650175,50,0.008888888888888889,0.030449723957541076,50,0.0,0.0
h5_k0p5,healthy_maneuver,cusum_fgo,leader,pre,50,2196.0,0.0,50,0.0,0.0,50,0.0,0.0,50,0.0,0.0,50,0.0,0.0,50,0.0,0.0,50,0.0,0.0,50,0.0,0.0,50,0.0,0.0
h5_k0p75,baseline_3f,cusum_fgo,follower,all,50,1755.0,0.0,50,0.0,0.0,50,0.0,0.0,50,0.0,0.0,50,0.0,0.0,50,0.0,0.0,50,0.0,0.0,50,0.0,0.0,50,0.0,0.0
h5_k0p75,baseline_3f,cusum_fgo,leader,all,50,5044.0,0.0,50,0.02,0.1414213562373095,50,96.98,136.35195904237634,50,0.01922680412371134,0.02703250575780657,50,0.014274385408406025,0.10093514719554206,50,0.4,0.8571428571428572,50,89.36,119.76622807684603,50,0.017716098334655036,0.023744295812221657,50,0.2854877081681205,0.6117593746459726
h5_k0p75,healthy_maneuver,cusum_fgo,follower,all,50,1755.0,0.0,50,0.58,0.5746338674605362,50,82.16,102.64568740505926,50,0.04681481481481481,0.058487571170973945,50,1.18974358974359,1.1787361383805872,50,0.0,0.0,50,0.0,0.0,50,0.0,0.0,50,0.0,0.0
h5_k0p75,healthy_maneuver,cusum_fgo,follower,maneuver,50,603.0,0.0,50,0.58,0.5746338674605362,50,56.88,59.11201404183106,50,0.09432835820895523,0.09802987403288733,50,3.4626865671641793,3.430649954988275,50,0.0,0.0,50,0.0,0.0,50,0.0,0.0,50,0.0,0.0
h5_k0p75,healthy_maneuver,cusum_fgo,follower,post,50,420.0,0.0,50,0.0,0.0,50,25.28,61.22259153519814,50,0.06019047619047619,0.14576807508380507,50,0.0,0.0,50,0.0,0.0,50,0.0,0.0,50,0.0,0.0,50,0.0,0.0
h5_k0p75,healthy_maneuver,cusum_fgo,follower,pre,50,732.0,0.0,50,0.0,0.0,50,0.0,0.0,50,0.0,0.0,50,0.0,0.0,50,0.0,0.0,50,0.0,0.0,50,0.0,0.0,50,0.0,0.0
h5_k0p75,healthy_maneuver,cusum_fgo,leader,all,50,5265.0,0.0,50,0.0,0.0,50,0.0,0.0,50,0.0,0.0,50,0.0,0.0,50,0.0,0.0,50,0.0,0.0,50,0.0,0.0,50,0.0,0.0
h5_k0p75,healthy_maneuver,cusum_fgo,leader,maneuver,50,1809.0,0.0,50,0.0,0.0,50,0.0,0.0,50,0.0,0.0,50,0.0,0.0,50,0.0,0.0,50,0.0,0.0,50,0.0,0.0,50,0.0,0.0
h5_k0p75,healthy_maneuver,cusum_fgo,leader,post,50,1260.0,0.0,50,0.0,0.0,50,0.0,0.0,50,0.0,0.0,50,0.0,0.0,50,0.0,0.0,50,0.0,0.0,50,0.0,0.0,50,0.0,0.0
h5_k0p75,healthy_maneuver,cusum_fgo,leader,pre,50,2196.0,0.0,50,0.0,0.0,50,0.0,0.0,50,0.0,0.0,50,0.0,0.0,50,0.0,0.0,50,0.0,0.0,50,0.0,0.0,50,0.0,0.0
h7_k0p25,baseline_3f,cusum_fgo,follower,all,50,1755.0,0.0,50,0.0,0.0,50,0.0,0.0,50,0.0,0.0,50,0.0,0.0,50,0.0,0.0,50,0.0,0.0,50,0.0,0.0,50,0.0,0.0
h7_k0p25,baseline_3f,cusum_fgo,leader,all,50,5044.0,0.0,50,0.5,0.762648446573665,50,161.76,189.95698331518136,50,0.03206978588421887,0.03765998876193127,50,0.3568596352101506,0.5443168928757324,50,1.28,1.807467503306824,50,143.6,163.3302651384736,50,0.028469468675654242,0.032381099353384936,50,0.9135606661379856,1.29002438776855
h7_k0p25,healthy_maneuver,cusum_fgo,follower,all,50,1755.0,0.0,50,2.6,0.8571428571428572,50,404.5,103.73558419641464,50,0.23048433048433048,0.059108594983712036,50,5.333333333333332,1.7582417582417584,50,0.0,0.0,50,0.0,0.0,50,0.0,0.0,50,0.0,0.0
h7_k0p25,healthy_maneuver,cusum_fgo,follower,maneuver,50,603.0,0.0,50,2.14,0.3505098327538656,50,254.88,27.435743110038043,50,0.4226865671641791,0.04549874479276624,50,12.776119402985072,2.092596016440989,50,0.0,0.0,50,0.0,0.0,50,0.0,0.0,50,0.0,0.0
h7_k0p25,healthy_maneuver,cusum_fgo,follower,post,50,420.0,0.0,50,0.46,0.8134080483135291,50,149.62,89.51020691997725,50,0.35623809523809513,0.21311954028566008,50,3.9428571428571435,6.972068985544536,50,0.0,0.0,50,0.0,0.0,50,0.0,0.0,50,0.0,0.0
h7_k0p25,healthy_maneuver,cusum_fgo,follower,pre,50,732.0,0.0,50,0.0,0.0,50,0.0,0.0,50,0.0,0.0,50,0.0,0.0,50,0.0,0.0,50,0.0,0.0,50,0.0,0.0,50,0.0,0.0
h7_k0p25,healthy_maneuver,cusum_fgo,leader,all,50,5265.0,0.0,50,3.3,1.0738068841694934,50,286.12,116.46995583516335,50,0.05434377967711302,0.02212154906650776,50,2.2564102564102564,0.7342269293466621,50,3.9,2.533449692995457,50,230.96,88.70265854332136,50,0.0438670465337132,0.016847608460269965,50,2.666666666666666,1.732273294355868
h7_k0p25,healthy_maneuver,cusum_fgo,leader,maneuver,50,1809.0,0.0,50,3.02,0.8687311883149013,50,203.62,58.28287458068413,50,0.11255942509673852,0.03221828335029526,50,6.00995024875622,1.7288182852037839,50,3.38,1.5634864233239658,50,160.76,33.21762502414792,50,0.08886677722498616,0.0183624240045041,50,6.726368159203981,3.1114157678088876
h7_k0p25,healthy_maneuver,cusum_fgo,leader,post,50,1260.0,0.0,50,0.28,0.4965184913423648,50,82.5,90.30701602232875,50,0.06547619047619048,0.07167223493835616,50,0.7999999999999998,1.418624260978185,50,0.52,2.0024474820497407,50,70.2,70.63906533229618,50,0.05571428571428571,0.05606275026372712,50,1.4857142857142855,5.721278520142116
h7_k0p25,healthy_maneuver,cusum_fgo,leader,pre,50,2196.0,0.0,50,0.0,0.0,50,0.0,0.0,50,0.0,0.0,50,0.0,0.0,50,0.0,0.0,50,0.0,0.0,50,0.0,0.0,50,0.0,0.0
h7_k0p5,baseline_3f,cusum_fgo,follower,all,50,1755.0,0.0,50,0.0,0.0,50,0.0,0.0,50,0.0,0.0,50,0.0,0.0,50,0.0,0.0,50,0.0,0.0,50,0.0,0.0,50,0.0,0.0
h7_k0p5,baseline_3f,cusum_fgo,leader,all,50,5044.0,0.0,50,0.06,0.3136356914300021,50,104.66,143.1884173288568,50,0.020749405233941313,0.028387870207941476,50,0.04282315622521807,0.22384783686518783,50,0.46,0.9304376850247875,50,96.82,127.27500195422893,50,0.019195083267248215,0.02523295042708742,50,0.32831086439333856,0.6640713057274454
h7_k0p5,healthy_maneuver,cusum_fgo,follower,all,50,1755.0,0.0,50,2.04,0.19794866372215741,50,313.92,93.04395274738249,50,0.17887179487179491,0.05301649729195583,50,4.184615384615386,0.40604854096852794,50,0.0,0.0,50,0.0,0.0,50,0.0,0.0,50,0.0,0.0
h7_k0p5,healthy_maneuver,cusum_fgo,follower,maneuver,50,603.0,0.0,50,2.0,0.20203050891044214,50,196.2,48.914335781015765,50,0.32537313432835824,0.08111830146105434,50,11.940298507462686,1.2061522920026395,50,0.0,0.0,50,0.0,0.0,50,0.0,0.0,50,0.0,0.0
h7_k0p5,healthy_maneuver,cusum_fgo,follower,post,50,420.0,0.0,50,0.04,0.19794866372215741,50,117.72,83.58962927570009,50,0.2802857142857143,0.19902292684690498,50,0.34285714285714286,1.6967028319042061,50,0.0,0.0,50,0.0,0.0,50,0.0,0.0,50,0.0,0.0
h7_k0p5,healthy_maneuver,cusum_fgo,follower,pre,50,732.0,0.0,50,0.0,0.0,50,0.0,0.0,50,0.0,0.0,50,0.0,0.0,50,0.0,0.0,50,0.0,0.0,50,0.0,0.0,50,0.0,0.0
h7_k0p5,healthy_maneuver,cusum_fgo,leader,all,50,5265.0,0.0,50,0.32,0.47121207149916117,50,40.3,73.23048601253888,50,0.00765432098765432,0.013908924218905773,50,0.2188034188034188,0.32219628820455465,50,0.32,0.47121207149916117,50,40.3,73.23048601253888,50,0.00765432098765432,0.013908924218905773,50,0.2188034188034188,0.32219628820455465
h7_k0p5,healthy_maneuver,cusum_fgo,leader,maneuver,50,1809.0,0.0,50,0.32,0.47121207149916117,50,29.1,45.749205412972664,50,0.016086235489220564,0.025289776347690807,50,0.63681592039801,0.9377354656699726,50,0.32,0.47121207149916117,50,29.1,45.749205412972664,50,0.016086235489220564,0.025289776347690807,50,0.63681592039801,0.9377354656699726
h7_k0p5,healthy_maneuver,cusum_fgo,leader,post,50,1260.0,0.0,50,0.0,0.0,50,11.2,38.36665218650175,50,0.008888888888888889,0.030449723957541076,50,0.0,0.0,50,0.0,0.0,50,11.2,38.36665218650175,50,0.008888888888888889,0.030449723957541076,50,0.0,0.0
h7_k0p5,healthy_maneuver,cusum_fgo,leader,pre,50,2196.0,0.0,50,0.0,0.0,50,0.0,0.0,50,0.0,0.0,50,0.0,0.0,50,0.0,0.0,50,0.0,0.0,50,0.0,0.0,50,0.0,0.0
h7_k0p75,baseline_3f,cusum_fgo,follower,all,50,1755.0,0.0,50,0.0,0.0,50,0.0,0.0,50,0.0,0.0,50,0.0,0.0,50,0.0,0.0,50,0.0,0.0,50,0.0,0.0,50,0.0,0.0
h7_k0p75,baseline_3f,cusum_fgo,leader,all,50,5044.0,0.0,50,0.02,0.1414213562373095,50,96.94,136.227961707648,50,0.019218873909595556,0.02700792262245202,50,0.014274385408406025,0.10093514719554206,50,0.4,0.8571428571428572,50,89.52,120.01891687631273,50,0.01774781919111816,0.02379439271933242,50,0.2854877081681205,0.6117593746459726
h7_k0p75,healthy_maneuver,cusum_fgo,follower,all,50,1755.0,0.0,50,0.56,0.5771145679064045,50,80.26,101.20333341287505,50,0.04573219373219373,0.057665717044373246,50,1.1487179487179489,1.1838247546798042,50,0.0,0.0,50,0.0,0.0,50,0.0,0.0,50,0.0,0.0
h7_k0p75,healthy_maneuver,cusum_fgo,follower,maneuver,50,603.0,0.0,50,0.56,0.5771145679064045,50,54.98,57.566816546921714,50,0.09117744610281925,0.0954673574575816,50,3.343283582089552,3.4454601069039072,50,0.0,0.0,50,0.0,0.0,50,0.0,0.0,50,0.0,0.0
h7_k0p75,healthy_maneuver,cusum_fgo,follower,post,50,420.0,0.0,50,0.0,0.0,50,25.28,61.22259153519814,50,0.06019047619047619,0.14576807508380507,50,0.0,0.0,50,0.0,0.0,50,0.0,0.0,50,0.0,0.0,50,0.0,0.0
h7_k0p75,healthy_maneuver,cusum_fgo,follower,pre,50,732.0,0.0,50,0.0,0.0,50,0.0,0.0,50,0.0,0.0,50,0.0,0.0,50,0.0,0.0,50,0.0,0.0,50,0.0,0.0,50,0.0,0.0
h7_k0p75,healthy_maneuver,cusum_fgo,leader,all,50,5265.0,0.0,50,0.0,0.0,50,0.0,0.0,50,0.0,0.0,50,0.0,0.0,50,0.0,0.0,50,0.0,0.0,50,0.0,0.0,50,0.0,0.0
h7_k0p75,healthy_maneuver,cusum_fgo,leader,maneuver,50,1809.0,0.0,50,0.0,0.0,50,0.0,0.0,50,0.0,0.0,50,0.0,0.0,50,0.0,0.0,50,0.0,0.0,50,0.0,0.0,50,0.0,0.0
h7_k0p75,healthy_maneuver,cusum_fgo,leader,post,50,1260.0,0.0,50,0.0,0.0,50,0.0,0.0,50,0.0,0.0,50,0.0,0.0,50,0.0,0.0,50,0.0,0.0,50,0.0,0.0,50,0.0,0.0
h7_k0p75,healthy_maneuver,cusum_fgo,leader,pre,50,2196.0,0.0,50,0.0,0.0,50,0.0,0.0,50,0.0,0.0,50,0.0,0.0,50,0.0,0.0,50,0.0,0.0,50,0.0,0.0,50,0.0,0.0
