Point,Scenario,Aggregation,Follower,MaximumDifference_N,MaximumDifference_Mean,MaximumDifference_SD,MeanDifference_N,MeanDifference_Mean,MeanDifference_SD,CDF95Difference_N,CDF95Difference_Mean,CDF95Difference_SD,RMSE3DDifference_N,RMSE3DDifference_Mean,RMSE3DDifference_SD
h3_k0p25,baseline_3f,follower,1,50,-0.06541928690759188,0.957546155649931,50,-0.0018787880328082695,0.05219919503937882,50,0.007301381191286888,0.23151861382953431,50,-0.006402898767242465,0.08515395481329793
h3_k0p25,baseline_3f,follower,2,50,-0.07951909490404131,0.6484848619630409,50,-0.006878597265567079,0.02856017926074491,50,-0.021839222114276215,0.13664712403621856,50,-0.0095698350466707,0.04484005664754204
h3_k0p25,baseline_3f,follower,3,50,-0.11379783009324715,0.33918435518432144,50,-0.006496131040493348,0.010170852728485393,50,-0.02576131880944978,0.04099305240310199,50,-0.010588401684819393,0.01472205544279427
h3_k0p25,baseline_3f,macro,0,50,-0.08624540396829351,0.4143780950933179,50,-0.005084505446289578,0.02490456186585079,50,-0.013433053244146414,0.11980439935686588,50,-0.008853711832910855,0.03935543009996312
h3_k0p25,baseline_3f,pooled,0,50,0.0715496499150949,1.0629438626610541,50,-0.005084505446289569,0.024904561865850803,50,-0.006205059367497268,0.1405690490469391,50,-0.006954568788122366,0.04687335605699412
h3_k0p25,healthy_maneuver,follower,1,50,0.03951777572573966,0.07828733694622686,50,0.007847484807495492,0.007942550665594862,50,0.017155740925958774,0.022054755094613895,50,0.008946026690039195,0.008690156594904876
h3_k0p25,healthy_maneuver,follower,2,50,0.18194706328853166,0.2733073435382498,50,0.040309791633047355,0.04167256524918516,50,0.12003348727292444,0.1510181468869329,50,0.049617427285178636,0.05190441776134172
h3_k0p25,healthy_maneuver,follower,3,50,0.09765248792905759,0.11547363370668844,50,0.014128939173681467,0.012529869605142675,50,0.031249869639624984,0.02864451507611172,50,0.016932363500163618,0.01386206672621886
h3_k0p25,healthy_maneuver,macro,0,50,0.10637244231444296,0.1165310433060861,50,0.020762071871408105,0.017506487585452753,50,0.056146365946169396,0.054778370717628214,50,0.025165272491793837,0.021148243919961833
h3_k0p25,healthy_maneuver,pooled,0,50,0.09914028758729934,0.15958071442686916,50,0.020762071871408102,0.017506487585452757,50,0.051714169050627826,0.06722882573523203,50,0.0249940255219472,0.022384771061019916
h3_k0p5,baseline_3f,follower,1,50,-0.1632926140779982,0.5840831143398934,50,-0.012104722150897872,0.02229043089715384,50,-0.04182362620758692,0.10136655177926229,50,-0.020566195845122252,0.04243654255438758
h3_k0p5,baseline_3f,follower,2,50,-0.2460741838971465,0.4033057492432302,50,-0.0154966062781579,0.024463511106791767,50,-0.06580269251778276,0.1300054356137795,50,-0.02340662462114702,0.039617167978965945
h3_k0p5,baseline_3f,follower,3,50,-0.16202108645388752,0.2208032736483988,50,-0.00795349355211849,0.00803916184885877,50,-0.028815076012512084,0.037875993829070365,50,-0.012721534799449508,0.012790842394048485
h3_k0p5,baseline_3f,macro,0,50,-0.1904626281430108,0.27816388020213867,50,-0.011851607327058113,0.01591044866041249,50,-0.04548046491262731,0.07913479720955555,50,-0.01889811842190624,0.026006598128237694
h3_k0p5,baseline_3f,pooled,0,50,-0.15300712963881924,0.5430856153338565,50,-0.011851607327058106,0.015910448660412458,50,-0.03974428002594896,0.07079318157652538,50,-0.018705580327374013,0.02751695780631307
h3_k0p5,healthy_maneuver,follower,1,50,0.00013970912359213993,0.0011090576785052241,50,-4.0817149361811465e-05,0.0002598204037955978,50,-4.404657901807774e-05,0.0006952285790626227,50,-4.001751703824219e-05,0.0002794628982927569
h3_k0p5,healthy_maneuver,follower,2,50,-0.0009450440013146366,0.008404319039851957,50,0.00011126383055291455,0.0008967914922324125,50,-0.0003476898794427674,0.003168898107493158,50,7.129570301430466e-05,0.0009266679809106684
h3_k0p5,healthy_maneuver,follower,3,50,0.004660597909942399,0.02611621712170571,50,0.00017547516018334486,0.000665079285191633,50,0.0003569034853452124,0.0016725398970119263,50,0.00022338701747218748,0.0007943494071074742
h3_k0p5,healthy_maneuver,macro,0,50,0.0012850876774066222,0.008278528773813873,50,8.197394712480932e-05,0.0004225339722967881,50,-1.1610991038546458e-05,0.0011781588530558767,50,8.488840114942553e-05,0.00046501604204848086
h3_k0p5,healthy_maneuver,pooled,0,50,0.00023544203920228935,0.0013367419789859594,50,8.197394712481377e-05,0.0004225339722967801,50,0.0001717906009988779,0.0011471984081040713,50,8.00455445712367e-05,0.00044970354307629333
h3_k0p75,baseline_3f,follower,1,50,-0.10283066255416007,0.5728726862071664,50,-0.008876080703527798,0.022588023178964124,50,-0.032391384299642854,0.10385999185771044,50,-0.0139942770576695,0.04128739508378623
h3_k0p75,baseline_3f,follower,2,50,-0.17824085576568868,0.3769349317386276,50,-0.013220517116125614,0.02437635728593593,50,-0.062471563942896664,0.15093618720748075,50,-0.02061092521899943,0.0399067397854759
h3_k0p75,baseline_3f,follower,3,50,-0.10394234847464955,0.18090303102254104,50,-0.005970472699390297,0.007219584915356368,50,-0.020853774472827866,0.02963085481250073,50,-0.009530374275823976,0.011283342513434859
h3_k0p75,baseline_3f,macro,0,50,-0.1283379555981661,0.2693358998635245,50,-0.009355690173014576,0.015928745389928566,50,-0.038572240905122526,0.08283575618461145,50,-0.014711858850830973,0.025708181382831406
h3_k0p75,baseline_3f,pooled,0,50,-0.10125058908725038,0.5227731055271915,50,-0.009355690173014549,0.0159287453899286,50,-0.034174012837785414,0.07164647667317917,50,-0.014611429398181908,0.027497666096819574
h3_k0p75,healthy_maneuver,follower,1,50,-0.0028481169637697423,0.016721254979830565,50,-0.001549925441093587,0.003417772187845138,50,-0.00524915226716733,0.012849470588850548,50,-0.0019140488272694411,0.004224294716654848
h3_k0p75,healthy_maneuver,follower,2,50,-0.03894666214047913,0.12421122731020341,50,-0.010592391939128431,0.02254102990646043,50,-0.026537600318063636,0.07005754930062874,50,-0.012027011980633844,0.026643660250650604
h3_k0p75,healthy_maneuver,follower,3,50,-0.028560356094330053,0.07926997229594622,50,-0.0047746439961538385,0.011004956345131415,50,-0.017757874718400648,0.039767694804970534,50,-0.006024839998403486,0.013743332103707779
h3_k0p75,healthy_maneuver,macro,0,50,-0.023451711732859645,0.05073044966975609,50,-0.005638987125458605,0.01063639979976481,50,-0.016514875767877215,0.03132757964396238,50,-0.00665530026876892,0.012561249282971556
h3_k0p75,healthy_maneuver,pooled,0,50,-0.021250090833109126,0.09878091501359382,50,-0.005638987125458615,0.010636399799764796,50,-0.01303353236709912,0.04029589192744943,50,-0.006837366526068338,0.014169920599528481
h5_k0p25,baseline_3f,follower,1,50,0.05884599988737626,0.8004372390614222,50,0.009969098977790516,0.0502877893413143,50,0.040572339886499866,0.22142171781370767,50,0.012825987346640626,0.07794991761254456
h5_k0p25,baseline_3f,follower,2,50,0.21689688641129343,1.0823767784205656,50,0.014030311433794422,0.0604957823354456,50,0.05566074579975588,0.2583510863579338,50,0.020818740704928534,0.09218009509704866
h5_k0p25,baseline_3f,follower,3,50,0.039749181877626064,0.3121279805322843,50,0.0025092137418643145,0.010982935104330543,50,0.010160280438900469,0.04042436715673587,50,0.0030290242777735866,0.01523751646316368
h5_k0p25,baseline_3f,macro,0,50,0.10516402272543189,0.49222298139846665,50,0.008836208051149734,0.03307608748987899,50,0.03546445537505206,0.14045863360386932,50,0.012224584109780928,0.04957410472849573
h5_k0p25,baseline_3f,pooled,0,50,0.2256591434326791,1.119357084955935,50,0.008836208051149739,0.03307608748987898,50,0.03313385335981553,0.15024256121290025,50,0.013949943747154255,0.05638042358341937
h5_k0p25,healthy_maneuver,follower,1,50,0.035398778248796496,0.07511950626201669,50,0.00877679291211144,0.0080555722179644,50,0.017836754387480214,0.021721970401163117,50,0.009807575594886191,0.00862730945832408
h5_k0p25,healthy_maneuver,follower,2,50,0.19928689510697978,0.28878564875510965,50,0.048413522095280506,0.04683815587012718,50,0.15046510773121147,0.17556870510701283,50,0.0605878417443002,0.05994287965784311
h5_k0p25,healthy_maneuver,follower,3,50,0.09562884453308765,0.12775183291585288,50,0.014480321090855548,0.013029689603205444,50,0.030442342464105394,0.029444307921781696,50,0.017218111936141877,0.014302275209777565
h5_k0p25,healthy_maneuver,macro,0,50,0.11010483929628795,0.1193501972017245,50,0.023890212032749165,0.018742509701019896,50,0.0662480681942657,0.06137354755465295,50,0.029204509758442788,0.023034873950036585
h5_k0p25,healthy_maneuver,pooled,0,50,0.10718476776986599,0.1792510965020182,50,0.023890212032749165,0.018742509701019875,50,0.06931538061447207,0.0934255183491186,50,0.029672709039684424,0.025783072312570793
h5_k0p5,baseline_3f,follower,1,50,0.0,0.0,50,0.0,0.0,50,0.0,0.0,50,0.0,0.0
h5_k0p5,baseline_3f,follower,2,50,0.0,0.0,50,0.0,0.0,50,0.0,0.0,50,0.0,0.0
h5_k0p5,baseline_3f,follower,3,50,0.0,0.0,50,0.0,0.0,50,0.0,0.0,50,0.0,0.0
h5_k0p5,baseline_3f,macro,0,50,0.0,0.0,50,0.0,0.0,50,0.0,0.0,50,0.0,0.0
h5_k0p5,baseline_3f,pooled,0,50,0.0,0.0,50,0.0,0.0,50,0.0,0.0,50,0.0,0.0
h5_k0p5,healthy_maneuver,follower,1,50,0.0,0.0,50,0.0,0.0,50,0.0,0.0,50,0.0,0.0
h5_k0p5,healthy_maneuver,follower,2,50,0.0,0.0,50,0.0,0.0,50,0.0,0.0,50,0.0,0.0
h5_k0p5,healthy_maneuver,follower,3,50,0.0,0.0,50,0.0,0.0,50,0.0,0.0,50,0.0,0.0
h5_k0p5,healthy_maneuver,macro,0,50,0.0,0.0,50,0.0,0.0,50,0.0,0.0,50,0.0,0.0
h5_k0p5,healthy_maneuver,pooled,0,50,0.0,0.0,50,0.0,0.0,50,0.0,0.0,50,0.0,0.0
h5_k0p75,baseline_3f,follower,1,50,-0.03472844291704419,0.2953764065165,50,-0.00042448903201239394,0.015645936696524167,50,-0.0013325450550727824,0.09540100477325772,50,-0.0006400911461952429,0.021655584088285527
h5_k0p75,baseline_3f,follower,2,50,0.054621794221647126,0.3077303136587365,50,0.0003241522936936181,0.022855276144261652,50,-0.010199840015810393,0.13940729133798507,50,0.0009199976875870997,0.03881900397183026
h5_k0p75,baseline_3f,follower,3,50,0.031069313175720238,0.09644084156117308,50,0.001488148557411576,0.003746122043902722,50,0.010469250683610131,0.01859617607146532,50,0.002577169659259464,0.005114541688510141
h5_k0p75,baseline_3f,macro,0,50,0.01698755482677444,0.1461826084823321,50,0.0004626039396975967,0.013391608711441962,50,-0.00035437812909103525,0.07651427586163818,50,0.0009523587335504357,0.019833732191837063
h5_k0p75,baseline_3f,pooled,0,50,-0.009798420814038629,0.29019180109583814,50,0.0004626039396975834,0.013391608711441998,50,-0.004510215850594421,0.07023556313702364,50,0.0002333081599937814,0.021608890781975653
h5_k0p75,healthy_maneuver,follower,1,50,-0.0028481169637697423,0.016721254979830565,50,-0.001549925441093587,0.003417772187845138,50,-0.00524915226716733,0.012849470588850548,50,-0.0019140488272694411,0.004224294716654848
h5_k0p75,healthy_maneuver,follower,2,50,-0.03894666214047913,0.12421122731020341,50,-0.010592391939128431,0.02254102990646043,50,-0.026537600318063636,0.07005754930062874,50,-0.012027011980633844,0.026643660250650604
h5_k0p75,healthy_maneuver,follower,3,50,-0.028560356094330053,0.07926997229594622,50,-0.0047746439961538385,0.011004956345131415,50,-0.017757874718400648,0.039767694804970534,50,-0.006024839998403486,0.013743332103707779
h5_k0p75,healthy_maneuver,macro,0,50,-0.023451711732859645,0.05073044966975609,50,-0.005638987125458605,0.01063639979976481,50,-0.016514875767877215,0.03132757964396238,50,-0.00665530026876892,0.012561249282971556
h5_k0p75,healthy_maneuver,pooled,0,50,-0.021250090833109126,0.09878091501359382,50,-0.005638987125458615,0.010636399799764796,50,-0.01303353236709912,0.04029589192744943,50,-0.006837366526068338,0.014169920599528481
h7_k0p25,baseline_3f,follower,1,50,0.1874890825976539,0.9940629619204261,50,0.02686042765974826,0.07117660211412759,50,0.11402738705727333,0.35770098940343914,50,0.039953842720963514,0.11212086779554357
h7_k0p25,baseline_3f,follower,2,50,0.4892850253063284,1.1484960457650828,50,0.030440673048589398,0.06305236318569657,50,0.12865914613971818,0.2674990327060027,50,0.05026232189253996,0.09897588931251743
h7_k0p25,baseline_3f,follower,3,50,0.3142180484421661,0.6061357106809092,50,0.014234543020750744,0.01669551262129059,50,0.05004137200842362,0.049700669964965374,50,0.02436732529531806,0.03165918127419755
h7_k0p25,baseline_3f,macro,0,50,0.33033071878204945,0.5882707971711422,50,0.023845214576362798,0.03982028807539261,50,0.09757596840180502,0.1878473373144141,50,0.038194496636273834,0.06234185583552446
h7_k0p25,baseline_3f,pooled,0,50,0.4600648243607134,1.265798963518969,50,0.02384521457636278,0.039820288075392576,50,0.08786448976086181,0.18480731693043984,50,0.03915382909639229,0.07004839126885157
h7_k0p25,healthy_maneuver,follower,1,50,0.046919115648401004,0.12490163105664008,50,0.009977544630968085,0.009850991205317362,50,0.021509526554981576,0.03154394572482846,50,0.011403825773429792,0.011846506339109896
h7_k0p25,healthy_maneuver,follower,2,50,0.19982706377610515,0.28746950401745475,50,0.04927184498193924,0.04823945303943774,50,0.15174907844107133,0.17586162527119378,50,0.06163815317181804,0.06196811916388811
h7_k0p25,healthy_maneuver,follower,3,50,0.12808859740146414,0.24257342908912286,50,0.01502915627475143,0.01758140114469068,50,0.04211199537481291,0.08998374765789245,50,0.019154575335066513,0.025371282284129507
h7_k0p25,healthy_maneuver,macro,0,50,0.12494492560865682,0.18077514242451062,50,0.02475951529588622,0.020680150186300594,50,0.07179020012362197,0.07375932094709087,50,0.03073218476010481,0.02660857392390438
h7_k0p25,healthy_maneuver,pooled,0,50,0.11431047816290826,0.20776476632762347,50,0.024759515295886266,0.020680150186300626,50,0.0729320143157887,0.09970717572078189,50,0.031143051861935316,0.029032411380742605
h7_k0p5,baseline_3f,follower,1,50,-0.014402807741378414,0.4653934589236938,50,0.009058293778310971,0.014792388588529866,50,0.05011817034144551,0.11523167325366467,50,0.013113451241684256,0.030887004855526097
h7_k0p5,baseline_3f,follower,2,50,0.32627248749714477,0.4003148776867617,50,0.015517652529616422,0.011198359631443071,50,0.06775478479020106,0.07077410035565938,50,0.027795907333976046,0.024578901556202595
h7_k0p5,baseline_3f,follower,3,50,0.23852432416277405,0.2667704987325833,50,0.010800023128185654,0.00595112063016533,50,0.04398750839314505,0.03061857507827575,50,0.02023511452071115,0.02163694151659188
h7_k0p5,baseline_3f,macro,0,50,0.18346466797284675,0.2304244173387661,50,0.01179198981203768,0.0074946507991365055,50,0.05395348784159717,0.050322956884403094,50,0.02038149103212382,0.017738323066234105
h7_k0p5,baseline_3f,pooled,0,50,0.10052325476712111,0.5297773222507517,50,0.011791989812037655,0.007494650799136509,50,0.03874657657982102,0.033988258226739766,50,0.018712253928843146,0.01718972819689818
h7_k0p5,healthy_maneuver,follower,1,50,0.00025947254717929803,0.0010563006542576928,50,-6.69223231131566e-05,0.00022677531766823086,50,-5.542759290479537e-05,0.0006893626455481921,50,-6.167331436426337e-05,0.00018642342869491224
h7_k0p5,healthy_maneuver,follower,2,50,-0.0020593016770623198,0.015100389697568321,50,-0.00028677040806072805,0.0007984859013746615,50,-0.0006360909229763045,0.00350836844102457,50,-0.00028396872512196134,0.000962618649197853
h7_k0p5,healthy_maneuver,follower,3,50,-0.000321319298309084,0.0040751372858185,50,-9.038415680608258e-05,0.00041139232732345595,50,-0.00011583317317303222,0.001109987899086682,50,-8.133482401791126e-05,0.00045165318896763916
h7_k0p5,healthy_maneuver,macro,0,50,-0.0007070494760640545,0.005026002473006455,50,-0.00014802562932665132,0.00039415872579482553,50,-0.0002691172296847011,0.0011710218239304184,50,-0.00014232562116805124,0.00043377709441775496
h7_k0p5,healthy_maneuver,pooled,0,50,0.0002528076219557196,0.0010747106344001177,50,-0.0001480256293266491,0.00039415872579481783,50,-0.00014990229782941623,0.0012552776673674206,50,-0.0001318074268775016,0.00039827367445622697
h7_k0p75,baseline_3f,follower,1,50,0.0939119308359944,0.6183690102067559,50,0.013367281801019912,0.022895078439370598,50,0.05654722259182623,0.1462500486172956,50,0.02250243654889799,0.04283948748518924
h7_k0p75,baseline_3f,follower,2,50,0.3747792257776048,0.4923820382540099,50,0.019030000731082672,0.026321314078587378,50,0.0727178083413267,0.1635918105008982,50,0.03325316217649921,0.0519435660312789
h7_k0p75,baseline_3f,follower,3,50,0.32620287994404895,0.512273395629961,50,0.015389160345223911,0.013544685787734843,50,0.0648528473165554,0.05051105465477711,50,0.03155076924830266,0.06087911185272283
h7_k0p75,baseline_3f,macro,0,50,0.26496467885254943,0.3603389860887893,50,0.015928814292442146,0.016411931882963377,50,0.06470595941656941,0.09040473110123134,50,0.02910212265789995,0.03785755603595285
h7_k0p75,baseline_3f,pooled,0,50,0.22545168232970128,0.7015310223738329,50,0.01592881429244216,0.01641193188296338,50,0.050111643936306044,0.08526851874974965,50,0.02651724208360686,0.037057374742203386
h7_k0p75,healthy_maneuver,follower,1,50,-0.0028481169637697423,0.016721254979830565,50,-0.001549925441093587,0.003417772187845138,50,-0.00524915226716733,0.012849470588850548,50,-0.0019140488272694411,0.004224294716654848
h7_k0p75,healthy_maneuver,follower,2,50,-0.03894666214047913,0.12421122731020341,50,-0.010592391939128431,0.02254102990646043,50,-0.026537600318063636,0.07005754930062874,50,-0.012027011980633844,0.026643660250650604
h7_k0p75,healthy_maneuver,follower,3,50,-0.028560356094330053,0.07926997229594622,50,-0.0047746439961538385,0.011004956345131415,50,-0.017757874718400648,0.039767694804970534,50,-0.006024839998403486,0.013743332103707779
h7_k0p75,healthy_maneuver,macro,0,50,-0.023451711732859645,0.05073044966975609,50,-0.005638987125458605,0.01063639979976481,50,-0.016514875767877215,0.03132757964396238,50,-0.00665530026876892,0.012561249282971556
h7_k0p75,healthy_maneuver,pooled,0,50,-0.021250090833109126,0.09878091501359382,50,-0.005638987125458615,0.010636399799764796,50,-0.01303353236709912,0.04029589192744943,50,-0.006837366526068338,0.014169920599528481
